{"type":"FeatureCollection","features":[{"type":"Feature","geometry":{"type":"GeometryCollection","geometries":[{"type":"LineString","coordinates":[[2.4560773124651756,20.0943503173777],[2.4588151796580378,20.09285651768527]]},{"type":"LineString","coordinates":[[2.0454521086851436,31.65913590358344],[2.0478421758006724,31.66145905923848]]},{"type":"Polygon","coordinates":[[[-5.682290453058489,25.520407386268044],[-4.678830772958636,24.89852392161091],[-4.087887601996623,24.5233992460152],[-2.1406245954161593,23.285852663228184],[0.02120020505147552,21.877189474857207],[1.1557231650931654,21.124215330803384],[1.1669735168930064,21.080248640097413],[1.170554137140917,21.046943602921406],[1.1824733377122343,21.023613563714356],[1.1926088948636695,20.963504931598003],[1.1877217019567639,20.954867588121363],[1.1932242141479474,20.93620185357502],[1.186557858217412,20.867237365372038],[1.1644719392169913,20.790326792425066],[1.1666658296920365,20.734360595011193],[1.1789729625628578,20.723997683736858],[1.2362768708359613,20.724028872940742],[1.2517231782602187,20.732554647576936],[1.2791377593876179,20.732804417140276],[1.291997747687055,20.725973049846658],[1.3138607660014683,20.73147114140318],[1.3285579444856008,20.723359978154942],[1.3403076457669525,20.70544337187491],[1.3407223912848583,20.697697908700253],[1.3507776472906148,20.69302921122382],[1.3548042309953179,20.669449477615196],[1.3706920060387255,20.665529912230276],[1.3870836424201531,20.651118107169264],[1.4035020229326205,20.65703087932954],[1.4139987759712347,20.653699967177158],[1.4169997668937737,20.648781504595114],[1.4549154598241705,20.642922296329647],[1.4961131022430747,20.620426121298216],[1.5254451085348362,20.613898005939852],[1.5342518131187033,20.615868955956103],[1.5478877203821384,20.608480199187714],[1.5580545347527126,20.609202561258382],[1.559084517391918,20.60564865354759],[1.5711375181115312,20.605867160881147],[1.5823877945908384,20.597814006020336],[1.6023333580904646,20.592788612121183],[1.6062216951021286,20.588953752735424],[1.606306450127519,20.57934439094847],[1.6174987592662002,20.571068375754336],[1.6294447275968118,20.57039949156698],[1.6331947783213554,20.564094309135914],[1.6391655198979027,20.562208102597637],[1.655494788664728,20.54196826212832],[1.6621923626036026,20.538985139360033],[1.6679713356897408,20.52554090519702],[1.66012334192187,20.51323381417406],[1.6668877519402143,20.511267342203137],[1.6606093853962625,20.494353960136735],[1.6655010296227646,20.495379572199813],[1.6768628159677705,20.485515979466243],[1.6760557048302747,20.477409367678717],[1.6711105310047834,20.47371277487133],[1.6673604544203886,20.44853667141681],[1.6770813153850115,20.43613150226337],[1.6692957196849159,20.42141645416037],[1.6662768859495138,20.416747790904328],[1.6705576508160827,20.40832895162267],[1.671471708356168,20.39813545120941],[1.6858612763005203,20.3943585958845],[1.691056072288624,20.38775025209856],[1.6985563464550717,20.38583277450667],[1.6984983378206353,20.37913967698311],[1.7089148000539989,20.37577753351849],[1.718889805419269,20.36419276057098],[1.7341132154455314,20.35866794235491],[1.7390850931735238,20.349696293209426],[1.7544823871795807,20.35109637230561],[1.758334993207137,20.339056823565542],[1.776220450442716,20.33311288562213],[1.7732774860459712,20.318197150371763],[1.783555688206942,20.30972937095009],[1.7863872558317389,20.302782084538507],[1.7915820864949399,20.300588194403677],[1.7996931581426425,20.290144974599926],[1.8260286645026436,20.2845086762251],[1.8461124637770467,20.29253504553291],[1.8606089448238379,20.289507345853487],[1.8690545008466093,20.291759171218548],[1.8766661981795987,20.28681397881635],[1.8841128636937783,20.288450464300492],[1.8863067304453178,20.27817669684539],[1.8930578266070412,20.27187158213909],[1.8967499729259787,20.26098243555879],[1.8936107719578399,20.2525101711453],[1.9002236297789683,20.250146809802025],[1.8957779136954767,20.243400199733895],[1.9078620318179182,20.22851130594974],[1.9176943524588954,20.225149082809992],[1.9230006899494425,20.217929789932416],[1.9433876877390153,20.239177462632096],[1.9514185372632635,20.255149936624793],[1.9706105485964247,20.254374095099834],[2.0006961053321013,20.236207646177647],[2.0155849910040184,20.233371648300956],[2.0231387644457115,20.23792886110413],[2.0205569318821097,20.247984199954782],[2.0296668730774408,20.25209102782066],[2.0420809905204163,20.26437134043493],[2.061442409918144,20.25145335242885],[2.073861036045171,20.242040185392852],[2.0777761081086465,20.245206125519534],[2.085057851071949,20.237179735009814],[2.0986937486461565,20.24173254014929],[2.1223046741625837,20.232065200121035],[2.1322484738634366,20.23540061446924],[2.140930370422577,20.25366501306357],[2.172389331784719,20.25401286966372],[2.176304390406881,20.25709409359137],[2.176166191956579,20.26381399676805],[2.1913048544692972,20.27117592591],[2.1911933137269046,20.296062184259224],[2.196584415197218,20.30886873511387],[2.209694170571357,20.311642250895947],[2.2331668720590123,20.29736871621517],[2.2464148460959428,20.29242355701524],[2.2599705016553617,20.292062366686817],[2.2672522500217167,20.28033942954931],[2.2787790226696454,20.27159061195254],[2.2898598563135097,20.270507057245],[2.3051100055250484,20.275563732615456],[2.308026259139406,20.252536945799758],[2.3030276295857526,20.247315313185155],[2.3072503831093067,20.23609616416872],[2.304111141983933,20.227039805570865],[2.3072503831093067,20.22273675746044],[2.3137516963429503,20.222567283103274],[2.319191856291703,20.21356880144981],[2.318692380000288,20.201127964131043],[2.327668593884741,20.192958879276464],[2.33280544691885,20.1786273330649],[2.345834967812777,20.176130219968922],[2.360081799029387,20.157183491318207],[2.359502143133325,20.15066876136626],[2.371140337911877,20.14335132603547],[2.3884996750605976,20.144657864549025],[2.403526837755376,20.116855396882723],[2.3891372570694043,20.099161695392798],[2.3785558114311,20.095135059349428],[2.3733074658475792,20.080803546955273],[2.3786673615062845,20.06063951159946],[2.4365643095496985,20.095500778633827],[2.4560773124651756,20.0943503173777],[2.439895257361675,20.205172372678604],[2.4043740628641954,20.302300493543008],[2.334814313212516,20.453441735753184],[2.3133370448038915,20.495874499490842],[2.2640550667534076,20.56922673346647],[2.2214929488692183,20.623266523328958],[2.2078079727857225,20.679308525262012],[2.2083475001481565,20.7391897750955],[2.21946402404323,20.801817913126836],[2.224623245700894,20.861926558010886],[2.1923437643509898,20.95504155920604],[2.1566487049385463,21.089991724468746],[2.054450556328928,21.287521013217805],[1.9659953456737294,21.393768027374925],[1.9327126579230782,21.420986354388237],[1.875952734155584,21.458639046812138],[1.8303628701491912,21.49468635672947],[1.8020520448304964,21.529302353288273],[1.7621430693342166,21.70098225337379],[1.74320083787016,21.804411086420146],[1.7396112250801474,21.812263536711228],[1.7033007803813194,21.82309473334383],[1.596590020265722,21.831531360472496],[1.4688992310270013,21.822840555893706],[1.3826958964797431,21.80445564950955],[1.3968758198944182,23.998458243331886],[1.4068909951112718,23.995751598397888],[1.4101505545190842,24.97611618267099],[1.3993774032942647,24.993881185269874],[1.3985122925252749,25.52735025047586],[1.0269889452196148,26.001731732809652],[0.9083768761459245,26.237769738577477],[1.1656491594081662,26.469692021415174],[1.2387382756661725,26.54669179249981],[1.2639767731119325,26.589262877334775],[1.2743352904566991,26.628057031812382],[1.2943298563274603,26.641746498418613],[1.352761935989667,26.65950260021302],[1.3553883716933068,26.666779865994794],[1.363949849889043,26.668385138441188],[1.3771799723044253,26.66156275756149],[1.3999704828595503,26.668090842405835],[1.4364503603141372,26.654396950025237],[1.4367624566469932,26.636917251951104],[1.4769211765196246,26.62854755416414],[1.4920107367866844,26.64573288374021],[1.5147388278710048,26.644528975299544],[1.512250630807687,26.614733273957327],[1.5229123318718776,26.61306996329555],[1.5358348117400389,26.631807153850154],[1.5727606340142397,26.636043317421095],[1.6094322873964366,26.65729538209924],[1.6233401855334462,26.67815054226329],[1.6237771636018328,26.842660224147238],[1.6460236384232596,27.03198022901879],[1.757737474182467,27.27853287686305],[1.676987672642785,27.387584644205656],[1.6754804452790144,27.631171963518863],[1.7577062762483695,27.755620971695354],[1.7763988745916484,27.939839865360245],[1.7897627662811517,28.004759877316975],[1.7948951772108408,28.15053682918303],[1.9358875318634161,28.34751758636222],[1.985606500395021,28.48497390371276],[1.9966070619503282,28.73090665681699],[2.0229291484297005,28.9001161279538],[2.05689188550401,29.03259164539683],[2.0739948048242614,29.09132238298769],[1.952799794188941,29.696733446306734],[1.8878050055448323,30.022021559493833],[1.9846121029122785,30.382999127261765],[1.9883711141459603,30.38451967247303],[2.009511742943179,30.54195720619775],[2.022848889296697,31.00219438640431],[2.0454521086851436,31.65913590358344],[1.0847432453133448,31.143913538321943],[0.5001528462809232,30.785595801916603],[0.3696772991048548,30.703149181683514],[-0.016454088151217013,30.317249733383427],[-0.1904571495311342,30.047380406186576],[-0.6437693016729256,29.75990216379779],[-0.6805881367000413,29.661266846999045],[-0.7085155072987965,29.55333880430165],[-0.6577040275440845,29.28757191658179],[-0.6828890363867984,29.180535694060136],[-0.8968277464271037,29.00935077516673],[-0.9384980478100075,28.982765583536597],[-1.206186288468859,28.9658143237082],[-1.4368695121882185,28.95481151950956],[-2.018826776889688,28.8003973010809],[-2.3134529482909225,28.426144930378143],[-2.595977131951604,28.224651578849244],[-2.6180274393141807,28.1914222889649],[-2.6361001322337154,28.157671356088997],[-2.652402649823866,28.132865438830127],[-2.651546474463466,28.101696296286658],[-2.6671354916196863,28.074651883456653],[-2.725424837638269,28.004750995972465],[-2.764000512013958,27.952494777475366],[-2.822918638119667,27.898066999746572],[-2.8478138010911103,27.85939316442667],[-2.8995081974930663,27.804617634302986],[-2.919337759020787,27.777751497624564],[-2.9268380274418107,27.768124280541358],[-2.9199308151108405,27.76113244256374],[-2.9176834435710766,27.7484106749193],[-2.94067458850751,27.711480364969145],[-2.9557017747722605,27.656218692794354],[-2.9616413067028002,27.646078678723875],[-2.981412928988413,27.578064070431818],[-3.015168309129144,27.48065497420447],[-3.0216786116764136,27.44369791752836],[-3.032215455283572,27.41613621523063],[-3.0372854891276564,27.38628700757137],[-3.0582298557259096,27.34984279915792],[-3.0028210738701944,27.29860775628386],[-3.0130190692609093,27.246124119844442],[-3.0352120245562184,27.160460278407157],[-3.0572666718569943,27.107290026911727],[-3.070429966302712,27.06288182478236],[-3.078001539892937,27.054061706237288],[-3.1021252658519436,26.998536977058784],[-3.091106795353059,26.991429150431983],[-3.1289690382993305,26.892477228387925],[-3.1331115695944494,26.868295541538505],[-3.2039800622136823,26.824640955057788],[-3.3540733511411585,26.823343345325224],[-3.4364953813887684,26.828507038869162],[-3.4614039527586904,26.827650897829518],[-3.4966264174736237,26.835851121092716],[-3.549943837335826,26.832301660833007],[-3.577692844433736,26.821309992825025],[-3.6329767776300326,26.806644028384863],[-3.66153733450324,26.785102153334158],[-3.7015755786016187,26.772099383188383],[-3.7715701089771065,26.713435430788785],[-3.8087144463296374,26.683586202136944],[-3.8256901836673416,26.650352562963644],[-3.853390172489046,26.61849667988052],[-4.047196047377815,26.355967104543076],[-4.070445774261198,26.337002589192352],[-4.112249875582221,26.271917583942948],[-4.151387416058819,26.207461288608],[-4.15979280264111,26.17336245420161],[-4.179033805560105,26.100019213478543],[-4.22123921515061,26.021467637161983],[-4.8359709277509895,26.00281080739435],[-5.131894674775444,25.71559116372201],[-5.682290453058489,25.520407386268044]]]}]},"id":"000000000000000008c8","properties":{"ADM1_CODE":341,"ADM1_NAME":"Adrar"}},{"type":"Feature","geometry":{"type":"GeometryCollection","geometries":[{"type":"LineString","coordinates":[[1.9899184023000216,35.94302551386231],[1.9905561208471516,35.94050161858626]]},{"type":"LineString","coordinates":[[2.363390473297002,35.9394269798102],[2.3662442693742447,35.94027866032806]]},{"type":"LineString","coordinates":[[2.3718226377507254,35.95300491947226],[2.371162629224676,35.94979444681351]]},{"type":"LineString","coordinates":[[2.588396683602503,36.16047354188088],[2.5933150526102375,36.15775352756173]]},{"type":"Polygon","coordinates":[[[2.59361380814136,36.13981451875635],[2.5975423041672365,36.14097389200825],[2.595285981629092,36.143207886083715],[2.59361380814136,36.13981451875635]]]},{"type":"Polygon","coordinates":[[[1.5307514069351027,36.386590097497646],[1.5285263553292727,36.371179452076326],[1.5333287629281411,36.36687643608468],[1.5327535570052633,36.358912511088896],[1.5340466727156392,36.35317809664189],[1.53251724005548,36.34802336450208],[1.5375827477422959,36.34911134295394],[1.5353665791831705,36.3447592460022],[1.5376496306926808,36.341776167745564],[1.5498988019417228,36.323846108985194],[1.5627053278079046,36.31089245248609],[1.5686047069152675,36.30206786781142],[1.5810188747492744,36.2972519832794],[1.5897185890175856,36.29856749605749],[1.5902447596134037,36.29215080841132],[1.5970270234643553,36.2931808947161],[1.6020836318372587,36.28830706121142],[1.5943203391193306,36.28710759886041],[1.5895982018520727,36.2739353777987],[1.5800378571052485,36.26596248477259],[1.57934669732865,36.256736634332526],[1.5551917859181232,36.25324514553547],[1.5450517417069374,36.244594515403456],[1.5631244614695174,36.23485133049367],[1.5706916064955148,36.24355553743323],[1.5806577132512558,36.2446480080614],[1.5796721912918301,36.24046533673655],[1.5846485607016425,36.2371388999515],[1.5891879113048917,36.242864324651165],[1.5934998939762763,36.23834284919794],[1.5989399729388802,36.239716204717425],[1.6061860166172457,36.230717801819814],[1.6092003605081542,36.23249692915122],[1.6048393604513556,36.24304272029844],[1.6233669180081691,36.23876196322839],[1.6195901017724412,36.220867591502056],[1.63221383221344,36.22223659559287],[1.6332929185978522,36.21473636312902],[1.6264972497131034,36.20584938849505],[1.6097087061975324,36.199664575000654],[1.6000503485034243,36.18827155812757],[1.5829809031340536,36.191589185560936],[1.5689614776942435,36.18826265844788],[1.5692067223426875,36.17875144800958],[1.579297651519886,36.17640148380587],[1.5785485077803116,36.17267814329441],[1.5857856470782612,36.16855341130187],[1.5836140446091662,36.16013462742631],[1.5745798983651447,36.164138900465055],[1.5677797967594214,36.161851452624965],[1.5687028481673442,36.153940950203186],[1.5766311379636821,36.157494885401725],[1.5778127661896877,36.15456973929089],[1.568693899332515,36.14844286676886],[1.5874310684463677,36.134691058543645],[1.5818616460163772,36.12740933669852],[1.5963759976232044,36.12598242766713],[1.6031984553594456,36.12122008522299],[1.6143952145846332,36.12774819094886],[1.6228318273565017,36.12247757946054],[1.6393439007679091,36.128145045415486],[1.625328949109629,36.09628925457393],[1.6289319279783978,36.083112581087455],[1.6517446561537148,36.05497566076128],[1.654964117063289,36.042829090555756],[1.657291828415505,36.03950709496849],[1.6709143756011335,36.03686723817801],[1.6582817180022833,36.025349377682176],[1.6601188950717165,36.0223707056286],[1.6792037901629497,36.02511753668009],[1.688657130389343,36.01417042384673],[1.7027879960057137,36.009644469290265],[1.7070509226669288,35.99039003850447],[1.7164506624590414,35.993020959849055],[1.7197905573838739,35.98803563801209],[1.7151174181179314,35.97795359414375],[1.7034881054654791,35.96976226093199],[1.7142166887345418,35.95360250555933],[1.7164908103260714,35.951484379511356],[1.6996800379507915,35.938994464913925],[1.7076127262633773,35.93239947702323],[1.7073229201731326,35.92031082886104],[1.7166022746539822,35.92930485155894],[1.7332391900015025,35.92437305527475],[1.7322448431376032,35.92087709777871],[1.778900382087123,35.91520518832319],[1.788032646176965,35.916458173665326],[1.7949843901418507,35.90688892620093],[1.8030330370927303,35.910500769159285],[1.8104752555896715,35.90866367320979],[1.8143814428307496,35.90287573666125],[1.8225415972344898,35.899950539785],[1.8164014235773787,35.88465587030592],[1.8270185264430356,35.87399414796534],[1.8279906290697037,35.86545500053877],[1.832382843345718,35.868032324151564],[1.8373191033084206,35.863158505485124],[1.857336002028332,35.86688632649162],[1.8570728966004786,35.87398970611157],[1.8650546852837215,35.8662888025381],[1.8716229654321668,35.87009243568788],[1.8753329035178194,35.89146937102576],[1.881606838583811,35.90013337167873],[1.9003038906278171,35.904967073442315],[1.9087940328876427,35.92138097462439],[1.9261087259038203,35.92865827585337],[1.9351651291866283,35.93952507312857],[1.9367971525168672,35.9428158832427],[1.9396019091313759,35.94275798563962],[1.946468958252344,35.95043206910271],[1.977508759979055,35.95788767082441],[1.9849688529528222,35.966957521984554],[1.9838005781839831,35.97279892222712],[1.9910599548462902,35.97940727309115],[1.9943820270347543,35.97276321689352],[1.9917867792533706,35.96325195771106],[1.9874659595244852,35.95631809063063],[1.9925894139261782,35.94640550033769],[1.9899184023000216,35.94302551386231],[1.9982792162211296,35.94542894521704],[2.0186439316682354,35.93562786854072],[2.033733542714572,35.94061314707186],[2.0360701322566204,35.94593729798237],[2.0503214282030786,35.95052569952027],[2.055395887152642,35.94769862021507],[2.0659862173368033,35.952483276038734],[2.0746324564721115,35.96159322313962],[2.0968922957000165,35.95926106506452],[2.108035578601296,35.955903401879624],[2.114171294585586,35.957606768942796],[2.1138145578392478,35.964210720375476],[2.1188444037985774,35.96761297602539],[2.1291226440945863,35.96363991863119],[2.125698099914882,35.95331264979301],[2.1320166210284732,35.95273744632289],[2.132649780615764,35.94281143189623],[2.1366763811922906,35.94194191204054],[2.136163559138673,35.935989033872076],[2.1373407735367405,35.933375977193485],[2.152474993223562,35.933960159835415],[2.158820294523462,35.930330447231114],[2.1745118177215295,35.93313520410932],[2.1980782274867385,35.92887233555887],[2.205119136614669,35.91897757446628],[2.2134442883253183,35.918759023568875],[2.2128422613218484,35.90949304391506],[2.227882807058499,35.899544780337386],[2.237768624968247,35.88572605602397],[2.2530366445325307,35.88815622618765],[2.2596806713938067,35.88382650636492],[2.268991249333819,35.88864678055202],[2.2902165594627504,35.873949582282236],[2.2971594099979273,35.88158353590449],[2.3152901444840017,35.88189564834523],[2.3170470054543637,35.89743122148972],[2.346704457505405,35.90298275693847],[2.353317321343699,35.90756671003798],[2.348425722648417,35.91415728589925],[2.3626234424690233,35.922865884869886],[2.3595065852014447,35.92996921935638],[2.363390473297002,35.9394269798102],[2.3575579139946807,35.94458175255201],[2.353567022756888,35.943034415286036],[2.3451750337916044,35.94796172803826],[2.3471861011121873,35.95690670052427],[2.3498570987606477,35.954498798970725],[2.357482100974602,35.95707169366818],[2.362632402507407,35.95352220739829],[2.3718226377507254,35.95300491947226],[2.374239461865951,35.956612346451614],[2.3786182523241926,35.95420445636805],[2.3828365618058,35.95672385740427],[2.387251130942971,35.9542668800072],[2.3901941123218,35.95558236159563],[2.394421325299277,35.94434542516771],[2.4058901691702195,35.94950013083137],[2.4263440027115175,35.94749349739434],[2.441491582394553,35.953566792288065],[2.4433778289993424,35.963194014184836],[2.458632358360142,35.97843521827032],[2.4487108468275536,35.990300908525825],[2.4563225949381753,36.002960260918485],[2.452679481264017,36.00399031005579],[2.4599745989904753,36.01980671632712],[2.452050747432484,36.025135396991914],[2.46039820253782,36.04558925538599],[2.4577271659642737,36.06108468098284],[2.4707656319911795,36.059519539458464],[2.4764464727650664,36.05504701542283],[2.5013416357528735,36.05320098577153],[2.5147992484927566,36.0692492684453],[2.5191647054467765,36.066145702217796],[2.526936879853006,36.069998407288274],[2.5340580617593598,36.08373690920962],[2.566395442470015,36.098741787127906],[2.567661859407985,36.10083751316649],[2.571412002501296,36.0968421797246],[2.5871347702883,36.094278227552344],[2.5872105839950272,36.106371304911086],[2.5918881960443536,36.110839313371464],[2.590996357266719,36.126771704997026],[2.6035888651055537,36.13473119712497],[2.59361380814136,36.13981451875635],[2.586193918863363,36.14150457574971],[2.591919372119796,36.149896566934274],[2.577467418159131,36.14873724261532],[2.580035841608203,36.159653049928835],[2.588396683602503,36.16047354188088],[2.5906931541413925,36.16371532073589],[2.5724821229156207,36.16475875255805],[2.5494910114242386,36.17716396735257],[2.549326050444147,36.183339841514304],[2.545326191106023,36.17705694595258],[2.52995568941783,36.18067332142607],[2.5269413381363193,36.177877459720904],[2.519485724537471,36.197082779151756],[2.5192181958818,36.20539451916036],[2.5105452437008697,36.203673309768874],[2.5073569988010562,36.207231716567286],[2.510349073684518,36.21015242241636],[2.5070537383737763,36.22310162872239],[2.511508430174156,36.2224149478088],[2.5176129053697784,36.229803657141254],[2.52348554189315,36.23095414406414],[2.5101617422941436,36.23490933397964],[2.503343774534331,36.240353880331746],[2.4944211428868157,36.23628270626732],[2.4897747354973476,36.23931935544696],[2.495277293908971,36.248719165874746],[2.5067951188506212,36.25072130820151],[2.520792262752531,36.27398886681226],[2.5215324719867924,36.282010780683315],[2.5195972393397703,36.28894028597367],[2.5281453170538906,36.29340831475216],[2.52706171194832,36.29959748284123],[2.5184289160420676,36.30584918494892],[2.520422124803574,36.31262703857242],[2.547488914720802,36.31781289497716],[2.567318497801354,36.31660894189745],[2.584802613469705,36.310593630768224],[2.6144868746752152,36.3326483553824],[2.627739348448828,36.33992564143547],[2.6134345615962213,36.34588300513522],[2.6101214448752317,36.34932095796235],[2.602099478736149,36.34582949555668],[2.591152386199472,36.34479495329114],[2.589453499950868,36.34668564906811],[2.580044768398347,36.34594541868608],[2.5814404704514797,36.35007451265778],[2.5767762405778813,36.348072390910886],[2.5753315106959294,36.351104580199646],[2.5675325312798236,36.349731195444825],[2.565213837446419,36.35752120297257],[2.563452451791522,36.36141848585329],[2.55674601979172,36.36016546992634],[2.5542042900085287,36.36423217652993],[2.5685937888952197,36.37178592050623],[2.56851800558385,36.37665966181092],[2.574011633163642,36.37723046231434],[2.5600011133720675,36.383901244922136],[2.5319979881466366,36.3874417625971],[2.5281274834589493,36.38422680025021],[2.5143221132758535,36.390536435449874],[2.516783537192099,36.39288192147827],[2.5098139726469166,36.39300226976785],[2.508462802136691,36.415859666855766],[2.4929540640942918,36.413286782770754],[2.476178967081141,36.41683618984984],[2.450610440707356,36.424291810135955],[2.4309056610464523,36.42349366745789],[2.4156555869679637,36.42974086527251],[2.3881919995281864,36.42636532465319],[2.376486798940547,36.425794551287424],[2.370315416367878,36.429343973046876],[2.3520732761155125,36.42574099982398],[2.34213387594193,36.420809278899476],[2.3328812941779717,36.42642773378359],[2.3308078049885816,36.424363134828646],[2.3038168186906836,36.42585252477184],[2.3039818771245955,36.423163639816174],[2.299874995270796,36.4251702274541],[2.283122188729366,36.41703684371613],[2.2614866190882177,36.419355554272435],[2.25516360062612,36.41812929899493],[2.2525193426877608,36.422369934699134],[2.2566618290772706,36.42678444869045],[2.245353588727045,36.43245641159584],[2.2374119588666734,36.4367549713659],[2.22566217205045,36.43371831265828],[2.2267457886687114,36.43022241313439],[2.2170025804094076,36.42919235051245],[2.212788753201969,36.43589888960429],[2.1832427526479923,36.43813732761171],[2.1745520084795733,36.44409466846255],[2.1597433193167492,36.44272575196157],[2.1572774147593963,36.44541459491798],[2.1397353047374725,36.44066120230617],[2.1302641669722924,36.45000747383556],[2.099086146541858,36.43843608125833],[2.0823689439175257,36.42594612930332],[2.0727239427803252,36.42748901355924],[2.0681087589951357,36.4246262542825],[2.0680641752326587,36.420786975292685],[2.0526223204635574,36.42038562857176],[2.0377288944341756,36.42858592309875],[2.030326837044704,36.42864392602144],[2.0294082715173754,36.42176352674752],[2.022804276042333,36.41855744250835],[2.007861875971348,36.41959189115338],[1.9823914767966695,36.41295230539298],[1.9564751487568328,36.42034552476833],[1.9524262917380808,36.43191691199519],[1.9065912207529918,36.43536372816941],[1.8942439740630634,36.43284435522728],[1.8615230447403641,36.4365141804001],[1.819255275542598,36.43302719264156],[1.8138285267125134,36.42970073909118],[1.8118709890155527,36.43669259181984],[1.7977624231593552,36.44116062789795],[1.7959341474148496,36.444446931803014],[1.7877606648868802,36.437905416829025],[1.781491143892794,36.438507442722525],[1.7806661858576782,36.424492457760444],[1.7833817686234739,36.41805352772168],[1.780001771519806,36.39945018150607],[1.7582636826995086,36.396810379302714],[1.7503443363741105,36.389608916657636],[1.7382512101365797,36.38511414389189],[1.73614210897299,36.37911666093483],[1.715112965628229,36.365810675328774],[1.7115412510768864,36.35901945136143],[1.7041658951720062,36.36330018831576],[1.6953769644507588,36.38430706742264],[1.6983289115110305,36.400475779432334],[1.6860574251738778,36.408800914658066],[1.6857899361740623,36.4233063518522],[1.6810588348558992,36.426967247158125],[1.6734649840593905,36.42543783573068],[1.668109583889824,36.43997001759412],[1.6705620987379672,36.4436531946718],[1.657537056870416,36.44403226668624],[1.6530868471665554,36.45287467552154],[1.643767359475757,36.46003598412854],[1.6398923821068006,36.45900146688952],[1.6349695592895235,36.44994948966835],[1.6263233652431872,36.45097956294691],[1.6279553740780852,36.445708886697716],[1.6238975721639346,36.444277466568586],[1.6203169308808603,36.43156011824976],[1.6132537455633824,36.423596226262475],[1.6081792455933086,36.428639411617205],[1.5915691308163031,36.41924409125025],[1.5815227452288447,36.42107676195298],[1.5772197288616647,36.41305483746481],[1.5616975898523988,36.40537629910643],[1.5532609670050606,36.405554660717875],[1.5503269035443066,36.400056578548046],[1.544133189712016,36.399766746559706],[1.5409181538473804,36.39518276970138],[1.5368648526731463,36.396502717501185],[1.5307514069351027,36.386590097497646]]]}]},"id":"000000000000000008c9","properties":{"ADM1_CODE":342,"ADM1_NAME":"Ain-Defla"}},{"type":"Feature","geometry":{"type":"GeometryCollection","geometries":[{"type":"Point","coordinates":[-1.4815050840146347,35.30194946960996]},{"type":"Point","coordinates":[-1.1241839579741646,35.728373303640396]},{"type":"LineString","coordinates":[[-1.0709155221028834,35.637608310898464],[-1.0671119459578275,35.63883003771861]]},{"type":"LineString","coordinates":[[-1.0714907445561064,35.63993147729056],[-1.0709155221028834,35.637608310898464],[-1.070028218763641,35.6352806613991]]},{"type":"LineString","coordinates":[[-1.1375702030632966,35.721903158606025],[-1.134760961877947,35.7208285176542]]},{"type":"LineString","coordinates":[[-1.202650785525704,35.54535397900146],[-1.2003453941068272,35.54300400897438]]},{"type":"LineString","coordinates":[[-1.123818332812405,35.730678639615114],[-1.1187527499744592,35.731628452189625]]},{"type":"LineString","coordinates":[[-1.1993509982050907,35.55236813101832],[-1.197411323396486,35.554780515001916]]},{"type":"LineString","coordinates":[[-1.532347799091638,35.17345600738975],[-1.5357278035965558,35.172996711807656]]},{"type":"LineString","coordinates":[[-1.3054954631430613,35.19319647747643],[-1.3049291377285392,35.19067255749406]]},{"type":"LineString","coordinates":[[-1.070264514410153,35.1263500525321],[-1.0726545894631137,35.124691298178604]]},{"type":"LineString","coordinates":[[-0.8980004901313517,35.19274603534652],[-0.8946517129367195,35.19090444646974]]},{"type":"LineString","coordinates":[[-1.0125369905049475,35.4549055311708],[-1.0094468435962871,35.45542275785131]]},{"type":"LineString","coordinates":[[-1.146501738173613,35.58766632065179],[-1.1462877074337632,35.59023477311876]]},{"type":"LineString","coordinates":[[-1.1688195412312437,35.57464577649849],[-1.1636024145862467,35.575854168493024]]},{"type":"LineString","coordinates":[[-1.3922071812035053,35.303617176321104],[-1.3938659386753687,35.30625694736645],[-1.3901202925874223,35.306484355372184],[-1.3894023706599186,35.30907959635132]]},{"type":"Polygon","coordinates":[[[-1.4808897593941706,35.32602858742041],[-1.4821962922659324,35.321600672313906],[-1.4809967781528914,35.31951828341118],[-1.4773537151799836,35.31846594243699],[-1.4808897593941706,35.32602858742041]]]},{"type":"Polygon","coordinates":[[[-1.134760961877947,35.7208285176542],[-1.1301948397590638,35.720757155636],[-1.1296330027363835,35.724476012769045],[-1.1254949218568868,35.726339949491454],[-1.1340118141195292,35.72595648924106],[-1.1328301440299517,35.7225987218371],[-1.134760961877947,35.7208285176542]]]},{"type":"Polygon","coordinates":[[[-1.5877521101449301,35.2391430536159],[-1.5780312829398961,35.22614915560877],[-1.5505364834190545,35.215286853087306],[-1.5506702158736971,35.20508443022718],[-1.55918714730896,35.19368251615096],[-1.559744517810179,35.17998855885046],[-1.5351748831747594,35.179471283353934],[-1.532347799091638,35.17345600738975],[-1.5148056751865484,35.168176409244126],[-1.507639867671884,35.15563299031622],[-1.4897366133166567,35.155686474703856],[-1.4754852917550025,35.15602983080549],[-1.4626654251678062,35.1676547409429],[-1.4594191779834955,35.16593795372202],[-1.4511475436024965,35.17482050774947],[-1.455441674333014,35.1761358892234],[-1.43656626258317,35.191435067657714],[-1.4334984240908417,35.19750394838804],[-1.4274429471805772,35.19550179955288],[-1.427362673280931,35.20644440665123],[-1.421490042260338,35.21022574478589],[-1.4242369003512383,35.2166424196563],[-1.419010813917073,35.21418094366359],[-1.4165538385036747,35.21704368565951],[-1.4021866302698818,35.21010982422833],[-1.396652850225692,35.2124597273442],[-1.386026871693338,35.211197849649714],[-1.378990407502578,35.215037092668915],[-1.3681012787734332,35.21429242064378],[-1.3593524701790698,35.201454678317305],[-1.3489226529575569,35.20614564694677],[-1.3326068302386938,35.20414349344454],[-1.3081040393216983,35.19909582009035],[-1.3054954631430613,35.19319647747643],[-1.3042826319940168,35.201963004796916],[-1.28752530720593,35.20590936391845],[-1.2841854121413576,35.2040231112938],[-1.274790077646141,35.20797385736799],[-1.2493197343308162,35.207340732577954],[-1.258781915447137,35.20287269500763],[-1.2479909330576442,35.18717216901871],[-1.241917577747156,35.18631156598643],[-1.2358755541709636,35.17972107316111],[-1.221860572746004,35.186253614470694],[-1.222921818464754,35.1904317604599],[-1.2189844804120913,35.191925593541406],[-1.1984547204570333,35.171810587389345],[-1.1839047176723942,35.17587730977628],[-1.171508430082657,35.16722659461834],[-1.1712096479573213,35.15897285786948],[-1.159856780068459,35.15913780793368],[-1.1509697619674901,35.16126037627747],[-1.1309127373980155,35.15781791797037],[-1.1336952201616135,35.14996542185774],[-1.1194305694192395,35.14790536336792],[-1.1174774871285436,35.142518736515555],[-1.0983568245057564,35.13546892343839],[-1.0952354674822522,35.13850557999458],[-1.092114125877487,35.13541096375117],[-1.0798738919369235,35.1366104430444],[-1.070264514410153,35.1263500525321],[-1.0595894339032446,35.12870000117005],[-1.0574891623866554,35.12565891375062],[-1.0537836970183314,35.12801326528346],[-1.0485977281384808,35.12222093843748],[-1.0465866937401809,35.10262759970009],[-1.044317037888645,35.10005029243034],[-1.0487672059024424,35.09689765625596],[-1.0405267888893817,35.09288893488788],[-1.0257181107743059,35.09752199015186],[-1.01933269798024,35.09271056609579],[-1.0135670666137182,35.09723659230205],[-1.0098838583412382,35.09569369927774],[-0.9916862042233977,35.11213441490412],[-0.969912479094246,35.11533603782394],[-0.965529139387661,35.12560088868553],[-0.9655870977334545,35.14370489308261],[-0.9549476804811783,35.14885510918087],[-0.9577614196903249,35.15069674534617],[-0.9499311840790381,35.16335166738881],[-0.9595361045999149,35.171899781431286],[-0.9500070478990235,35.17573016902817],[-0.9411735359201722,35.175498276667305],[-0.939751109242848,35.18008219966902],[-0.9203450859000214,35.18713209211168],[-0.9044528197832581,35.1886704446805],[-0.8980004901313517,35.19274603534652],[-0.898945885938199,35.20528955979276],[-0.8893766281614722,35.20649794692131],[-0.8881726970066904,35.21273622474833],[-0.8954276016177869,35.230447727395386],[-0.9051039033211563,35.23743959927311],[-0.907806112683426,35.259552297084156],[-0.9099508850140107,35.26626329598634],[-0.905050398189626,35.26941138262967],[-0.8849888721543476,35.25680547569241],[-0.8837313748290478,35.26138504616429],[-0.8788263922161133,35.26080982410351],[-0.8802042880282849,35.273246257813405],[-0.8771096165749058,35.28161590955193],[-0.8681735687589324,35.288086128685805],[-0.8687087221982007,35.2937581084894],[-0.8433631250979587,35.30865147714904],[-0.839965337987492,35.314274402442415],[-0.835604334748729,35.31730659822195],[-0.8175182054224921,35.300000789315554],[-0.8074317362758092,35.29971102225987],[-0.8044797646847511,35.29438233135598],[-0.7641918430880256,35.30704175867208],[-0.751996204956605,35.32383026963186],[-0.7551487388225526,35.34073469368043],[-0.7426231697544486,35.34428419450006],[-0.7327016139495118,35.34078825433919],[-0.6966943741509503,35.346228331889165],[-0.6850338233608853,35.352243618958475],[-0.6786840683748965,35.34777117872992],[-0.664802920653695,35.35739837704698],[-0.6446076630949061,35.36409596115127],[-0.6285014037370438,35.36019865333102],[-0.6175543138178368,35.36610255068685],[-0.6048770794197468,35.389762510788536],[-0.6234670853780843,35.39756147815579],[-0.613104101203296,35.41520171283362],[-0.597421432432456,35.41944674589996],[-0.5999853892316548,35.42523025580111],[-0.5865412032034597,35.42609527905753],[-0.5927394154183498,35.45812051993459],[-0.6056707656573525,35.46402440412101],[-0.6095769228672249,35.482074801946226],[-0.6039941725727549,35.49250910119474],[-0.6091488926157694,35.49644651658561],[-0.6186422959451624,35.49382009538818],[-0.6285459407766335,35.522527827049565],[-0.6208718409536734,35.536395591408485],[-0.6239263543894759,35.54038204685444],[-0.6484513597606782,35.52963114483867],[-0.6870627302817689,35.52592117207693],[-0.6949821081775093,35.5248911205524],[-0.7536014513339945,35.51698518151442],[-0.8095275122221676,35.49738736801126],[-0.8209249418634442,35.488134784631974],[-0.8563302056889889,35.47471735863124],[-0.8704343816690489,35.47601490367385],[-0.8776179707674119,35.479234399386044],[-0.8841327103918964,35.47682198320578],[-0.890576155811351,35.484398058531845],[-0.9003593986231462,35.4831584152171],[-0.9001765563313184,35.48720282007977],[-0.911351090325526,35.479765037359854],[-0.9185881895816523,35.481758235564286],[-0.9205189882182656,35.47895789939646],[-0.9146597316918711,35.47707169534083],[-0.9281752817195904,35.47415101700173],[-0.9369596592672123,35.47295153773804],[-0.946756325161647,35.476732823733904],[-0.9383509527557088,35.48114287176955],[-0.9543145355615543,35.491001932825675],[-0.957779204791356,35.497931424039514],[-0.9826476086815857,35.495871339142],[-0.9868526081569644,35.4903731907777],[-0.9648334998107099,35.47828014747415],[-0.9666216132812828,35.47472626141469],[-1.005513919375641,35.47306747727526],[-1.0076810242506453,35.4702627071316],[-1.011279519450943,35.46619595810483],[-1.0014160265675398,35.46332874886915],[-0.9988698436997377,35.450491029445615],[-1.009816933772103,35.44894819654067],[-1.0125369905049475,35.4549055311708],[-1.0130052037280644,35.4632217681249],[-1.0231986799923554,35.47061046753004],[-1.016906944022612,35.485869513285245],[-1.0212099795020055,35.49795366871426],[-1.018735133599697,35.509703399591736],[-0.9912403367892652,35.510269699071955],[-0.9765609966008982,35.52020463485761],[-0.9702825785449667,35.53837096437756],[-0.9624390208499725,35.54148347252222],[-0.9593265380683175,35.56006007001474],[-0.9670942621396335,35.57042300974056],[-1.0072217747376284,35.55948039843309],[-1.0019689023487623,35.56452361856397],[-0.9977417108570572,35.58750135978114],[-1.0123898493023862,35.59202739154197],[-1.018855507159964,35.60079841709106],[-1.0290579497323404,35.60830303700528],[-1.0371244576943697,35.61816214056174],[-1.0454719376306851,35.618848827000534],[-1.045975805714335,35.6224027821043],[-1.0525886755885294,35.623432762885386],[-1.0403796209111662,35.63575778135306],[-1.046033731215287,35.64125586535057],[-1.0671119459578275,35.63883003771861],[-1.070028218763641,35.6352806613991],[-1.0682489916585576,35.63088392804594],[-1.0785584465734377,35.633876035212595],[-1.0826919980354994,35.63214586967958],[-1.0849438717534825,35.630125953941864],[-1.0928498672900648,35.628449317102195],[-1.110441049316362,35.61639630924334],[-1.1092326148886393,35.614322837546005],[-1.1181195772269683,35.61112121348184],[-1.1209912865069853,35.60936881446043],[-1.1272384734427547,35.604584147459036],[-1.1250847151832066,35.60249288422864],[-1.146501738173613,35.58766632065179],[-1.1492753040513104,35.58347032367207],[-1.1554690252720117,35.57393229499224],[-1.1636737632708556,35.57277292526623],[-1.1636024145862467,35.575854168493024],[-1.1664963829239814,35.573071720277675],[-1.1688195412312437,35.57464577649849],[-1.1723244136467263,35.57958203441719],[-1.175151502088113,35.579626571408895],[-1.1786295729880834,35.57890868083357],[-1.1830128752045643,35.57974255815486],[-1.1976432115975468,35.57251428543096],[-1.1961895144883838,35.56709647801109],[-1.1920336814184347,35.56318146453439],[-1.197411323396486,35.554780515001916],[-1.1963768229691487,35.5516814327911],[-1.1969297361070865,35.54809186503635],[-1.2007199758227884,35.5473783532332],[-1.2003453941068272,35.54300400897438],[-1.2061154537577503,35.5379518635477],[-1.2052414688831246,35.52791888178142],[-1.2124161789988628,35.52314319916305],[-1.2097764308037298,35.521823283198906],[-1.2143558894967974,35.51366758750104],[-1.2147483456365955,35.51020285125896],[-1.219194042865531,35.50808473763426],[-1.2154930029526407,35.504950019904854],[-1.2204693377208382,35.49294609407516],[-1.2263955010363499,35.480701475139504],[-1.239099477808298,35.436012313003275],[-1.2416812610532961,35.43493323373772],[-1.2480622789942806,35.415754669594165],[-1.250443409087409,35.41450610278351],[-1.2499038828968447,35.41038585890124],[-1.253431041583317,35.40709507656344],[-1.258443010219349,35.39278132607248],[-1.2727299868172082,35.37037439378713],[-1.2756150530061916,35.367333244774166],[-1.2889388236072408,35.354749659664925],[-1.307680425974626,35.34902862897039],[-1.317124786716613,35.34736092967876],[-1.325869124609128,35.349024176981445],[-1.3280986790137226,35.34751255794258],[-1.339268740087333,35.33790319690435],[-1.3511878599091018,35.32239441583519],[-1.3659162809690302,35.31488532112438],[-1.3685962386868755,35.31427890310599],[-1.3720341760724648,35.31471144102211],[-1.3742904603012236,35.31165694776649],[-1.386900859704632,35.30579764270421],[-1.3901202925874223,35.306484355372184],[-1.3922071812035053,35.303617176321104],[-1.4218467670534352,35.30021037724925],[-1.428695947296013,35.30261386649502],[-1.4421267717603057,35.30509760802922],[-1.4445793246795726,35.3079558589634],[-1.4630756130585905,35.3079380151093],[-1.4741208142542914,35.29763308093581],[-1.480434895758122,35.29846686463086],[-1.4869006433960956,35.290128360819786],[-1.500318054995379,35.28613749119707],[-1.5048172583498935,35.281763081749915],[-1.5079253071196654,35.282164379238424],[-1.511144737995603,35.276666355707434],[-1.5336454102826371,35.27091407057789],[-1.5546566544151028,35.269750257065745],[-1.5611401940204017,35.2574966620337],[-1.57328681925084,35.247744604488084],[-1.5786867658737014,35.23933027031701],[-1.5837166590903815,35.23836268913416],[-1.585241626406069,35.24081960997544],[-1.5877521101449301,35.2391430536159]]]}]},"id":"000000000000000008ca","properties":{"ADM1_CODE":343,"ADM1_NAME":"Ain-Temouchent"}},{"type":"Feature","geometry":{"type":"GeometryCollection","geometries":[{"type":"LineString","coordinates":[[3.0666263578791604,36.77108055980173],[3.068994157140909,36.76644753253828],[3.081885408184958,36.762692978593236]]},{"type":"LineString","coordinates":[[3.069636230057465,36.777225205395666],[3.0666263578791604,36.77108055980173],[3.0639375203780146,36.772168562800424]]},{"type":"LineString","coordinates":[[3.07561143434053,36.75587945500575],[3.073792100931713,36.76147567490854]]},{"type":"LineString","coordinates":[[3.0610658731099742,36.76942174976086],[3.0640400878337917,36.767754037564735]]},{"type":"LineString","coordinates":[[3.065845983390536,36.785215884105796],[3.0689183319515903,36.785291695689416],[3.068204877795813,36.78304881137397],[3.0785678159416263,36.77710480591287]]},{"type":"LineString","coordinates":[[2.895807096503712,36.80282046411759],[2.894357931228207,36.8047913868251]]},{"type":"LineString","coordinates":[[2.8191194882739334,36.66505202259834],[2.8161720534256744,36.66490938108157]]},{"type":"Polygon","coordinates":[[[3.0668760650976545,36.787632770918655],[3.0689183319515903,36.785291695689416],[3.06946676783911,36.78858695409979],[3.0668760650976545,36.787632770918655]]]},{"type":"Polygon","coordinates":[[[2.8020188062309543,36.65524650181599],[2.8043375550273906,36.65176837449878],[2.8126314815466444,36.65114408658256],[2.8139335430123653,36.647090759750945],[2.8881553052539815,36.634587496072456],[2.8812169294274175,36.62284219817294],[2.891290062731261,36.62158024063364],[2.909982576875994,36.60507717322987],[2.9156590407146266,36.60696335771568],[2.9248447854910404,36.600033869042186],[2.929642805921014,36.60622314127445],[2.945740127747564,36.59991795669504],[2.945191655879494,36.61257731986107],[2.955666086733799,36.613549452372325],[2.9600538563187375,36.60363684967744],[2.959005931531357,36.59573534559215],[2.962055966730291,36.59194958106383],[2.9710945725242155,36.59974407402657],[2.9788757221438464,36.597902461685884],[2.985149669599383,36.59182918868477],[2.989381342048562,36.59343439960617],[2.9938137207305067,36.58426649500723],[2.9996194511452723,36.591945127830364],[3.0111462168926333,36.592569331869804],[3.010677996134357,36.598473194357766],[3.032442910582107,36.606267683191234],[3.0292635222662856,36.61113704154705],[3.036549740791838,36.620474452493376],[3.0462973333695182,36.620875751737394],[3.0471266704273403,36.62425576605844],[3.0660600691985955,36.62500037122817],[3.0586668253719713,36.59056280949277],[3.0608562420734837,36.583396971152695],[3.0919540337038254,36.59405424452846],[3.092930605421515,36.59944087712398],[3.106245457434804,36.58803447217085],[3.113866105818206,36.58556856565614],[3.118762164764743,36.591356453486995],[3.124911268651524,36.587918498108266],[3.1216561459931906,36.59496833331115],[3.1280371209048417,36.59691256421057],[3.125165409753798,36.60384644095808],[3.1346499359845805,36.608198527095716],[3.126989204011734,36.62372958067172],[3.136433595922726,36.62602157382525],[3.1449906114126964,36.63794074946385],[3.1522321425324824,36.6383420545397],[3.1487987059796576,36.65514842718072],[3.177880918557335,36.6431444732709],[3.182406875596666,36.65381063022619],[3.2049253956750814,36.65861313109149],[3.209924018122631,36.67455883379174],[3.2172725997946947,36.666924853382504],[3.260962894967087,36.696600171083965],[3.2541493606067373,36.70955389948522],[3.2575115800627605,36.717861210893275],[3.2734885411045638,36.70158549347103],[3.317499812193892,36.71601961446739],[3.317419603755576,36.72125453477909],[3.383530179137582,36.72918726976489],[3.3860897440725637,36.73720919811772],[3.380239405958593,36.739447731032094],[3.382870268336248,36.76866816591926],[3.351081300686501,36.76071314097721],[3.3608690874019334,36.78195628799199],[3.310788877840031,36.790214582661],[3.2988964999631256,36.79325123162959],[3.2610832994226557,36.80702536441617],[3.2542385963172342,36.81300054547564],[3.2269712060449036,36.81358918831035],[3.2233682405211144,36.811060827484],[3.2289821882909893,36.80649472934054],[3.2360187092959714,36.802187244004955],[3.2364378018755176,36.79721982044269],[3.235501444791064,36.794374930322775],[3.2359740697053816,36.790731808143775],[3.2254729351300213,36.77113854928549],[3.2053757251695676,36.75661076992458],[3.2023525035887213,36.75514372802229],[3.16044587368329,36.7423683982599],[3.1352876004571506,36.74182882363787],[3.1322999649611587,36.74448203577636],[3.1122028546549227,36.74371059295795],[3.0776046842669045,36.7537659066475],[3.07561143434053,36.75587945500575],[3.0718033657308923,36.757453581797336],[3.073792100931713,36.76147567490854],[3.0701223002305027,36.760780073358845],[3.0666174152204033,36.76405749936192],[3.0640400878337917,36.767754037564735],[3.0600759610340584,36.76682207953265],[3.0610658731099742,36.76942174976086],[3.0639375203780146,36.772168562800424],[3.0626800550030753,36.77442486947967],[3.065520461665538,36.77672578880629],[3.062153859850075,36.778090235412876],[3.064971994251653,36.77949044202602],[3.0638929624529587,36.781804692638765],[3.065845983390536,36.785215884105796],[3.0668760650976545,36.787632770918655],[3.049414202037479,36.79955640110928],[3.040063514179937,36.80940655185621],[3.032206519016117,36.810329588378146],[3.0299502792177466,36.81238518830566],[3.0270607269799994,36.8122202541359],[3.008876537803679,36.8207638630529],[2.999606094006295,36.81588113564942],[2.9931894494832734,36.81561358725062],[2.99087071169097,36.81424909442291],[2.9853235655354062,36.81325474960748],[2.980258027335837,36.814057370479325],[2.9692574544071397,36.8155690131334],[2.9666533131521153,36.81424461728337],[2.952192426043538,36.81380323122545],[2.9378296752606836,36.80711899309581],[2.933571236375735,36.80642782005314],[2.8987099771008054,36.804412309947644],[2.895807096503712,36.80282046411759],[2.897434680249309,36.79915056271524],[2.9006497216217757,36.79865565290498],[2.8910938154422063,36.77927639318023],[2.865137450756631,36.761680779160514],[2.8566249759729807,36.76018249560149],[2.8498115003890234,36.76047682261525],[2.847956534582316,36.76268406298602],[2.848741272126517,36.76484674179564],[2.840086215619324,36.761529158387724],[2.845990030552516,36.74868251545108],[2.834864580351305,36.727492849634345],[2.8329248604434816,36.72586523416011],[2.808127838916251,36.70219193627087],[2.8111377207705885,36.68574226201121],[2.8064066241960663,36.679254265589385],[2.8236276762157844,36.670166609364145],[2.8269541527537454,36.668900266342945],[2.824929736312235,36.66352256856533],[2.8191194882739334,36.66505202259834],[2.818521987536871,36.66001328106288],[2.808863566731078,36.66176565893006],[2.8020188062309543,36.65524650181599]],[[3.255990963931603,36.722957973118305],[3.243880055369181,36.72100037911679],[3.2440762868738213,36.71842750542638],[3.2575115800627605,36.717861210893275],[3.255990963931603,36.722957973118305]]]}]},"id":"000000000000000008cb","properties":{"ADM1_CODE":344,"ADM1_NAME":"Alger"}},{"type":"Feature","geometry":{"type":"GeometryCollection","geometries":[{"type":"Point","coordinates":[7.284534652064087,37.078223400717334]},{"type":"Point","coordinates":[7.297269863073911,37.08225890650751]},{"type":"LineString","coordinates":[[7.681969824050673,36.973871593738494],[7.679762556219685,36.97191848320851]]},{"type":"LineString","coordinates":[[7.329647328820243,37.08497453886243],[7.332831129587703,37.08470699595174]]},{"type":"LineString","coordinates":[[7.763914710356663,36.87675234888144],[7.767820924854549,36.87775120306692]]},{"type":"LineString","coordinates":[[7.774772648831726,36.90050149292935],[7.778906278211338,36.901781293526106]]},{"type":"LineString","coordinates":[[7.776302144790796,36.90756468365322],[7.780952947948682,36.906686299336776],[7.781800194838969,36.90320816074893]]},{"type":"LineString","coordinates":[[7.793487531747491,36.966460515821936],[7.789826571330279,36.96667455949768],[7.790513261733118,36.9691627638658]]},{"type":"LineString","coordinates":[[7.703583071521547,36.96154212046405],[7.702316763028459,36.963562100716935]]},{"type":"Polygon","coordinates":[[[7.2858634646925795,37.076185638075934],[7.287901280559666,37.07107553060189],[7.285515655471794,37.06919377800225],[7.309808789491233,37.06264782410514],[7.313112997957728,37.05525461397023],[7.325812546518212,37.04975655761266],[7.330137825468553,37.046314101745224],[7.315498605825338,37.03439939612972],[7.319574268130431,37.0186364339927],[7.32709232121521,37.01325433118749],[7.323868336977486,36.996925104367456],[7.342253218731597,36.989875310246184],[7.354560346283628,36.965519653737566],[7.352348679015441,36.96368698208956],[7.357035194203325,36.9612790671899],[7.352321891848528,36.95492038104268],[7.355568078668025,36.94723734807784],[7.3514702302778385,36.94150742098524],[7.332947064277171,36.946037855196415],[7.331413149798665,36.950621783152116],[7.321835042343323,36.9477010714307],[7.331297217725067,36.92867853607437],[7.330155705221746,36.92151723329955],[7.373328736911212,36.90512556306949],[7.3831610551990225,36.89555189124247],[7.386246752633411,36.87497761512524],[7.379348490113727,36.86569825340049],[7.380485550094381,36.84792873250992],[7.374684268757578,36.83721791651253],[7.385265696832897,36.82311830348012],[7.38221566565051,36.82025550190928],[7.393309912635692,36.80587492662995],[7.390357988996542,36.78237989320243],[7.405608107173879,36.766166638189944],[7.40657130770154,36.74885641071064],[7.397853752372526,36.72674372460856],[7.38727680629564,36.72341721216943],[7.383803168935814,36.71832043531978],[7.35211229293396,36.71620242842954],[7.340848639825607,36.70772121472301],[7.342962194324678,36.67339505299548],[7.335832146626398,36.67294469016909],[7.337432908010279,36.66324166798578],[7.370416920327316,36.657752534955364],[7.392342280548623,36.66622929498857],[7.404060844691813,36.66416472769045],[7.4111463860203735,36.639581637163374],[7.42300752599937,36.62950409522642],[7.4283227743598745,36.64748766992121],[7.434329214673424,36.65780152530343],[7.445089063449284,36.65631667258355],[7.470131370115613,36.66943092159708],[7.4830760658508915,36.668053042411884],[7.48939468175794,36.674697048653094],[7.499512346271626,36.66231862991051],[7.492645304824358,36.65183527510068],[7.495093345941772,36.63103359263404],[7.510793846631438,36.629602172699805],[7.525647149515318,36.63452954098259],[7.534369184265799,36.634810405667665],[7.536420362510047,36.626846464307945],[7.546475568868775,36.621633774125584],[7.549967102897074,36.61464194071788],[7.556058222161261,36.60983051104002],[7.579606719979803,36.60907695836773],[7.601888869586039,36.60655313279713],[7.606999005103626,36.60861766223192],[7.611217323076292,36.616867019993144],[7.624108564736263,36.60500576379081],[7.640678539512057,36.61605989942244],[7.658292011884449,36.64739844507029],[7.668298271407173,36.65822965516118],[7.6751162002215745,36.683156030206106],[7.694036202109202,36.69180663994984],[7.698909954849216,36.70951378808588],[7.682130405022047,36.72257448160692],[7.685340942226786,36.730025599504586],[7.680244202249914,36.73919801095949],[7.696426235300151,36.74566810895807],[7.706807017415554,36.76715651099606],[7.721138616018109,36.75649479974585],[7.729619773638358,36.78135880936288],[7.752601995427401,36.77173155329735],[7.753195061222775,36.7766054053236],[7.77437137308744,36.77402358910549],[7.774161738721662,36.79688539598048],[7.783650721515939,36.808630667363985],[7.778429098121765,36.81035186591526],[7.779196120662147,36.82524968969769],[7.816148689354472,36.81544411603777],[7.8339404767380705,36.8233545668602],[7.828861538314294,36.84168599037772],[7.774308930507593,36.86737037598347],[7.763914710356663,36.87675234888144],[7.7637230161491155,36.886161023920366],[7.776600932756032,36.89837005902317],[7.774772648831726,36.90050149292935],[7.767259078654689,36.894660062055365],[7.764539046743374,36.896185091410636],[7.776302144790796,36.90756468365322],[7.761020780191082,36.92988253925231],[7.7668309807214495,36.934800904720866],[7.770634617705201,36.94662196631768],[7.7823754261964835,36.95131741815633],[7.781706562611359,36.95913424750615],[7.789826571330279,36.96667455949768],[7.785046465177042,36.96871686848854],[7.776154948852754,36.96478387649267],[7.765020610373829,36.95836727167408],[7.762144460676829,36.95891123415832],[7.757145865524572,36.958237916927985],[7.735724343757585,36.95672631718927],[7.727746962949876,36.95497388386749],[7.706860535702249,36.94899425586723],[7.7013356920182465,36.95448780584914],[7.702004621410824,36.95940619828472],[7.703583071521547,36.96154212046405],[7.698067183433935,36.96100702962077],[7.691998351861404,36.959334925818744],[7.679762556219685,36.97191848320851],[7.676302354774543,36.96841362089237],[7.663210388538886,36.966464957123975],[7.657944219157247,36.974629634924675],[7.6581939078336445,36.97848229617247],[7.654729225941339,36.975360899872925],[7.649097321489702,36.96784732917983],[7.642930429107781,36.96646499282786],[7.64342092639696,36.96290219101373],[7.6284249875831325,36.9653680362089],[7.618895898235914,36.96265688481283],[7.6070525297876035,36.96917163352067],[7.597835557195223,36.969951985076186],[7.571776535625081,36.98435932117152],[7.561253034122264,36.991476055335674],[7.557534171193326,36.993232948581024],[7.551376131902455,37.00561593015084],[7.52646313058332,37.01853838769492],[7.518075552521129,37.03795773340422],[7.506785179634712,37.04192636330919],[7.484338058017275,37.042666557144265],[7.4580070046756255,37.04515476584574],[7.41231020829662,37.03902794180259],[7.404515665952397,37.04393291400509],[7.3954369700104134,37.04894947182231],[7.391142841536258,37.05505393850326],[7.384993738158472,37.05779630550368],[7.381069671519187,37.064542895422754],[7.383945825048296,37.06754836419479],[7.387330325639914,37.06781140941139],[7.394834993933963,37.07758130890004],[7.3937870948088396,37.08154993366758],[7.391927620621186,37.07857125813584],[7.386442932499247,37.080167585259616],[7.388159674674853,37.08249972832785],[7.379312787231762,37.08392216650973],[7.3780999722479415,37.0805644420718],[7.371964245405024,37.08253538859139],[7.371772476762005,37.07662710380592],[7.372798107243268,37.073559183225065],[7.360401791105912,37.068761209890916],[7.358123166622011,37.07027287536217],[7.3520498996734505,37.06954605812524],[7.346047968275547,37.06535003349087],[7.3213266458104505,37.06718715446988],[7.306620549312111,37.07263172613448],[7.296525128414565,37.079677075249336],[7.289319257146941,37.07931589672229],[7.2858634646925795,37.076185638075934]]]}]},"id":"000000000000000008cc","properties":{"ADM1_CODE":345,"ADM1_NAME":"Annaba"}},{"type":"Feature","geometry":{"type":"GeometryCollection","geometries":[{"type":"LineString","coordinates":[[5.8745133729532455,35.12330450625631],[5.872150018369805,35.121128453190934]]},{"type":"Polygon","coordinates":[[[4.738860627934903,35.172501718943714],[4.745839053039424,35.162700667776875],[4.745986256093973,35.15015276995338],[4.885654217490172,35.14348640476571],[4.968575659856549,35.113561318121285],[4.963889129871361,35.09482420256367],[4.9842137465407115,35.0870029533702],[5.009024140987782,35.09568483551371],[5.012310545778297,35.09963109462412],[5.074434722695373,35.0702322973366],[5.106290490119644,35.05985596792892],[5.110107521932826,35.04065953693125],[5.1159087972018575,35.040088775342646],[5.132113196190092,35.026961167764966],[5.139198661098481,35.01624596089466],[5.152740942001638,35.01710211704836],[5.1666533464165925,35.02982390122545],[5.189586505783604,35.033145918472144],[5.197300749953404,35.02689875438126],[5.2296025372176365,35.01818566610757],[5.246832505030593,35.00953050359619],[5.254479823081609,35.00958852986697],[5.255741751160502,35.00545940177102],[5.284262128548932,35.00665887062448],[5.297059810556202,35.034394452412315],[5.305175336386076,35.04568045699455],[5.301211223607444,35.04922993809272],[5.362670963842547,35.057760160868504],[5.3703317216386015,35.057363328663634],[5.375102932058888,35.06119811438885],[5.387757875258217,35.056212891196814],[5.3891625180364775,35.05970878616516],[5.399908984326076,35.06262506219562],[5.432246367143631,35.057755695740674],[5.447808572014372,35.05099128354492],[5.486910467917447,35.04863240460439],[5.506026603903198,35.06840400635589],[5.537548033648265,35.068283628127965],[5.5723602265874765,35.083119026590545],[5.584225858678736,35.0954930425222],[5.578362182511092,35.12890062718758],[5.552601919823435,35.158188044165904],[5.519858764209175,35.16868028084554],[5.484266261374609,35.1708608153344],[5.470612438598198,35.208174536118314],[5.4884087288461325,35.19750394560754],[5.546996827227538,35.19486412766246],[5.582107795980424,35.203336452035174],[5.588203403364399,35.20866506200044],[5.603997537702901,35.21301716844071],[5.601897281832987,35.216339188910915],[5.609642792831224,35.223099132270065],[5.611876750802807,35.22614028303114],[5.736802938206973,35.28525907558663],[5.749444488397493,35.28628464295786],[5.754545730138588,35.27882903019146],[5.770058940515026,35.28176306375164],[5.775721970466804,35.27064213493987],[5.783396067215857,35.26622763217608],[5.796033184482131,35.26605369208652],[5.813276506736872,35.25526264733085],[5.8330972190404875,35.25092845265458],[5.839580791291267,35.243584257834875],[5.845007460468903,35.24513161517213],[5.854411758021404,35.22805767546845],[5.854483091273852,35.23115234596203],[5.872100972396876,35.227313023806325],[5.8714945451991385,35.21584868291169],[5.884916458282386,35.20903067852882],[5.893758859094673,35.213900045572984],[5.899885675912183,35.223183867249816],[5.908812792018243,35.220026878049666],[5.918163474785684,35.22603769229472],[5.937654205024658,35.228802330960995],[5.948431857238867,35.22139583357022],[5.956369093341888,35.22191303698676],[5.965938303469618,35.21721765031056],[5.965644054654022,35.20878988367574],[5.907140609738143,35.16197828426304],[5.900394009336601,35.1613494991984],[5.899939176010504,35.155280705098484],[5.856676992464651,35.13913873530204],[5.867806906913692,35.13476886113476],[5.874495493418479,35.129043323024376],[5.8745133729532455,35.12330450625631],[5.882227599288087,35.12451288923214],[5.890539357613838,35.10582926351519],[5.882990159450856,35.088354057183665],[5.900545567492462,35.08325731729605],[5.896037419162589,35.07339373638201],[5.900184439117287,35.06961243848264],[5.889152615392769,35.06428831940096],[5.888849395659735,35.05024659694017],[5.877692712554595,35.04142200354826],[5.86005692778139,35.0469869358462],[5.861711295802073,35.02790649770631],[5.89546668341944,35.03620040808031],[5.935201708389183,34.99007996537788],[5.939228305577269,34.98136685203322],[5.935879480794883,34.96996045374541],[5.941970663340715,34.965777803578035],[5.951281239525309,34.97907038582337],[5.9571360584593975,34.97855758756883],[5.962321997543934,34.99161828991923],[5.992157828746804,35.01350807334215],[6.004282146748823,35.04054803281363],[6.008166026413637,35.04278652715767],[6.008763493872499,35.05504010787197],[6.050237638600827,35.07320649191644],[6.079689993917457,35.06735612097509],[6.090267011936597,35.05520062033449],[6.097972331257798,35.05671227772913],[6.099359079647907,35.042603634964884],[6.090431976621897,35.03337334049375],[6.092639199988919,35.03016726406081],[6.087185705263678,35.015349657373484],[6.124691207662584,34.99366506827204],[6.126358946003186,34.98931295308877],[6.1401420433927845,34.984836036516604],[6.147231986078723,34.986436840320714],[6.1467281406206125,34.99073542106354],[6.16412751643228,34.99732594055539],[6.179502539693513,34.991676298684695],[6.189312530897283,34.981050228053554],[6.198792597234404,34.99187691454644],[6.2054633496502865,34.99416890702647],[6.201851484624469,35.01124279636732],[6.200527200502781,35.01479670687972],[6.226051080874979,35.03582586245821],[6.228837997032615,35.03135335761152],[6.237524301343296,35.03186617887985],[6.244774851779175,35.03828282531628],[6.250308598410341,35.03714124610011],[6.2534566632835356,35.04848522280687],[6.2635743884762745,35.05146388383964],[6.266874135311409,35.0468799910619],[6.271975348972028,35.04693343937607],[6.272372238374107,35.043718429705166],[6.2898474486728935,35.04693346593376],[6.302841220136387,35.047847574199686],[6.3066314861096435,35.04349106095824],[6.31184416765559,35.04567155336188],[6.32255049110746,35.04274637123958],[6.341483818910556,35.05110719590194],[6.342705607359441,35.048070534489504],[6.347187028256709,35.04950191120164],[6.349175762671279,35.06021710060096],[6.354651500566838,35.05924059410509],[6.356212200402222,35.06245558732603],[6.366035591360049,35.063369720016816],[6.372519120006369,35.06073436739139],[6.389321071250883,35.06623246323096],[6.393445690580395,35.068751881880935],[6.390797030719673,35.07058901378064],[6.388540669578125,35.075052559766924],[6.396504649622906,35.0733893046281],[6.399251431194861,35.08164306895775],[6.403777433345041,35.08353377785384],[6.413324396942773,35.07797775712642],[6.4117279901304105,35.072591099672415],[6.422157892436537,35.0620989003594],[6.427272438541856,35.0431878325975],[6.430237796257242,35.03809109993396],[6.456640092792349,35.02450865378145],[6.4616521415444765,35.01848883333408],[6.4516816100729955,35.012531503585755],[6.434353478317057,35.00307816829572],[6.4396152396572495,34.99659910353989],[6.427263499364445,34.98829632674359],[6.42441416061617,34.977121810253834],[6.428507601267643,34.969675070075574],[6.419625111219464,34.95512499556503],[6.435602027909996,34.94726807904731],[6.438768051613184,34.941194787754874],[6.44449351843724,34.939531581415785],[6.435588698646839,34.91838650550701],[6.43727422259488,34.91219726631131],[6.4284898038301845,34.903716068526876],[6.421756557233123,34.88922394836011],[6.4174312541675675,34.845159096551285],[6.42141763046903,34.83743598648004],[6.437394595665567,34.82940065601362],[6.4460675886602425,34.81822617700665],[6.456698061946366,34.816446947439154],[6.466503663958903,34.801317225449445],[6.468345250314189,34.796331948100054],[6.537233865250642,34.758104109207096],[6.561620732082963,34.75615099282258],[6.563627311628621,34.76171149332735],[6.5717250427413765,34.76234024561479],[6.579162830668679,34.77116478307324],[6.575087176084697,34.79089634189488],[6.563970665476696,34.79883354341444],[6.558374456632575,34.81391424313823],[6.560604069704351,34.8251555763358],[6.557607518407296,34.84775431237369],[6.557099217234497,34.861483897990475],[6.573111839146319,34.87594029644155],[6.578761477013545,34.87514216064254],[6.595264595646211,34.88797990549753],[6.595969164558404,34.89912319768488],[6.590127759807242,34.898775331051425],[6.586979588767708,34.90412180432465],[6.576353571051099,34.90278412850382],[6.566842335843571,34.906453902857514],[6.591545754395899,34.928169794033224],[6.583140335515799,34.94043676349593],[6.5747260052095875,34.93854160175942],[6.5706236745459545,34.94669288161072],[6.5626864371010525,34.947241316019344],[6.548533218773443,34.97830787140358],[6.542143365049701,34.9998319946274],[6.53170463975604,35.01830600326068],[6.510827128558902,35.02747838501602],[6.49502406020302,35.02484305000152],[6.508784785552702,35.050973405482424],[6.515634002042336,35.05698874401011],[6.50601126233406,35.09022685325363],[6.504825110880661,35.1005943258009],[6.497574675342759,35.110110024642665],[6.515669646040508,35.13967385793243],[6.512833650807829,35.143682551322925],[6.549442943598565,35.14683071940025],[6.562182574496959,35.16356123904413],[6.560813606368813,35.196286573144164],[6.5656383523262045,35.20178023383615],[6.555975464231016,35.21690993261853],[6.557295387456022,35.2270499452482],[6.548653640743165,35.23031848351],[6.551511917828348,35.23994568775141],[6.554089313848993,35.2426969069541],[6.555016788313766,35.236391770924286],[6.559297514626566,35.235361713919595],[6.5587980762927085,35.249572861493796],[6.563511340538403,35.252038749294385],[6.556559650453704,35.26618742873468],[6.612137844040198,35.28881290603489],[6.609489152949454,35.30451791397598],[6.629211774574856,35.30863806356271],[6.630402364097015,35.314885327190446],[6.637113254939264,35.31775249458766],[6.636524662315759,35.32095863243843],[6.621452940735085,35.32605978594968],[6.613386391239821,35.31637909788966],[6.593926856846896,35.31780154752179],[6.580919709249256,35.34715132759085],[6.589378607952308,35.35001414084042],[6.584531535062673,35.357692667504566],[6.5891110500300885,35.373393141300724],[6.598484067193884,35.37763380047854],[6.597422815745103,35.38531682160257],[6.593877806413773,35.39098881508716],[6.581793645456739,35.39230425279811],[6.5771071315738086,35.400388527984866],[6.577214167052155,35.42244332022027],[6.569437538092369,35.42897582783817],[6.573080561366276,35.43860755133134],[6.601730347973507,35.46123296481521],[6.620338161520114,35.46707885783058],[6.628221834667358,35.47372292523638],[6.635945043696187,35.473838850404434],[6.645304621715256,35.48752831597608],[6.674467196914823,35.48949035268914],[6.680750026191086,35.493717590923104],[6.718077170752659,35.48580265302244],[6.735119905473906,35.494917077337426],[6.738490937338652,35.50173054813869],[6.755466767393722,35.50333135364469],[6.761152072955387,35.51020280959552],[6.7581823333971744,35.51708327384656],[6.76664122970456,35.52476623745491],[6.772068020362911,35.53025987158143],[6.769963248780506,35.533015641667355],[6.7735439585736925,35.534157170820976],[6.771510630387018,35.538156941127724],[6.793422638083341,35.5645235878823],[6.789057150261605,35.583430167124924],[6.782167887557248,35.59604056401911],[6.766668026747073,35.60727298207815],[6.762302542586972,35.636957228930086],[6.770716876771519,35.6580399178034],[6.762026094705926,35.66990556687484],[6.762552277990629,35.67494882994147],[6.774324264998037,35.67517173998359],[6.760514475036639,35.698559771644554],[6.703705529278965,35.74549179474131],[6.679189398579686,35.772023394652734],[6.62987171584087,35.79076945502099],[6.603781543354217,35.8010834243314],[6.5857177079619795,35.79690517499237],[6.566490007661423,35.797475938370425],[6.563631790853336,35.79054650042086],[6.553251015593515,35.78654229492611],[6.552412646956778,35.78396041841337],[6.543543520399903,35.78613649117696],[6.5191611459736984,35.776567269768776],[6.5096276234635155,35.77646024612795],[6.476572259889679,35.75938629799002],[6.460849458478876,35.77996065983707],[6.481709194511995,35.793195225215015],[6.480572054638558,35.79892516495346],[6.473700605778508,35.80304989004578],[6.46223627226486,35.80545779269707],[6.45892759763658,35.809123122413915],[6.474668219089993,35.817666767407964],[6.480536430388043,35.827748832629624],[6.474993769241993,35.835654821464004],[6.477909969869784,35.84413154103606],[6.418117923199587,35.84729301925833],[6.354348326536557,35.85842297645348],[6.350192433517679,35.8733163401446],[6.350272706253037,35.88133828784424],[6.327526855000691,35.87675879831356],[6.314706886978054,35.853036413786185],[6.3075857396513255,35.84901425606774],[6.305373986371468,35.851034230059284],[6.282806490875791,35.84090757865279],[6.273964117842202,35.8327028567185],[6.2101543522269695,35.86663214854567],[6.188465335952998,35.86872348372194],[6.187591276108546,35.875920497976345],[6.179957358787339,35.88061587791701],[6.169656799882073,35.88112869067031],[6.160591462999865,35.88655099377016],[6.150879568418654,35.878096478908724],[6.132873684647895,35.88549413954879],[6.029765917961979,35.89186623661101],[6.022002592281019,35.89472900147399],[6.017155537144904,35.89983463796532],[6.00831317301521,35.89880459499818],[6.000193117955933,35.892499386016624],[5.988960681457434,35.907513225863475],[5.940673040871834,35.87927376628939],[5.922332731040598,35.8759517166085],[5.92058924600726,35.86362676563005],[5.938398922658609,35.85309435708613],[5.938867106990676,35.82718247365437],[5.8933709436734265,35.84661526199226],[5.861037980396086,35.88816075213505],[5.809455115465464,35.924645051262985],[5.751107775206271,35.91398781232325],[5.756842150880446,35.909546529371944],[5.74927056729948,35.899807865656186],[5.725035406690118,35.89396649273802],[5.708550063505995,35.88313526648388],[5.712304669188929,35.88009869727423],[5.687922325157394,35.86560654276553],[5.684854393769233,35.86681056825039],[5.683485505201895,35.85764265617553],[5.680270495668947,35.83036632371197],[5.695988837109339,35.82101999046252],[5.7064498625229705,35.82360629861161],[5.721369968178247,35.81941925201933],[5.732031673936668,35.825889398681866],[5.74229212120794,35.80744209570579],[5.736718245953522,35.79449286086455],[5.722944101992121,35.79684277442875],[5.716861886178968,35.788874403375395],[5.721691057563174,35.77386504025319],[5.70841633912429,35.76790771065222],[5.694651087084537,35.75449919305992],[5.6800563980327965,35.76136618775105],[5.681340674350428,35.76688204957611],[5.66437374549284,35.7672254589296],[5.660744076621836,35.753246159286746],[5.645529628852191,35.74843029798391],[5.616170909285971,35.762819860387104],[5.570683612595859,35.782136625797186],[5.559740965009229,35.778810188306686],[5.537976075168615,35.78809844926985],[5.528380128128419,35.77457846312765],[5.527385750204158,35.769762653947446],[5.523122823751734,35.76919191763379],[5.523372539418452,35.76546412399724],[5.528313189845393,35.76534811995644],[5.51841405374654,35.760362887251226],[5.4876149858160845,35.76587435888081],[5.469930203449897,35.75332640489029],[5.47319426988364,35.749023348896344],[5.460775715925919,35.73974398365551],[5.440375324597029,35.73556580652684],[5.4373965839622125,35.73063849153401],[5.427689136227512,35.732645114099256],[5.420179982596026,35.72519844225743],[5.423814188900995,35.70891822643135],[5.421397353594345,35.70004457705054],[5.42823762844171,35.70308125157351],[5.42973142076725,35.686114363066686],[5.413272893308969,35.64257128559894],[5.389599533846602,35.618706158935225],[5.34713099810534,35.62676376585036],[5.3368928973752485,35.63312687326285],[5.331069351112321,35.61971840881883],[5.2940453931901095,35.58788482270991],[5.284101626433112,35.58602536567851],[5.257311330484343,35.57101608939893],[5.248495706488229,35.562998570178145],[5.236465061494593,35.56082255898905],[5.223395461814308,35.55005384394204],[5.221090093999552,35.542888079919],[5.213701358974788,35.53761744124388],[5.208675922502101,35.52392793088692],[5.194870576612119,35.51437211290431],[5.1805568231773576,35.511491504642215],[5.16453526559046,35.519865702554036],[5.134338297932901,35.50089673153615],[5.1319437386441304,35.49391818443611],[5.123850445085431,35.49437302963818],[5.118503975010087,35.488179365752906],[5.102509243019826,35.50009852842868],[5.1072581370711205,35.51104563926459],[5.085823243237811,35.53041593852543],[5.081435498281538,35.52255901999458],[5.035417537602144,35.532025685952235],[5.017991369135973,35.508646655566224],[5.010544685299581,35.50859313401706],[4.9948397499820665,35.4971911544017],[4.992436279567936,35.527793995948954],[4.984936122392771,35.521604801542665],[4.965891297053933,35.495764319590165],[4.946659171242219,35.48166905624115],[4.944844340679678,35.47038305580023],[4.928867376370081,35.48150407255079],[4.911936156756307,35.4837335868908],[4.889381981573041,35.51284713658118],[4.887901550359709,35.51920579272589],[4.8548507438114665,35.53829068413073],[4.8876162049058784,35.3688314961417],[4.87998225400071,35.34925603716629],[4.866520222392975,35.26823417579382],[4.85599225180277,35.25620353756416],[4.850703737034675,35.23666825558589],[4.821108712884111,35.209106475555586],[4.796512333880605,35.21684749242462],[4.790461276514798,35.20854023963271],[4.757512990106748,35.18573190754767],[4.738958698148942,35.18143776154746],[4.738860627934903,35.172501718943714]]]}]},"id":"000000000000000008cd","properties":{"ADM1_CODE":346,"ADM1_NAME":"Batna"}},{"type":"Feature","geometry":{"type":"Polygon","coordinates":[[[-4.935208213195522,30.140325977019526],[-5.249802205761823,29.9206483740153],[-5.255197767887903,29.91167216906361],[-5.277497668949095,29.901951315157884],[-5.303039430349687,29.872788814706162],[-5.30418541912609,29.864972030950323],[-5.329535416537429,29.83409269106042],[-5.323435353109167,29.822084321580004],[-5.319622842755748,29.78605478553894],[-5.502526277386593,29.56029503732757],[-5.31583818792178,29.433664343549598],[-5.284409315682944,29.413238328728806],[-4.907766904919902,29.41760373095751],[-4.671595027637108,29.32114002100938],[-4.640760387647782,29.305430588222208],[-4.524707772068888,29.008485741588217],[-4.506238235363809,28.964789895861333],[-4.338384300740434,28.487653763172936],[-4.013271194176632,28.003934925144083],[-4.017627790622776,28.002735429951993],[-4.0118398220535605,27.995226293982626],[-3.994752560022246,27.704822895780353],[-3.7249323269527657,27.437080675040818],[-3.588867388084611,27.34743485209704],[-3.0255981841267303,27.305715558797196],[-3.005139779064271,27.302451473436733],[-3.0582298557259096,27.34984279915792],[-3.0372854891276564,27.38628700757137],[-3.0252548355242213,27.437910087876837],[-3.018579575589296,27.461458595852495],[-3.015168309129144,27.48065497420447],[-2.9649588401639737,27.627225619707687],[-2.9616413067028002,27.646078678723875],[-2.942453736460681,27.701483085462165],[-2.9386992158237057,27.71649683994997],[-2.9176834435710766,27.7484106749193],[-2.9199308151108405,27.76113244256374],[-2.9268826105601784,27.77104501342633],[-2.9107183625071027,27.787775594619703],[-2.8923290369413355,27.814075309958934],[-2.843586543467294,27.864779773312808],[-2.822918638119667,27.898066999746572],[-2.764000512013958,27.952494777475366],[-2.6814938231709404,28.05998137360649],[-2.6671354916196863,28.074651883456653],[-2.650244436101437,28.109655829402932],[-2.652402649823866,28.132865438830127],[-2.625558800897094,28.173086502534517],[-2.6180274393141807,28.1914222889649],[-2.595977131951604,28.224651578849244],[-2.3134529482909225,28.426144930378143],[-2.018826776889688,28.8003973010809],[-1.4368695121882185,28.95481151950956],[-1.0174241868051517,28.976473795501377],[-0.9384980478100075,28.982765583536597],[-0.8700854035917197,29.03074890841333],[-0.6828890363867984,29.180535694060136],[-0.6577040275440845,29.28757191658179],[-0.7085155072987965,29.55333880430165],[-0.6805881367000413,29.661266846999045],[-0.6437693016729256,29.75990216379779],[-0.1904571495311342,30.047380406186576],[-0.009961599750761095,30.325128915836064],[0.3696772991048548,30.703149181683514],[-0.255114099389219,31.151061468378245],[-0.2726071282881411,31.162293948652593],[-0.27799817926796594,31.17647387789126],[-0.2371929577647318,31.279354264560126],[-0.2602152813136215,31.295643329275038],[-0.2803169458594172,31.317359158433913],[-0.30935460807509896,31.338843158432496],[-0.33759406941704573,31.35366514601724],[-0.35592101247733915,31.35886898945677],[-0.3716036141390697,31.369544018417304],[-0.39214226127177454,31.40836499574558],[-0.3887265889771359,31.422937340414784],[-0.4116820502989404,31.440278739380005],[-0.40406591135307474,31.455569033650427],[-0.42129141273353377,31.487442652792762],[-0.4119407000284549,31.497591621459016],[-0.41457151661899616,31.51317613909444],[-0.401595531997279,31.522134488656302],[-0.391410979025559,31.52387796750976],[-0.3690753674756255,31.56090187360621],[-0.399370432529932,31.586323278630218],[-0.4138090399334425,31.60778042245109],[-0.41804516822619203,31.62394463739965],[-0.42741373024520996,31.63882470433399],[-0.4213449244974754,31.665231476972284],[-0.4083867698233547,31.657236350114413],[-0.39690013213208813,31.66036657371668],[-0.3918167581393921,31.670720671095836],[-0.3823857396809165,31.6739311657496],[-0.3714342308214636,31.68689822345333],[-0.38305908302934577,31.69949518560174],[-0.3833310534926069,31.714014074260703],[-0.4159047896166634,31.732461333735472],[-0.4038340573277646,31.740304948209605],[-0.409590695544965,31.752429166239573],[-0.4085517825502727,31.764968193615648],[-0.3889450589381644,31.76589125209337],[-0.3899617507347463,31.780209414223197],[-0.4002712257483107,31.79280188657161],[-0.3977652156190458,31.803552781680402],[-0.36646676849853826,31.806589450978848],[-0.37504157807946004,31.833027452571724],[-0.37733362536884907,31.85915777330622],[-0.38568099975150766,31.88617099831073],[-0.3990805958580892,31.89530771630162],[-0.40920278067782045,32.00274081076456],[-0.3990182007425964,32.02348462698442],[-0.39554011700994846,32.058591051330296],[-0.37808720534591106,32.06773225330278],[-0.3852886496324915,32.08262564005739],[-0.37776612922355507,32.093372091320305],[-0.362047816010607,32.10425225472051],[-0.3464097349386282,32.13131904042081],[-0.3488444126865343,32.14595829023006],[-0.2987062684475167,32.178594405896256],[-0.27951873453490295,32.185871630319824],[-0.25837366189311917,32.185510456898164],[-0.21980249057362544,32.17137955020873],[-0.20281332827982843,32.161431298575984],[-0.210286770733797,32.17280654196849],[-0.2062690773242019,32.19671618545375],[-0.19802418374757907,32.20839903171486],[-0.18241735128991313,32.2204608955134],[-0.17921126310916058,32.24752762857253],[-0.15994794500699408,32.27301584168508],[-0.16158891832178088,32.33328953003799],[-0.23507046047355348,32.2385693011524],[-0.3465167702864059,32.2572618343151],[-0.4284616290321952,32.204158420494075],[-0.7418918833753874,32.2728464621493],[-0.9205189882182656,32.181925343141046],[-1.0074223901754649,32.14784441221643],[-1.0224986342238558,32.20863984729937],[-1.0860943486026446,32.20910802253579],[-1.074687942923387,32.29795560583502],[-1.0625190610744464,32.311903694499954],[-1.0638345086293497,32.321419408431254],[-1.0762977092224943,32.32657414769269],[-1.1127953953363137,32.31707179959833],[-1.12962407313157,32.32497334929582],[-1.1434160821719472,32.353404514632174],[-1.1379848521401204,32.39041951986565],[-1.1343997822540974,32.40926369979598],[-1.1402100010901608,32.41587653731998],[-1.1591344280866591,32.416059373488174],[-1.193928756322114,32.40264643198913],[-1.205361870782612,32.39082535179185],[-1.2013621027642012,32.387588015399935],[-1.2122244717180786,32.36357131329714],[-1.222137050083998,32.340887888832995],[-1.2483208723303696,32.32569574176353],[-1.244820491995087,32.31515435041952],[-1.2350996421485438,32.30924157353004],[-1.2347206436232074,32.28922917922939],[-1.2423411897611412,32.26921230183833],[-1.2423411897611412,32.25739567928148],[-1.2469162812081653,32.253012340449345],[-1.2404371710188176,32.20478717145599],[-1.256641557509491,32.19982869047158],[-1.2898083812869228,32.17390791811149],[-1.2957166323472842,32.172570198750016],[-1.3000999883377544,32.165899355197595],[-1.2953331921472988,32.161132568869185],[-1.2848498289159993,32.159228523926984],[-1.2722707418496968,32.163611876242115],[-1.265408149985964,32.16170782694314],[-1.2337663749960355,32.1685703712769],[-1.2244245684349795,32.174857720856856],[-1.1929254965425438,32.16937748551983],[-1.1803909583841925,32.163041081242355],[-1.1687660597359824,32.13444927707242],[-1.1535159355626121,32.12834928855363],[-1.156186919331127,32.118057693203205],[-1.1531369436449037,32.11081160106793],[-1.181728681888247,32.10299477882268],[-1.2013621027642014,32.08584061162426],[-1.2417704300841959,32.075549068217114],[-1.259062821202689,32.07565608388004],[-1.2707412344904958,32.085475025206115],[-1.33549629204627,32.08202809987327],[-1.3474422329319995,32.088663278273195],[-1.3729170779981075,32.088395720155695],[-1.3774297133730282,32.08441376223594],[-1.4305108652264786,32.088663290671256],[-1.4360847393842247,32.09290831912634],[-1.5291037951125408,32.09383580545754],[-1.599033668792098,32.09476330507625],[-1.6452165832468097,32.10883180804189],[-1.6600787252127092,32.10883179028795],[-1.6996220278153937,32.115729985779026],[-1.7158085984649782,32.11519941039697],[-1.7235050111242673,32.121040788423684],[-1.7577419310320146,32.123957052443174],[-1.76862216061001,32.13085975071534],[-1.7763185427625954,32.130859719976726],[-1.7826727933456807,32.135773706751245],[-1.802596038127218,32.1398805299566],[-1.8240889570090695,32.14757688360853],[-1.8700711745725618,32.14739857984121],[-1.8872565285821572,32.15341830341174],[-1.892830421369179,32.160847206208295],[-1.9100782499135043,32.164566092825],[-1.9198971969050191,32.1627066749534],[-1.9225548173542422,32.155010233869206],[-1.9291855113501046,32.15076513234999],[-1.9387413093767185,32.157930947024504],[-1.97483776011801,32.159255270929535],[-1.9891648757158245,32.17491567695659],[-2.016236078905376,32.175709417054634],[-2.04304415180538,32.163504847085754],[-2.0796667300852487,32.15713272273208],[-2.0902838464629285,32.14996695141936],[-2.136725453587795,32.138819196234245],[-2.1908678443689107,32.1438625052145],[-2.246334561868368,32.15819403170153],[-2.26305620452607,32.158194003830396],[-2.2683625600239785,32.162175971122885],[-2.2826940618334914,32.15580844467934],[-2.301270708470534,32.15341836122342],[-2.447770018307011,32.16005344042346],[-2.487839474573295,32.15148306288365],[-2.5388025729175596,32.145984970694464],[-2.556014698676403,32.129802895555194],[-2.593738668544763,32.11148493499805],[-2.642570307606293,32.118918222048194],[-2.739970469820115,32.11387501264673],[-2.7569551772405445,32.117321947392526],[-2.7837588298204645,32.11440569566039],[-2.807115566715247,32.11812011452206],[-2.8570084352338228,32.11440566540834],[-2.8649724410213246,32.11679123405056],[-2.882487755955963,32.11493631327693],[-2.8920436080625507,32.119181383493164],[-2.9030219735771863,32.11908770978549],[-2.908912439707461,32.10490773756961],[-2.917786003210786,32.09370203081307],[-2.917099330248226,32.08317408573291],[-2.927961687160151,32.04085725361645],[-2.9280151881679575,32.028215677886784],[-2.9173177813923004,32.01695200530031],[-2.8977467988347545,31.976213691192008],[-2.88314773727227,31.962577756390466],[-2.8777120729741275,31.93526126355563],[-2.843385928714432,31.88391473327935],[-2.8385656482636286,31.86091468589274],[-2.841905498745679,31.83644756054707],[-2.838168798030262,31.828572785632954],[-2.831493510382825,31.826191690466967],[-2.822932021837742,31.81383101996321],[-2.824577411526583,31.80036007210385],[-3.6664735818871574,31.634040039767296],[-3.6688725225467564,31.3760275474038],[-3.680203150202891,31.3662309639038],[-3.692305129018561,31.36066150857392],[-3.704215354615985,31.360661535859588],[-3.7084426121735796,31.357205739787915],[-3.7099764982223973,31.346062434241613],[-3.721503307539093,31.338187632527777],[-3.7332218437209264,31.337420655795075],[-3.7399461850905595,31.353170184022364],[-3.747437421776955,31.357972706857623],[-3.75434903225194,31.34414052568864],[-3.7493548470467775,31.33626573387057],[-3.75300685777495,31.332426449154404],[-3.7628035001116724,31.3330016857289],[-3.758192770264372,31.328774454813743],[-3.762036566390422,31.306300604049742],[-3.7839307361784615,31.292856449952755],[-3.7825394700855024,31.285793208269737],[-3.7787536754905227,31.285766407915872],[-3.771159827291922,31.295130563476125],[-3.7683550839285904,31.289739501431225],[-3.7732467006935284,31.281784464311496],[-3.769443068458133,31.276977545952917],[-3.762634051257429,31.276830396142422],[-3.7573500263852226,31.2830107512757],[-3.752632298375742,31.282439915258248],[-3.757109211768727,31.260059731721654],[-3.77321103620228,31.254316390446956],[-3.7741429730706755,31.24035495221893],[-3.7849741525249816,31.236836735358274],[-3.78124191470823,31.22658524342996],[-3.770294773309419,31.22792746168844],[-3.7603063958570293,31.182787937921685],[-3.754157290870576,31.179907357254084],[-3.7726001693725193,31.14245090857951],[-3.770678300984896,31.122857668051388],[-3.7443606878525135,31.125546454624885],[-3.7378325542034463,31.123432902394804],[-3.7334135835352025,31.115174591110783],[-3.7278441276587286,31.137456722933045],[-3.7395582404516223,31.145139784188643],[-3.7236169552289677,31.145139780376002],[-3.711514922093926,31.158200508985765],[-3.712861574989265,31.170110771536127],[-3.7057537583187172,31.175871913786434],[-3.6984542472518163,31.175680136668237],[-3.696724076596465,31.16588353670477],[-3.693651735380719,31.169727220183972],[-3.6763638528778233,31.16338641381054],[-3.6686807949805713,31.153206273971353],[-3.6706026685153166,31.12785185220579],[-3.6669506375061185,31.120552251461294],[-3.674058495514069,31.092892495532492],[-3.67002298060856,31.088856984640273],[-3.6421714558394123,31.09020363406093],[-3.6369855130958295,31.10038375163494],[-3.647357391092609,31.116133287351786],[-3.6471656679490234,31.140145562135686],[-3.6400578094361427,31.14859558958974],[-3.6346801767214716,31.13995382057062],[-3.635830628057095,31.116904783938903],[-3.6294942322766612,31.105953163207786],[-3.614895122332397,31.121702772681854],[-3.6108596292119515,31.103264392076625],[-3.6043314957411114,31.09865367854558],[-3.6072120819263445,31.09404295142673],[-3.601450920197849,31.076371532760447],[-3.5943431063418263,31.079831769415655],[-3.590882858796034,31.075604580769284],[-3.5912663404278713,31.05581950267423],[-3.5874939170601836,31.05689416572555],[-3.577822130860862,31.04928692910042],[-3.559383802970692,31.056202987566877],[-3.55496478033209,31.066383139812782],[-3.5493954114344537,31.066383093751313],[-3.547665265540462,31.043909237445362],[-3.5397904811350442,31.037764611120316],[-3.53998225759364,31.027771781650962],[-3.5336413681098136,31.013560624326914],[-3.5372265352978793,30.993690866572457],[-3.5350906058581524,30.98386748881032],[-3.5393624016905676,30.983867467410377],[-3.5414982821852843,30.97788785792843],[-3.535518648710916,30.974895723299245],[-3.537012467513302,30.97041434160454],[-3.5470320386141903,30.968951764825345],[-3.5417123691836525,30.96037695697024],[-3.5372265352978793,30.961228597546434],[-3.537654596447885,30.955039393422634],[-3.544699958613851,30.954611270466568],[-3.542992125365416,30.94884565700135],[-3.5487577629254603,30.942009891915458],[-3.5493998111679352,30.934536474511585],[-3.5558031456498567,30.934322356562767],[-3.5570873540125545,30.92620682616448],[-3.564774842456273,30.927491061369388],[-3.566143753173378,30.931660341130154],[-3.572243809722139,30.930135310352593],[-3.5756773631270193,30.91965198571994],[-3.5833023592628783,30.91259768418263],[-3.5888272185445094,30.89296424571848],[-3.6012190379222195,30.886485128473627],[-3.6141816708727763,30.865705776937954],[-3.6330525483225182,30.862655745711205],[-3.639299770249372,30.852747628648032],[-3.648057469047363,30.849545940292757],[-3.6511609918065666,30.819768108920062],[-3.6482714696291634,30.80811642195039],[-3.657024693965379,30.793593177611992],[-3.6572610106278716,30.773446936190297],[-3.648909145705737,30.76797121420814],[-3.642933946179081,30.77288062823839],[-3.6230731383073005,30.763913364301118],[-3.6170399431322147,30.731892597939403],[-3.6292400322923415,30.722171710769597],[-3.6374358450231146,30.69904688030243],[-3.8409804992384657,30.627580827310204],[-3.983381829395126,30.59587667174098],[-4.148439956710141,30.584621864911174],[-4.322920145854408,30.5281964187514],[-4.599723295905739,30.288715899955243],[-4.935208213195522,30.140325977019526]]]},"id":"000000000000000008ce","properties":{"ADM1_CODE":347,"ADM1_NAME":"Bechar"}},{"type":"Feature","geometry":{"type":"GeometryCollection","geometries":[{"type":"Point","coordinates":[4.979290846342441,36.81572953752251]},{"type":"LineString","coordinates":[[5.080641807754439,36.73664735393207],[5.086273597327664,36.738413188799484],[5.087330449786628,36.74621660795837]]},{"type":"LineString","coordinates":[[5.089203211388725,36.748160748645745],[5.0930871112609,36.75016289515705],[5.096930907080099,36.75132229407905]]},{"type":"LineString","coordinates":[[5.091530881068953,36.75280270763706],[5.0930871112609,36.75016289515705]]},{"type":"LineString","coordinates":[[5.097648772031631,36.75860845462054],[5.098344393700866,36.756147044725445]]},{"type":"LineString","coordinates":[[5.101791316306538,36.758233914104366],[5.101876039608701,36.752517313179276]]},{"type":"LineString","coordinates":[[5.012578040320963,36.805558308660856],[5.0146470993348435,36.80718144884934]]},{"type":"Polygon","coordinates":[[[4.994906622493776,36.825655476298245],[5.000337841224317,36.82605677310564],[4.996886497502856,36.82727418431752],[4.994906622493776,36.825655476298245]]]},{"type":"Polygon","coordinates":[[[5.083214708589155,36.74880287679648],[5.087330449786628,36.74621660795837],[5.089203211388725,36.748160748645745],[5.083214708589155,36.74880287679648]]]},{"type":"Polygon","coordinates":[[[4.354874059400019,36.3566160286647],[4.353326727012682,36.346351155519656],[4.353348992725379,36.336786425917744],[4.361076619607812,36.32779239492036],[4.369446402119666,36.32566986570614],[4.364322888082657,36.322865099087544],[4.365143366910666,36.319021377457936],[4.374190879190105,36.32051069409595],[4.37331685040911,36.31226131892696],[4.3858826261243635,36.30956803256348],[4.378591985430549,36.30796280948978],[4.370748414947653,36.30011031442869],[4.376536333734831,36.29112071970121],[4.371225560966088,36.28097631114725],[4.377093692397903,36.27461319056762],[4.380500483576335,36.250654391585236],[4.393637015610035,36.24796110058268],[4.397975696929891,36.224871921984],[4.4097343397254996,36.2199445715358],[4.4461741276578985,36.223948864341956],[4.465450808749627,36.22463559402932],[4.494336904634241,36.232996384085325],[4.505181375489707,36.230704431535564],[4.526264069893607,36.23367858505645],[4.525523786584007,36.238093169106406],[4.518781635298374,36.242445194840045],[4.523338861691408,36.251100302792146],[4.536970368276261,36.25430644722051],[4.554097729461277,36.24903572584839],[4.568331210217474,36.26100402391535],[4.586831973995233,36.25711121554738],[4.605555743286714,36.25962614705395],[4.610871015672452,36.25864959593458],[4.625006406057373,36.26913735484381],[4.618870662842394,36.276927427318014],[4.606389597588697,36.27572798192437],[4.599852541993776,36.285413127852635],[4.599870420666372,36.29481285456272],[4.605221370204388,36.30299981098275],[4.604088691761253,36.32289183781983],[4.621983123394115,36.347185016286744],[4.615664549101694,36.3550330689259],[4.632916793445207,36.362653616751025],[4.637527526675791,36.36047316635561],[4.660505281496965,36.36236382733023],[4.6794743174687365,36.37284266537796],[4.679474317468737,36.37702977641657],[4.696276199734937,36.383611431305205],[4.703941410028372,36.389287838768695],[4.713336670137266,36.38865916443653],[4.723369708759659,36.399713265429476],[4.7308743368528585,36.431845542887906],[4.747132226410077,36.44142816998398],[4.750842203727579,36.43827998513413],[4.752014970695081,36.44566431909022],[4.76508453688921,36.44978894447445],[4.765695440664062,36.455920222986514],[4.774881223842646,36.46251072550303],[4.78761196018924,36.46571681734727],[4.790938416250005,36.47012688987271],[4.7986526561300495,36.47052826488512],[4.813349901887078,36.47494274419883],[4.819989512596533,36.479633749417566],[4.8275075607288835,36.47951774945146],[4.82853311234791,36.47516126299584],[4.834249722809965,36.47562944623634],[4.832416967366049,36.478376287237424],[4.853348049998123,36.485421615726814],[4.862359838476097,36.495325263996335],[4.857873979279462,36.505875485317816],[4.846614795347211,36.50891216789776],[4.853232052054519,36.51659078448268],[4.866792242234507,36.516996515607964],[4.857526195144578,36.53749054541037],[4.867050808738326,36.53610373707582],[4.871995937125049,36.539167148802],[4.881266460244496,36.53447173215413],[4.909224974894722,36.53704016887607],[4.911722134209698,36.52769838324136],[4.920020506526488,36.52660589661581],[4.91763490872912,36.518873816900125],[4.92872911465516,36.51778580292103],[4.929950900539907,36.52053707935496],[4.974359101380841,36.51061553825577],[4.991745139290158,36.51795080169377],[4.991245727727774,36.5287774657419],[5.012283724977859,36.528946930440924],[5.016073996209032,36.52551341133586],[5.0251616433973725,36.52654341801505],[5.024622090980511,36.51651050299823],[5.0386058545975985,36.51851705566525],[5.047309986512156,36.52372528955195],[5.054328594681569,36.52854558304718],[5.062765200381209,36.54968616631085],[5.060682853770543,36.55312413622257],[5.0648654947559795,36.554154204069036],[5.0542394163651,36.5610925862147],[5.0537534248170255,36.56802204988026],[5.080811191021733,36.58033801807048],[5.083107687431656,36.570710836231115],[5.081408723954634,36.56767867626202],[5.098192759685597,36.563607469132734],[5.103182511264077,36.57076437505953],[5.099931806929172,36.57959336488679],[5.105902609348777,36.578157532738366],[5.113255628426013,36.571794433039564],[5.136335962024953,36.56904313554779],[5.146052357316345,36.56795510382687],[5.149048862819778,36.562220750392584],[5.156919182033019,36.55666470605625],[5.156816556024985,36.55265596169676],[5.168989931033375,36.55196924602592],[5.170488212549784,36.54554370976616],[5.176820119589054,36.547951568407775],[5.182090747742858,36.538725758798925],[5.2014120439293645,36.522565949721546],[5.182674944079161,36.50554554913679],[5.1753620186527405,36.495579493526876],[5.175892666929428,36.482170927271646],[5.171299794886338,36.4719150003076],[5.1783942134431005,36.46452179264853],[5.190518480292507,36.46246171206182],[5.187089401976589,36.45896129253406],[5.189729230305847,36.4538645443576],[5.183210038168759,36.45019469673788],[5.18717863069534,36.42928156486986],[5.180793200699478,36.41665340896731],[5.165877476762799,36.4077930963014],[5.170256334011434,36.39501782284682],[5.170332167897363,36.39237798578693],[5.185176470609199,36.39662305477428],[5.191401354745853,36.402179169749324],[5.197813530895267,36.398504812231714],[5.1921282180262605,36.392953212273206],[5.201849065497368,36.383553493348046],[5.191628782112027,36.37937084263048],[5.194366658612536,36.363157570737194],[5.207668165162238,36.36699237067854],[5.227421974856445,36.36509724861222],[5.232487539258233,36.377413297067704],[5.243354384724862,36.376499192032156],[5.24315814320201,36.36744717234365],[5.256374917226624,36.371339981936806],[5.267415686151942,36.368303372373276],[5.279825323460793,36.372428029706185],[5.272931607817436,36.37752479167456],[5.288333355530592,36.39047401163282],[5.30151884510812,36.387780727838916],[5.310833929128733,36.383022825007096],[5.3123009947154225,36.39809016625133],[5.302259073575612,36.40617446537485],[5.296266057374857,36.40934933336643],[5.303177652866655,36.40977298144555],[5.290081251549183,36.419574059541965],[5.298825597860042,36.41774580804849],[5.299873484043299,36.415057039630334],[5.312974352947202,36.42588373739793],[5.315846006045913,36.43826216666395],[5.323413092453332,36.43745957305772],[5.327439618741718,36.45052023153189],[5.332808413002525,36.44931625637303],[5.341030985692257,36.45344540516405],[5.340460175196132,36.45768159353538],[5.333245401160233,36.46135137861885],[5.34670739408898,36.46358538779007],[5.353677021779459,36.47464394971055],[5.349048469814675,36.49120511638049],[5.34504413788761,36.49160191260415],[5.344214762641932,36.50146097402997],[5.358118252066575,36.510339100359005],[5.3765967913202495,36.518762303073856],[5.381599895976481,36.51285846296287],[5.390799007847496,36.5125106348784],[5.397679369630317,36.509473997464035],[5.438828013693355,36.52900929986261],[5.441940425872433,36.53519859327665],[5.460490278721611,36.54041129616973],[5.465747538508261,36.563442512520545],[5.484078959960518,36.57289582167097],[5.481448082792058,36.58005708862589],[5.473907741347982,36.58487298392943],[5.477969951601647,36.58726747269311],[5.466148898769011,36.60516187480287],[5.448967991386441,36.60968782146512],[5.4361079676385575,36.6047025489761],[5.427978968395158,36.60596452649822],[5.426859773414946,36.62344421087324],[5.441133325315703,36.64034862528017],[5.4401701760143215,36.648022719291056],[5.4270871755889925,36.646190033872514],[5.427724785665887,36.653748264874736],[5.422779714471496,36.653886426836124],[5.422605798617162,36.65851502839802],[5.418797683707888,36.65593764942509],[5.415979561628868,36.650555480597454],[5.410115832763265,36.65483180354584],[5.3717095889641495,36.646359475796146],[5.275259236296035,36.63840448701742],[5.221125774919822,36.64841962869871],[5.1305792700106885,36.68207688545658],[5.087303672662435,36.705585275928804],[5.081649534455514,36.711279551939846],[5.082300546280223,36.71721461812515],[5.0799729394937625,36.7186415530506],[5.080409899687564,36.720929026756956],[5.077507037957626,36.734560528327535],[5.080641807754439,36.73664735393207],[5.07859057862901,36.745917828258904],[5.083214708589155,36.74880287679648],[5.091530881068953,36.75280270763706],[5.097648772031631,36.75860845462054],[5.101791316306538,36.758233914104366],[5.104707508200649,36.75905884605412],[5.103543747502867,36.76385682405723],[5.1064020063338855,36.768730645991944],[5.10419922430361,36.77421977564644],[5.106785518871139,36.77540591014016],[5.100145913238503,36.775726907921026],[5.09896420594405,36.77253868377834],[5.090683650005581,36.77786734641697],[5.048250895624288,36.78218818310147],[5.0208273536899934,36.793496438404546],[5.014767480701821,36.79647511929661],[5.012578040320963,36.805558308660856],[4.99552648608697,36.81183225128338],[4.988976062991663,36.81810626014132],[4.986791040370607,36.81377647203359],[4.9690839875193635,36.81484217847065],[4.950962199294288,36.824643313879704],[4.951510633504846,36.827202767754585],[4.935346411738844,36.832607202399046],[4.922695929383927,36.85053725523537],[4.9072897871633305,36.84795995781019],[4.892659450455922,36.85101883729911],[4.887513674086622,36.849685609709134],[4.876771710043373,36.854867099389914],[4.877815114481615,36.85818911275432],[4.874296859443696,36.85811774616569],[4.8600321888730935,36.86309414162411],[4.853392597704047,36.86614860096626],[4.818049766743985,36.872217440199805],[4.8154412204070525,36.87020188663205],[4.8073211899012085,36.87829071689892],[4.807120536693414,36.883432105217985],[4.793386460166038,36.88415447135469],[4.79071102944728,36.89267134654947],[4.786523944638261,36.89144956757405],[4.769592728759279,36.8922164722033],[4.768683065597838,36.89454414534324],[4.752037243163326,36.89375932194173],[4.737794895529309,36.886263607765315],[4.728426310981682,36.88216121517197],[4.680152102104317,36.88272749334151],[4.653014007619461,36.88464937658657],[4.640590925069856,36.88687447620351],[4.631226848618246,36.882767626812644],[4.590952214544211,36.883570329846414],[4.5866447264028976,36.881572600060544],[4.592610982400967,36.87578474052641],[4.595197277784413,36.86427130271842],[4.59500551236344,36.853484722896084],[4.6035893125234475,36.847362406767246],[4.610607902341067,36.84140501936704],[4.625483524707663,36.83699054842253],[4.626625001764287,36.81693796645814],[4.641558524068574,36.813089780463216],[4.65102079173305,36.808853581314004],[4.654802074853383,36.79865121901961],[4.640113831629682,36.7836953177914],[4.640969970234981,36.77218198589947],[4.652648359821818,36.757052198015664],[4.6397392062551575,36.75538896873345],[4.641522896951535,36.74954759435811],[4.620698895683852,36.73877883604078],[4.619575191766933,36.73241570204072],[4.6093370986420314,36.735055461262924],[4.607401803317356,36.74759889347487],[4.586390549460741,36.75390413804568],[4.570043522309557,36.750185202075265],[4.546405761393937,36.751848450488765],[4.539462982900197,36.74205181833698],[4.535877820511694,36.7411912348464],[4.533193510019247,36.74004968888326],[4.529131229777845,36.74302838014751],[4.521617646756897,36.733686560376945],[4.519013553325151,36.71631830215256],[4.570917449707111,36.700452840977675],[4.577958424473852,36.69488791436073],[4.600115681994049,36.6893898415481],[4.601649574932415,36.66875753081842],[4.591108292799416,36.66211352208531],[4.5746006630799405,36.655866289148506],[4.566239874655861,36.64131624340622],[4.571225161782068,36.63529646720523],[4.553469045183867,36.624242391133116],[4.540805159217184,36.61811113305082],[4.559520031237741,36.59216359579826],[4.553749902233924,36.58991622900576],[4.549879412879746,36.58184074757199],[4.53449556841969,36.57175425353605],[4.530584925107154,36.56413815573398],[4.518028085540465,36.556686966279884],[4.510697292581501,36.54680563153446],[4.491612372524506,36.538065777856325],[4.472866276023812,36.532795113033956],[4.4638856615376525,36.52890234339986],[4.44951848153786,36.49876323822319],[4.434205920911915,36.493835943122725],[4.413511167321885,36.49109364069164],[4.403830524866759,36.48278627419851],[4.396071674221659,36.48542160553431],[4.3730894829221585,36.4756829646884],[4.365036326760063,36.46903442826682],[4.372335859572942,36.44496420202635],[4.394555550703253,36.4365989368473],[4.395014863403042,36.42347581325283],[4.389739752820955,36.39270350218016],[4.387831238129592,36.38187680681977],[4.377673411195816,36.3802135991576],[4.374926567782786,36.37637876417782],[4.387287260780414,36.36801347703731],[4.369299200284523,36.357070836540025],[4.354874059400019,36.3566160286647]]]}]},"id":"000000000000000008cf","properties":{"ADM1_CODE":348,"ADM1_NAME":"Bejaia"}},{"type":"Feature","geometry":{"type":"GeometryCollection","geometries":[{"type":"LineString","coordinates":[[6.389321071250883,35.06623246323096],[6.390797030719673,35.07058901378064]]},{"type":"Polygon","coordinates":[[[4.9842137465407115,35.0870029533702],[5.000186233086858,35.08256166613307],[5.001898532399215,35.042278163087396],[4.997015805019743,35.03878221054369],[5.0061034594615474,35.020156572548636],[5.002866131973668,35.0030291779539],[5.008939398615149,34.999765103362],[5.012809906987276,34.98818926523686],[5.0004403415684395,34.950826444653806],[5.009875856550884,34.94595712223062],[5.019155188753752,34.944980613038474],[5.025830495579463,34.938447986058215],[5.0247469384088825,34.932718019015745],[5.003931891304971,34.93810461316412],[4.997929930412243,34.92944955578999],[4.9931631243428924,34.8953062257928],[4.963648348193071,34.87433054937803],[4.938075427674081,34.87301516077388],[4.9311593222496635,34.86534106164283],[4.916841158064058,34.861907540796246],[4.899535375746079,34.86265218556553],[4.892744174873215,34.852168854228864],[4.864486882708261,34.84500752235798],[4.859831581754586,34.849760900604174],[4.8343121313732205,34.84942651833404],[4.810357799197771,34.84232315309243],[4.80569803863211,34.843986438657424],[4.795870182264006,34.83206718115007],[4.758708016607201,34.83046644243236],[4.757316783598107,34.83361900873603],[4.7412105711129975,34.82238647028936],[4.713318833155112,34.8141996225004],[4.707504207621495,34.8177490658601],[4.68955187674323,34.798276147496004],[4.677057456229496,34.79088740181434],[4.661004710055021,34.77260510100818],[4.6611874828108535,34.76028909956165],[4.647382136771865,34.77249359908809],[4.638223154496501,34.764645612424914],[4.634678193567221,34.768257442403815],[4.627400866815046,34.760748336914794],[4.6241323954294575,34.76298686719114],[4.613827425725394,34.754563600584106],[4.619379006884159,34.741899751363974],[4.6708414825185445,34.71530563410405],[4.6708414825185445,34.7080283890467],[4.662859669058315,34.70459043336104],[4.656224528941027,34.70785895982786],[4.628114332009501,34.70671298777279],[4.627735376336197,34.69193103389481],[4.622455724302819,34.690499696066595],[4.601279467607259,34.70866604245116],[4.587469628550791,34.70603518098932],[4.577182478198495,34.692626662147596],[4.5773697718434585,34.6860940871651],[4.566404854947781,34.68609409077242],[4.556478910837648,34.681055298285024],[4.557673947989409,34.67652934113969],[4.549290829401105,34.67887033992019],[4.5068223397777745,34.66616635172035],[4.437420906160352,34.66823089078865],[4.391403002071741,34.66325460885658],[4.353799405004043,34.65500078451546],[4.319143228079058,34.6638922048814],[4.300829724031224,34.654496865553696],[4.280522980234435,34.66865009853211],[4.281120515483724,34.6599414315846],[4.26166540949247,34.647224095716105],[4.237853856732407,34.62184288673503],[4.248827663740715,34.61910500781938],[4.235833845830961,34.597143908169315],[4.201061773259663,34.57328326498038],[4.202854360808318,34.57050082492069],[4.198720791215406,34.57142827111981],[4.175069711106868,34.552713470743114],[4.147708662575299,34.54155677867857],[4.13233370091731,34.52889292669489],[4.155124148678476,34.51813310753204],[4.156698181448379,34.49365266957379],[4.1589054373891665,34.475504134354736],[4.164657721295194,34.47363572064563],[4.16883587914975,34.46552469448697],[4.164568507139421,34.44680981224247],[4.1672573415305845,34.40998652091159],[4.172474470039708,34.405375813518354],[4.172857946628182,34.396506684187564],[4.1853122223423265,34.38694194159284],[4.197663920340497,34.38205027146468],[4.205489645721117,34.3824337971656],[4.205761718961378,34.376400592440675],[4.1974767031943685,34.37576292795386],[4.199331628487033,34.370358520401574],[4.2077415632228865,34.37009095379269],[4.207835150880391,34.35778387804741],[4.21373455823334,34.35579509176765],[4.213056776945769,34.34529391485818],[4.228552138072875,34.3460474903569],[4.228587804578329,34.335207426117925],[4.222697370251401,34.33591199322723],[4.220436601858337,34.32742626456897],[4.212762459314982,34.32150463581617],[4.217515843324203,34.3175627379559],[4.230063762043315,34.32093830284479],[4.232609905309358,34.31278707704458],[4.245255930597569,34.30581302236454],[4.255944386584836,34.302375095128234],[4.255083805864343,34.297247097363936],[4.2631591975509355,34.29606993444527],[4.273227909924739,34.28669685415836],[4.297378378042315,34.28032482175898],[4.289735496344727,34.268940763348034],[4.268425438370702,34.26852157642761],[4.262900603115488,34.24442900695911],[4.238420165200618,34.24062540908261],[4.2196651254985476,34.24456728987679],[4.214233985720693,34.241869524168195],[4.208945471281084,34.230793081510264],[4.201097499331826,34.230472032107144],[4.184148398972509,34.241164971229004],[4.1709226998376385,34.236188669764594],[4.1661202457315225,34.22302088328895],[4.174601519041603,34.218454801302],[4.167199372876669,34.209688178506866],[4.1480430698400355,34.20178662708873],[4.144707683275197,34.19668100265953],[4.159048149079867,34.18316100611489],[4.1676720302106185,34.18155125100774],[4.18721181375189,34.15146569220301],[4.232012448963466,34.15828364847953],[4.280630006820168,34.136095165062194],[4.286573962528349,34.127645210811586],[4.296192267139282,34.12434994533716],[4.283523956168959,34.111975889292836],[4.285695500720996,34.08630040718749],[4.304084848219519,34.07449267486248],[4.335744504325653,34.06555224559153],[4.401328969358952,34.06382657602236],[4.427147120076778,34.034887005793706],[4.409743286821006,34.02755171320154],[4.379688945835526,34.03753123535299],[4.371163133334995,34.03604186964503],[4.371368219357195,34.032661916369705],[4.351115019813464,34.024929824084126],[4.338990717656881,34.01169075346472],[4.335410081466121,33.99851409395278],[4.323071685749196,33.99364477073017],[4.3052130151838535,33.97983488460669],[4.294301593091353,33.97954948989409],[4.270842236244324,33.96832148642091],[4.261032248939292,33.97193338199543],[4.2497685808700885,33.97142055931258],[4.242344124607678,33.97612049705566],[4.223201262350067,33.95745465325156],[4.243512442336058,33.92878710638199],[4.275961280814297,33.911481353305604],[4.344662700384846,33.89897803700755],[4.390421992568558,33.86149932144618],[4.509426473622992,33.83042382728361],[4.558623700649672,33.80446289687438],[4.5929588229391,33.77036863955574],[4.587095050867803,33.75913613418533],[4.641879642099696,33.737299920977165],[4.650931550848217,33.740960891674256],[4.706327025697096,33.737576418666],[4.730415086832667,33.72771289009026],[4.746909285097751,33.726798758272984],[4.763849399134984,33.68937799000529],[4.8558228361609554,33.700142292720756],[4.874872085143093,33.66094229673804],[4.88789711656786,33.65171642303483],[4.933816975496291,33.65050802766611],[4.988070808593573,33.637433930044324],[5.072869553892718,33.60855229146647],[5.047327851728492,33.57485488082455],[5.050114736136692,33.50030318804137],[5.064660338515566,33.49159458925499],[5.073975407120472,33.47984483853101],[5.089809653343525,33.47737893830097],[5.092766071700785,33.4601891309537],[5.123377767743528,33.444203237873836],[5.154471085223001,33.434054295222374],[5.166657802267179,33.424083797375694],[5.18881955665924,33.386832452652506],[5.2115342250150025,33.36763597476771],[5.227270394019791,33.35972999129836],[5.242725665278061,33.35691633878812],[5.277653767770526,33.439485536369304],[5.307859708399471,33.472482857839],[5.305697061791657,33.497525151731644],[5.276075259953596,33.56010414513781],[5.281296858711782,33.64548261199633],[5.26524412259334,33.743886031781116],[5.242440269884975,33.793297338268104],[5.2191949754070155,33.823507776088704],[5.229763045829757,33.862881570000596],[5.254707262940879,33.89850092493077],[5.261792778172391,33.93506556481349],[5.2652218047932005,33.97831883942],[5.330766119894034,34.06268945898211],[5.337882819160222,34.08892237490052],[5.353306854866089,34.11808934632655],[5.36432977822871,34.15873402295362],[5.3339320921386735,34.17699855298493],[5.27084919469494,34.24491956602462],[5.197425660768115,34.28968892690623],[5.233058311690774,34.36093644500396],[5.2116412499071645,34.391200371519815],[5.201532425560655,34.402673630066815],[5.178764285821753,34.41502530928747],[5.190612092514808,34.42902247156909],[5.232162046186883,34.45233908442095],[5.2694089357924385,34.46448120602521],[5.236540824235216,34.489701900803524],[5.274175687087762,34.50184405687185],[5.289412387967822,34.51289366899549],[5.296760985478945,34.50155420551778],[5.39450893964602,34.45105936673308],[5.468222370929659,34.4380387851484],[5.544227760050947,34.43040923925351],[5.677064410402708,34.42187005053305],[5.757446372616037,34.40889408772034],[5.953822935588346,34.388185985711985],[5.9641323416260725,34.39537854284418],[6.1619425645811035,34.42896005406706],[6.2036931409779426,34.429410399213644],[6.216223188608631,34.422650373581554],[6.230933775148865,34.42017562827311],[6.2587006321536816,34.40482290071986],[6.292353413294367,34.402642384712934],[6.324895992096392,34.388828154899706],[6.355280256530546,34.36641665738496],[6.384081626451908,34.36440563697707],[6.468733139302745,34.34119157806107],[6.499318153769154,34.31184621980137],[6.502773930039829,34.30612071249278],[6.506439333555964,34.30703925654149],[6.525042678075002,34.28709375248952],[6.557790335185315,34.284516397904575],[6.588575937550922,34.29178468724039],[6.612677392094186,34.30478746878912],[6.6608758241851564,34.34660937205812],[6.682551550575039,34.36420050726598],[6.685922609119048,34.374683847377305],[6.706336399698231,34.39755900552118],[6.704254009518656,34.4151412296204],[6.691197693067255,34.42634250230949],[6.686074215031221,34.45304807001093],[6.677717900463403,34.46314797026149],[6.686167887754002,34.478540767430886],[6.714046146675724,34.50814029909317],[6.714866633414185,34.51497606164583],[6.724377890182494,34.52640034082337],[6.723735756216532,34.53824811323048],[6.731039804799759,34.5407006300204],[6.732373054090568,34.55978556977191],[6.73764818330024,34.56271079468395],[6.739146447521385,34.59030370631746],[6.730888174748784,34.60783682569903],[6.732203620160911,34.62170022295732],[6.72905100532824,34.64054883148185],[6.740537683139127,34.65261517722734],[6.731664047504507,34.678228250065835],[6.749389014346308,34.69647931417877],[6.751047803893193,34.7104051343374],[6.755845783120387,34.715898760092514],[6.756541413449253,34.721521657894286],[6.764090659513048,34.737788439451585],[6.769646652472138,34.76833770774973],[6.730531433184263,34.762032545966534],[6.732818973655574,34.777675069453345],[6.752117965843669,34.800077610703774],[6.7335368934752875,34.82884772270358],[6.712601442738185,34.83847493319112],[6.705065556627956,34.84271557230573],[6.725987621156405,34.86028883895532],[6.671082707582869,34.859914325024874],[6.662659499351999,34.84644778214856],[6.658405530602456,34.84106118981234],[6.644684804117107,34.82129401597856],[6.645607886843576,34.816941947371184],[6.634335282198675,34.798833513445636],[6.63285926820722,34.79438333404187],[6.624788346346514,34.79144483653829],[6.599705864539743,34.77895486148531],[6.584732270464491,34.77740756907286],[6.5717250427413765,34.76234024561479],[6.563627311628621,34.76171149332735],[6.561620732082963,34.75615099282258],[6.530910917442745,34.76022219009793],[6.468345250314189,34.796331948100054],[6.461901843756576,34.81031572449519],[6.456698061946366,34.816446947439154],[6.442923876924706,34.82108889148777],[6.437394595665567,34.82940065601362],[6.419130105382189,34.84057516428131],[6.418706525836504,34.87231949951469],[6.424851186831297,34.89821797709706],[6.437626483127148,34.91523838362906],[6.43758633150419,34.92394700985187],[6.44449351843724,34.939531581415785],[6.438768051613184,34.941194787754874],[6.432480700324965,34.950362707731685],[6.419625111219464,34.95512499556503],[6.427424079690247,34.973741782526645],[6.42441416061617,34.977121810253834],[6.427263499364445,34.98829632674359],[6.4396152396572495,34.99659910353989],[6.434353478317057,35.00307816829572],[6.4516816100729955,35.012531503585755],[6.4616521415444765,35.01848883333408],[6.444087732691229,35.03173239058813],[6.430237796257242,35.03809109993396],[6.421087643829439,35.056716744882486],[6.422157892436537,35.0620989003594],[6.410145028964112,35.075971132569265],[6.413324396942773,35.07797775712642],[6.403777433345041,35.08353377785384],[6.399251431194861,35.08164306895775],[6.396504649622906,35.0733893046281],[6.388540669578125,35.075052559766924],[6.390797030719673,35.07058901378064],[6.393445690580395,35.068751881880935],[6.389321071250883,35.06623246323096],[6.367105795007629,35.060676429176375],[6.366035591360049,35.063369720016816],[6.356212200402222,35.06245558732603],[6.354651500566838,35.05924059410509],[6.348163572306782,35.05803661114388],[6.347187028256709,35.04950191120164],[6.342705607359441,35.048070534489504],[6.341483818910556,35.05110719590194],[6.317997744804301,35.04223360749886],[6.31184416765559,35.04567155336188],[6.3066314861096435,35.04349106095824],[6.300286173065474,35.04664808680418],[6.284969199702855,35.047620132234286],[6.272372238374107,35.043718429705166],[6.271975348972028,35.04693343937607],[6.264372601507409,35.048882072695925],[6.2635743884762745,35.05146388383964],[6.250049933720462,35.04527467185068],[6.250308598410341,35.03714124610011],[6.239276762050249,35.03564744028909],[6.237524301343296,35.03186617887985],[6.228837997032615,35.03135335761152],[6.226051080874979,35.03582586245821],[6.200527200502781,35.01479670687972],[6.204085544601195,35.00402355687986],[6.2054633496502865,34.99416890702647],[6.192362528970548,34.986548305734125],[6.189312530897283,34.981050228053554],[6.179502539693513,34.991676298684695],[6.16412751643228,34.99732594055539],[6.1467281406206125,34.99073542106354],[6.147231986078723,34.986436840320714],[6.1401420433927845,34.984836036516604],[6.126358946003186,34.98931295308877],[6.115260224407413,35.00179845578491],[6.087185705263678,35.015349657373484],[6.092639199988919,35.03016726406081],[6.090748571042989,35.0362985041065],[6.099359079647907,35.042603634964884],[6.097972331257798,35.05671227772913],[6.090267011936597,35.05520062033449],[6.079689993917457,35.06735612097509],[6.050237638600827,35.07320649191644],[6.008763493872499,35.05504010787197],[6.008166026413637,35.04278652715767],[6.004282146748823,35.04054803281363],[5.990717514078676,35.011443515139526],[5.962321997543934,34.99161828991923],[5.9571360584593975,34.97855758756883],[5.951281239525309,34.97907038582337],[5.941970663340715,34.965777803578035],[5.935973161841718,34.97276971928114],[5.93938439563412,34.98600873861031],[5.89546668341944,35.03620040808031],[5.861711295802073,35.02790649770631],[5.86005692778139,35.0469869358462],[5.877692712554595,35.04142200354826],[5.889959731894132,35.05236914514114],[5.889152615392769,35.06428831940096],[5.900184439117287,35.06961243848264],[5.896037419162589,35.07339373638201],[5.900545567492462,35.08325731729605],[5.882990159450856,35.088354057183665],[5.892015313697876,35.10788939161823],[5.882227599288087,35.12451288923214],[5.8745133729532455,35.12330450625631],[5.874495493418479,35.129043323024376],[5.86355292686119,35.1373060514374],[5.856676992464651,35.13913873530204],[5.899939176010504,35.155280705098484],[5.900394009336601,35.1613494991984],[5.91436885400111,35.16604945161945],[5.965644054654022,35.20878988367574],[5.965938303469618,35.21721765031056],[5.956369093341888,35.22191303698676],[5.948431857238867,35.22139583357022],[5.937654205024658,35.228802330960995],[5.909642171658299,35.22289850673689],[5.908812792018243,35.220026878049666],[5.899885675912183,35.223183867249816],[5.892051002620418,35.2105200629563],[5.876734020274605,35.21166158447882],[5.8714945451991385,35.21584868291169],[5.872100972396876,35.227313023806325],[5.854483091273852,35.23115234596203],[5.851615899425798,35.22897622438991],[5.845007460468903,35.24513161517213],[5.839580791291267,35.243584257834875],[5.830051661487423,35.25321597707875],[5.806520972671018,35.25676983879789],[5.789580867405452,35.26731558879765],[5.783396067215857,35.26622763217608],[5.7710845077421435,35.2775715197663],[5.770058940515026,35.28176306375164],[5.754545730138588,35.27882903019146],[5.747567228280636,35.28805047314322],[5.711653597902796,35.27379918429536],[5.611876750802807,35.22614028303114],[5.609009608936422,35.21954529827987],[5.601897281832987,35.216339188910915],[5.603997537702901,35.21301716844071],[5.588203403364399,35.20866506200044],[5.566072850647724,35.197548540231104],[5.509968504243984,35.1944628056253],[5.4884087288461325,35.19750394560754],[5.470612438598198,35.208174536118314],[5.484266261374609,35.1708608153344],[5.519858764209175,35.16868028084554],[5.552601919823435,35.158188044165904],[5.578362182511092,35.12890062718758],[5.583209214315606,35.092567929107545],[5.556530377892651,35.075048119767125],[5.526168402910561,35.06731152130978],[5.506026603903198,35.06840400635589],[5.486910467917447,35.04863240460439],[5.465729702116125,35.05139257609629],[5.443429773712262,35.05076386558683],[5.4271629498682215,35.059762304426755],[5.399908984326076,35.06262506219562],[5.3891625180364775,35.05970878616516],[5.387757875258217,35.056212891196814],[5.371392968033862,35.05982024604713],[5.368088794850554,35.05598542346019],[5.362670963842547,35.057760160868504],[5.301211223607444,35.04922993809272],[5.305416138273787,35.04270177140478],[5.290353328475347,35.02459333310846],[5.284262128548932,35.00665887062448],[5.255741751160502,35.00545940177102],[5.254479823081609,35.00958852986697],[5.234324706013189,35.01365521606078],[5.219779074589258,35.022600121857565],[5.197300749953404,35.02689875438126],[5.189586505783604,35.033145918472144],[5.1666533464165925,35.02982390122545],[5.152740942001638,35.01710211704836],[5.144478284949919,35.01527380432841],[5.132260308970986,35.0237193762671],[5.132242496376103,35.029369050775],[5.113219935707964,35.041520129569555],[5.110107521932826,35.04065953693125],[5.106290490119644,35.05985596792892],[5.074434722695373,35.0702322973366],[5.012310545778297,35.09963109462412],[5.0016933678923685,35.09110089236302],[4.9842137465407115,35.0870029533702]]]}]},"id":"000000000000000008d0","properties":{"ADM1_CODE":349,"ADM1_NAME":"Biskra"}},{"type":"Feature","geometry":{"type":"GeometryCollection","geometries":[{"type":"LineString","coordinates":[[2.6213227192140005,36.334137729686475],[2.624890003982207,36.33803491770134]]},{"type":"LineString","coordinates":[[3.217700731970498,36.49341678143041],[3.2181153735925716,36.49100885017728]]},{"type":"LineString","coordinates":[[2.6076153969986953,36.51480712817958],[2.6051941073470912,36.51624291882421]]},{"type":"LineString","coordinates":[[2.530526465993526,36.470238367291444],[2.529273457042222,36.47293167522363]]},{"type":"LineString","coordinates":[[2.565213837446419,36.35752120297257],[2.5617357493596282,36.35723583045488]]},{"type":"Polygon","coordinates":[[[2.624890003982207,36.33803491770134],[2.628577669104416,36.336206726263256],[2.646101945452401,36.350177095444074],[2.6835405099606393,36.3626670713627],[2.694090763100843,36.37572329675336],[2.7427083263882226,36.379905908476296],[2.7763566755287576,36.37760947826517],[2.7847978030000786,36.37250826419751],[2.8145890729914815,36.37244584965798],[2.825527241952056,36.36580181222192],[2.8440057298604313,36.375415628619],[2.8484157802243426,36.372842665331184],[2.8644150046273755,36.394215212724475],[2.906816649511962,36.41151644791509],[2.9227980554582005,36.40853331320843],[2.9273909372672877,36.41019657715622],[2.9306416127208013,36.39821495209896],[2.922102394537941,36.40051144947756],[2.93036067952186,36.395584133119655],[2.91995763730041,36.39523630124081],[2.937945618168869,36.3812034787968],[2.9289605349645225,36.36754087153335],[2.9406478308968063,36.353008590969125],[2.954417555960699,36.35134535479729],[2.9732706159312485,36.359826590243216],[2.986460657551379,36.352482431186466],[3.010365902395945,36.35219707461026],[3.027359488011443,36.36439716317632],[3.0372052070708233,36.37327971822242],[3.0534452287252596,36.3918385120187],[3.0509169723557505,36.406312690396554],[3.054698250246274,36.431551222580545],[3.0474388501980556,36.434690440219555],[3.0433632528425028,36.44035792349824],[3.0542612401960025,36.44015281519885],[3.0567048489683875,36.437660176932454],[3.0572666718569943,36.434801925523026],[3.0663810850450015,36.430231308683936],[3.067201595979321,36.404502349300515],[3.083847415709501,36.41791080543356],[3.0845117837119695,36.42421150880698],[3.1070614445096507,36.42604425920206],[3.1224275515508624,36.42054168590506],[3.1346187074035217,36.40008331549095],[3.1508810348476524,36.41136484979555],[3.154189730486673,36.409648087823165],[3.1574760616408826,36.414160698210004],[3.162060006482135,36.41222551222387],[3.1701533054965485,36.4310785218261],[3.164151329082392,36.43589442571371],[3.183040111084837,36.444027775905234],[3.1894969021120723,36.444375600781456],[3.1836063907242087,36.460874290358596],[3.1781261442096564,36.46683611227931],[3.1819342336965604,36.48127464652289],[3.1894611938572135,36.48631790154512],[3.1962256938932074,36.497599421835105],[3.217700731970498,36.49341678143041],[3.2519466022552,36.48894434006101],[3.2571369655935807,36.48613955369004],[3.275597698034012,36.4884270356322],[3.2864109618447244,36.49432642896515],[3.282589569141313,36.50148777954679],[3.2972109452698306,36.50693232840654],[3.29650196672259,36.52526371952796],[3.3068916161313853,36.529508796300725],[3.305781318805722,36.533963374297024],[3.3022720073107132,36.533570999266544],[3.2978753147745126,36.54693047968791],[3.310004115786252,36.556232127053455],[3.287753161127204,36.56115503999683],[3.2821480471599194,36.56699640640585],[3.2878824613684863,36.569288427115396],[3.296435078136034,36.581265515728866],[3.3008763403856665,36.582812830769825],[3.287119948065311,36.58823958956622],[3.2925778882192875,36.59821455653183],[3.2798962010798207,36.615631807390095],[3.2866250233136087,36.623448657168254],[3.2977549734513785,36.623943628537454],[3.298147331794978,36.62834919379726],[3.3050232893498497,36.634467068521985],[3.2848012311213237,36.6340791002814],[3.285100047690505,36.640156919383635],[3.276048065508118,36.638208234246946],[3.2706882166607527,36.622958121711406],[3.2590320900025005,36.62360021792229],[3.263914846413552,36.63013281139982],[3.2383463139745783,36.6704163263778],[3.2268641523025474,36.67248983734827],[3.2172725997946947,36.666924853382504],[3.209924018122631,36.67455883379174],[3.2059866469005205,36.671107500659204],[3.2049253956750814,36.65861313109149],[3.182406875596666,36.65381063022619],[3.177880918557335,36.6431444732709],[3.1487987059796576,36.65514842718072],[3.1522321425324824,36.6383420545397],[3.1449906114126964,36.63794074946385],[3.136433595922726,36.62602157382525],[3.126989204011734,36.62372958067172],[3.1346499359845805,36.608198527095716],[3.125165409753798,36.60384644095808],[3.1280371209048417,36.59691256421057],[3.1216561459931906,36.59496833331115],[3.124911268651524,36.587918498108266],[3.118762164764743,36.591356453486995],[3.113866105818206,36.58556856565614],[3.100466472360179,36.59175783683499],[3.092930605421515,36.59944087712398],[3.0919540337038254,36.59405424452846],[3.0608562420734837,36.583396971152695],[3.06072693311762,36.60717735117266],[3.0660600691985955,36.62500037122817],[3.0471266704273403,36.62425576605844],[3.0462973333695182,36.620875751737394],[3.036549740791838,36.620474452493376],[3.0292635222662856,36.61113704154705],[3.032442910582107,36.606267683191234],[3.010677996134357,36.598473194357766],[3.0111462168926333,36.592569331869804],[2.995811367045877,36.5887924679116],[2.9938137207305067,36.58426649500723],[2.989381342048562,36.59343439960617],[2.982242290228959,36.59223043493235],[2.9788757221438464,36.597902461685884],[2.9710945725242155,36.59974407402657],[2.962055966730291,36.59194958106383],[2.9572803108261536,36.60249531235086],[2.9600538563187375,36.60363684967744],[2.955666086733799,36.613549452372325],[2.945191655879494,36.61257731986107],[2.945740127747564,36.59991795669504],[2.929642805921014,36.60622314127445],[2.9248447854910404,36.600033869042186],[2.9156590407146266,36.60696335771568],[2.909982576875994,36.60507717322987],[2.89861636988058,36.61814678982515],[2.889430581748311,36.62347540947265],[2.8812169294274175,36.62284219817294],[2.8881553052539815,36.634587496072456],[2.8139335430123653,36.647090759750945],[2.8232218258891004,36.639291794910925],[2.834958214046071,36.62422450064579],[2.8286931515243747,36.61317044831924],[2.8294199968082325,36.60732451486159],[2.8191194882739334,36.60204940037614],[2.783027520096137,36.60154106090126],[2.783081009794428,36.59190939056792],[2.763897981015503,36.58148853834044],[2.7418611269831263,36.577537727681005],[2.739350667222129,36.580173091641626],[2.7354444668918885,36.57885315847796],[2.736117806143457,36.58670565660475],[2.7273155166365948,36.58452516164937],[2.705051256942341,36.569176895416284],[2.701880829554649,36.56144480261761],[2.688882560451819,36.56138241058253],[2.6860866541168447,36.55330696398751],[2.676200829241555,36.55015442969412],[2.6765397636550543,36.54665849300424],[2.67153218372322,36.54626163443512],[2.67332919587336,36.543679801646206],[2.66549006922194,36.540014395143906],[2.664228188482913,36.53583174326743],[2.6548328337810636,36.52511655019369],[2.6561037052479852,36.521678581463554],[2.6076153969986953,36.51480712817958],[2.606835057021363,36.50931347769459],[2.619574727497656,36.50512192651276],[2.6157131143904064,36.50134061697359],[2.624292471742829,36.494750068062814],[2.6260626766525275,36.48541274143807],[2.620631495207826,36.4846056357948],[2.619949291628597,36.475669607444175],[2.6132784578979167,36.47011349823133],[2.6039143293969698,36.467371161697926],[2.604302316083364,36.460771709408895],[2.5907778268390462,36.457507658624465],[2.574127590869827,36.46530659513842],[2.573458701184518,36.46925740925505],[2.5654010892819565,36.46972113929196],[2.561485974111774,36.46296116115426],[2.539324253189798,36.46347842545785],[2.530526465993526,36.470238367291444],[2.514259638842653,36.46433901524811],[2.5132875566112456,36.45350786150247],[2.525683892584144,36.44450939898466],[2.512333322329106,36.436603360486366],[2.5105630705129998,36.42898720228143],[2.4965213765648464,36.42846999354046],[2.4953218462139723,36.42451474788766],[2.478934636866321,36.41655530503862],[2.4929540640942918,36.413286782770754],[2.508462802136691,36.415859666855766],[2.5098139726469166,36.39300226976785],[2.516783537192099,36.39288192147827],[2.5143221132758535,36.390536435449874],[2.5281274834589493,36.38422680025021],[2.5408760259882297,36.38715197222802],[2.573106446859559,36.37981672840535],[2.5717106928031446,36.37574109383397],[2.56851800558385,36.37665966181092],[2.5685937888952197,36.37178592050623],[2.5542042900085287,36.36423217652993],[2.55674601979172,36.36016546992634],[2.563452451791522,36.36141848585329],[2.565213837446419,36.35752120297257],[2.5675325312798236,36.349731195444825],[2.5753315106959294,36.351104580199646],[2.5767762405778813,36.348072390910886],[2.5814404704514797,36.35007451265778],[2.583487233034429,36.34411270486765],[2.589453499950868,36.34668564906811],[2.591152386199472,36.34479495329114],[2.6133275146778403,36.34887058311899],[2.6151245576928828,36.34393880066108],[2.627739348448828,36.33992564143547],[2.624890003982207,36.33803491770134]]]}]},"id":"000000000000000008d1","properties":{"ADM1_CODE":350,"ADM1_NAME":"Blida"}},{"type":"Feature","geometry":{"type":"GeometryCollection","geometries":[{"type":"LineString","coordinates":[[4.089459378304244,36.00996998233693],[4.0853615012311915,36.00945717999792]]},{"type":"LineString","coordinates":[[4.280621081405335,36.00215760875495],[4.282195109402509,35.99975417843754]]},{"type":"LineString","coordinates":[[4.291786698587104,35.995165799611954],[4.289173649616013,35.99212910946943]]},{"type":"LineString","coordinates":[[4.9908577667046,35.76644951553092],[4.989355047930964,35.76415755591451]]},{"type":"Polygon","coordinates":[[[5.082541360587878,36.260201322390174],[5.091851913605961,36.261454328368494],[5.091798434544245,36.26621225799592],[5.084539022827628,36.2649012349032],[5.082541360587878,36.260201322390174]]]},{"type":"Polygon","coordinates":[[[4.374574330112693,36.28650113762754],[4.357299814487055,36.28280451480554],[4.351088286400894,36.269458422643964],[4.334348751508575,36.25250048462553],[4.3091503907066775,36.24648513577471],[4.28719380404817,36.249753708767955],[4.271435356840463,36.25600084414878],[4.258463839318123,36.236924881896925],[4.2352720239982995,36.2264949994379],[4.230451725922329,36.21538290479463],[4.232373597139717,36.20999634671552],[4.216209378481507,36.20278150340404],[4.212414659941589,36.197105099619215],[4.173419805832134,36.18685356580133],[4.170369774124861,36.18175236370182],[4.149126667125333,36.17694102874732],[4.165415735255018,36.1697796600507],[4.152649313595356,36.155336706091795],[4.150562438752696,36.137402175628466],[4.146562697398713,36.13385273794196],[4.156555476152575,36.12955414145456],[4.1421481465166545,36.1210194126883],[4.137390256569228,36.0998208733184],[4.143124717986115,36.09678418281059],[4.136993453414313,36.083888531626],[4.105748526608786,36.06326516118985],[4.092451492927019,36.04939735417107],[4.072438990985444,36.04722580218965],[4.066816069884186,36.042240458308484],[4.083435182021737,36.03456191643057],[4.091421415377315,36.01937424056259],[4.089459378304244,36.00996998233693],[4.0870737667094845,36.00057461383557],[4.111536412316901,35.99954014017305],[4.123272801549192,35.996164628435686],[4.128958094986616,36.001435233501425],[4.136797239191343,36.000463191227105],[4.144408906725899,36.010250928294965],[4.139936442660252,36.019998499913534],[4.168314147877707,36.025835444121064],[4.214969725242217,36.025434107011314],[4.236533980269068,36.01299766507658],[4.236596406114748,36.007209819676305],[4.2445513772739245,36.003138598658964],[4.254927764994074,36.010585353368675],[4.263765694122471,36.002558956076946],[4.265045472457045,36.005314685023386],[4.2686751364211935,36.000668297449785],[4.273678269174127,36.000842202717635],[4.275359341531959,36.00519427223772],[4.279274457107497,36.00599692462774],[4.280621081405335,36.00215760875495],[4.2828952317952975,36.00639827186155],[4.2927141274209895,36.00267487199475],[4.291786698587104,35.995165799611954],[4.302131781063639,35.9943631053478],[4.305400301211474,35.99212907900515],[4.31721248408021,35.99114813936206],[4.332890652553223,35.986452683401474],[4.358597374976425,35.9895963026578],[4.364911486064758,35.98822294451128],[4.374476212217991,35.99785014243729],[4.385280617535494,35.996472280525246],[4.39151448869693,36.008676800023586],[4.406037747676405,36.01371561403319],[4.412980585472244,36.008904236858776],[4.421814045698669,36.01337225569197],[4.424226435943281,36.01933405281801],[4.441153197484012,36.02809618555034],[4.441929073024825,36.033540781300125],[4.465624751728099,36.039725596476444],[4.471582049376866,36.04470634213181],[4.492892125333557,36.039092381042266],[4.489494295586371,36.0177198918926],[4.4983857160441865,36.00316541632514],[4.507772142136638,35.979897837399285],[4.502604020023609,35.971586054153285],[4.498983256924754,35.97353912853445],[4.502929583015023,35.96408581402098],[4.513403996191419,35.9584093906465],[4.512333785420578,35.95267942567179],[4.521523978376016,35.94236555587371],[4.520551913090749,35.93714841555291],[4.5303931524419125,35.93141845705325],[4.5241860798080245,35.923681927318064],[4.519254359059013,35.928613692272016],[4.507513539488614,35.9309635916501],[4.4959644108377095,35.91933430797592],[4.481516982873979,35.92024842924354],[4.4673236715682405,35.915896294683606],[4.464982642528181,35.91200353229786],[4.458396536464936,35.913546359171455],[4.452278661191395,35.90747757418691],[4.457424432271156,35.902492244057825],[4.4598278986427,35.889257650119085],[4.443360388675967,35.87258059439594],[4.4366984913489045,35.87178241171935],[4.439891245762037,35.860719404154246],[4.413569170597569,35.853446574263835],[4.417319266826312,35.82806536940839],[4.467881033314631,35.8216354066293],[4.477155975696999,35.81533470371618],[4.496932102304191,35.81389881371425],[4.527454585040465,35.822143756918926],[4.551319738290929,35.81417973849745],[4.5489519246812895,35.82386489829938],[4.540987999883788,35.83515092864806],[4.545549618401685,35.83686764154755],[4.544742585629071,35.843859507245895],[4.535632613914742,35.850508098173556],[4.537331540098782,35.85320139189413],[4.5430079426278756,35.85366060754924],[4.552545980869494,35.8595600055111],[4.563484164148899,35.867871818075116],[4.599420068936089,35.87645561263669],[4.604873529860699,35.86786290546191],[4.579679622549772,35.83451330567063],[4.591313431653205,35.811102985887096],[4.61029130149124,35.804200285845624],[4.62222391454106,35.81496903393005],[4.622455724302819,35.82110033051973],[4.639538613672847,35.821559542722646],[4.638455032411291,35.825974112370126],[4.642677794919291,35.826946175137586],[4.643355595538152,35.83433489329964],[4.666391322591296,35.843328876764],[4.675639427931854,35.84281163419204],[4.6841251161014865,35.843212966433335],[4.710910972799108,35.8627527720298],[4.725037402858591,35.8581063857948],[4.729478677137107,35.85289371231802],[4.736220773106458,35.85226051372933],[4.753896710174721,35.86572249566526],[4.7601439153089276,35.86354647176357],[4.779514200235052,35.871278584140185],[4.816123452222082,35.86920957035118],[4.820471098862613,35.864567592226095],[4.829696935196183,35.86898210062066],[4.83430762276743,35.87906859306858],[4.841161285995287,35.88066945185368],[4.860183811934377,35.86513834033341],[4.865200268422531,35.86233362445611],[4.862484719050239,35.859805310100434],[4.876468452786025,35.848630773355474],[4.877449473443259,35.84158541364305],[4.882457041439462,35.84009606200702],[4.884040010091155,35.83407630656224],[4.8903407437457815,35.83350549155848],[4.902184075510559,35.81459446774465],[4.911129021993543,35.81751072526575],[4.936113404031287,35.81430012820333],[4.936626190897568,35.82026200352135],[4.95052965424533,35.81883062142082],[4.957775721288104,35.81527220625663],[4.959559340784918,35.77945674803565],[4.964776471241755,35.767885406332255],[4.9751884827815855,35.765419487303625],[4.975852932494921,35.77200556694092],[4.988601443103806,35.77372677713217],[4.9908577667046,35.76644951553092],[4.9952723205591605,35.76627565855504],[4.997113856808155,35.77143037020981],[5.002736810958687,35.77074366780731],[5.00411469014677,35.77429760681714],[5.013006145335484,35.77710233907304],[5.032336325951703,35.786270288394526],[5.036585846405408,35.80764714442482],[5.036086432502201,35.812971375066205],[5.0385968836796,35.8166947344675],[5.031484666463677,35.8256396598169],[5.0366705511269805,35.84093439724614],[5.031957288654857,35.8431148907404],[5.033785502381942,35.84832759486341],[5.046605466304,35.853852386303096],[5.079732136150026,35.84493860491664],[5.098072358752689,35.845625327314984],[5.1336114583317505,35.85719669439805],[5.11946268816072,35.86493322089811],[5.1224190677732935,35.86865659759525],[5.119774816040056,35.88023240232561],[5.123569541489494,35.89043487903975],[5.114276735879503,35.90298278064978],[5.1218617285141885,35.90097620562957],[5.1292013960047305,35.90349555844651],[5.12680681535163,35.92779322573079],[5.116345796966335,35.93088339697332],[5.126900481587611,35.95294702555645],[5.11702360244263,35.972776573242605],[5.126878217952116,35.98601123176784],[5.128073230962943,35.99139334484393],[5.121117001440469,35.990764624599166],[5.126592846628157,36.000222354611985],[5.13577411187993,36.00165374567872],[5.140647880095167,36.010647738595424],[5.163246632676431,36.02737829741635],[5.175963972174407,36.02530038113232],[5.184864380682594,36.051756203093234],[5.188636716240363,36.07464474742718],[5.198598355009887,36.08002687907817],[5.186536521349567,36.08919927241474],[5.192672237204646,36.09361376877966],[5.156843366057239,36.114076634514454],[5.1551712239227605,36.12089012518911],[5.165315652220634,36.12283877438419],[5.1624172637590195,36.12558552646418],[5.166100425812964,36.135101306375994],[5.1739439833272165,36.13939982369071],[5.165841830457626,36.14816642741842],[5.15860911698466,36.18358063254505],[5.164241032061241,36.18924816273492],[5.1610839656364345,36.20168906533647],[5.1534544237953535,36.20357524708305],[5.1491915650827424,36.19979390222704],[5.149842559224976,36.207699871759196],[5.1337452152037075,36.21847752411844],[5.124737848818284,36.21217685103102],[5.115431654870771,36.226156129717744],[5.107293826026025,36.228564016895014],[5.109206755182406,36.23543999716473],[5.093238731568924,36.24587426123942],[5.083856760344647,36.249940948683765],[5.080039754460543,36.25670543605613],[5.082541360587878,36.260201322390174],[5.078523685933923,36.27051524273918],[5.083009565019459,36.27446598808198],[5.075589621591203,36.28867269126598],[5.064825305360073,36.28758915562997],[5.059532390087995,36.29446952227528],[5.055269462322094,36.294523024203755],[5.050177227833166,36.3109681834543],[5.025830495579464,36.30839980706785],[4.9931363920259795,36.326334295627504],[4.979112490246496,36.32192419182315],[4.974073709477574,36.31046881737199],[4.945080602946708,36.30198757293536],[4.907454766163837,36.30485924484827],[4.8968064267360525,36.29821519285036],[4.860522670400481,36.30068106790884],[4.853223190011517,36.30584026125057],[4.840242689866327,36.29908026591485],[4.824359369768538,36.29501353748832],[4.815900468712939,36.297136102894505],[4.809425878865663,36.293470729779386],[4.80314296274008,36.30939859504391],[4.7908938398268575,36.317197608713286],[4.783540804244975,36.317652444953275],[4.780486311098921,36.32562084581774],[4.775746267249788,36.32727962978461],[4.7780070751194055,36.33048570535548],[4.773445414534501,36.33232288951452],[4.778359337129387,36.34332347092313],[4.782515219113135,36.34635562387247],[4.781841858337312,36.35506875554928],[4.790933990220563,36.35769957576054],[4.791348694915339,36.38606840706563],[4.788294164088534,36.38922094478747],[4.791812405955895,36.389738250711744],[4.790251753645906,36.40459592111953],[4.772000635641053,36.416234249602574],[4.764513771032796,36.41707701554164],[4.761575269848472,36.42818014500535],[4.7308743368528585,36.431845542887906],[4.723369708759659,36.399713265429476],[4.7102554570859985,36.386884415653775],[4.700213536389459,36.38836928712821],[4.686635612252072,36.377658489922034],[4.679474317468737,36.37702977641657],[4.6794743174687365,36.37284266537796],[4.656179904221812,36.36161917561822],[4.62796720958297,36.36041962634191],[4.615664549101694,36.3550330689259],[4.621983123394115,36.347185016286744],[4.604088691761253,36.32289183781983],[4.605221370204388,36.30299981098275],[4.598318621062472,36.290911207872746],[4.599308544845425,36.28272424336388],[4.606389597588697,36.27572798192437],[4.618870662842394,36.276927427318014],[4.625006406057373,36.26913735484381],[4.610871015672452,36.25864959593458],[4.5929231489031,36.259973955200614],[4.586831973995233,36.25711121554738],[4.568331210217474,36.26100402391535],[4.554097729461277,36.24903572584839],[4.533465451353696,36.254083458901434],[4.523338861691408,36.251100302792146],[4.519735895107001,36.23912765690966],[4.525523786584007,36.238093169106406],[4.526264069893607,36.23367858505645],[4.497431519657861,36.23104776838173],[4.4859046728896805,36.230249554070966],[4.462409725971873,36.22365903173136],[4.423049194766355,36.22348961353284],[4.4097343397254996,36.2199445715358],[4.397975696929891,36.224871921984],[4.393637015610035,36.24796110058268],[4.380500483576335,36.250654391585236],[4.377093692397903,36.27461319056762],[4.371225560966088,36.28097631114725],[4.374574330112693,36.28650113762754]]]}]},"id":"000000000000000008d2","properties":{"ADM1_CODE":351,"ADM1_NAME":"Bordj Bou Arrer"}},{"type":"Feature","geometry":{"type":"GeometryCollection","geometries":[{"type":"LineString","coordinates":[[3.79796354699584,35.869744618415076],[3.796126354626461,35.86756411278555]]},{"type":"Polygon","coordinates":[[[4.351150690516831,36.34853166079155],[4.354874059400019,36.3566160286647],[4.369299200284523,36.357070836540025],[4.387287260780414,36.36801347703731],[4.374926567782786,36.37637876417782],[4.377673411195816,36.3802135991576],[4.387831238129592,36.38187680681977],[4.395014863403042,36.42347581325283],[4.394555550703253,36.4365989368473],[4.372335859572942,36.44496420202635],[4.365036326760063,36.46903442826682],[4.344635891825083,36.47637412155999],[4.3419114443885904,36.48066823155312],[4.3358425508919645,36.479468732377015],[4.332966436662928,36.4701849085518],[4.305712446060114,36.468700024261274],[4.291670722180629,36.463772677790246],[4.256782756090772,36.46291207647565],[4.242228178326751,36.46108827521442],[4.234692372822279,36.4797095014694],[4.223419697904103,36.48005732638059],[4.182792825762142,36.46161004285917],[4.166615236793453,36.46228780411811],[4.167038826602017,36.46820058741501],[4.145028717687138,36.47187038807539],[4.1298231718188525,36.46791962774428],[4.114871792374548,36.4712416709025],[4.101967175493304,36.46644813499216],[4.090195162812569,36.47141557604013],[4.079025102575195,36.46700551724961],[4.060680348869812,36.463170717521905],[4.043472721781144,36.46816041651929],[4.027629552570009,36.461569914976295],[3.9881441925098313,36.463010218033034],[3.98395262653782,36.458653663142165],[3.9650370775891774,36.46045962003618],[3.951655359649505,36.454876781983586],[3.937096397642215,36.455510011746924],[3.9241203688017343,36.46100806144937],[3.912450949433651,36.459527602971825],[3.8986366766520657,36.46795090755276],[3.8753378412809893,36.47304762292752],[3.8631511172729565,36.46927074783275],[3.849243186345416,36.4729940955051],[3.844414000746989,36.48875261186693],[3.832967459627542,36.48864113358496],[3.8202813503847017,36.505487552785084],[3.8166650194746587,36.5040027291758],[3.811336360665074,36.514829428646564],[3.8163528453253948,36.520849145090324],[3.8082595645376704,36.5278366350472],[3.802980035914006,36.537637663318506],[3.793468767654738,36.537223043113926],[3.784978650389762,36.53473034254869],[3.7792486927321844,36.536112715297065],[3.7672937903848567,36.53632229352413],[3.756007850159135,36.55282989455536],[3.7315541639858822,36.56583707696],[3.7224040116665518,36.58795419356141],[3.6804572976509524,36.59219928826308],[3.6682482887381607,36.58879254045859],[3.6464744962160425,36.590977460639124],[3.6374670838569925,36.58836891281881],[3.6160634393186215,36.58997863088168],[3.577523397853134,36.594393178102834],[3.5776973238862047,36.601942422348564],[3.5639097663894446,36.605166315921224],[3.553537893243106,36.60299478341897],[3.4994222324060247,36.6151457852438],[3.492430367861368,36.61033440264521],[3.4922430916993865,36.60357442378253],[3.4884127586689555,36.601799716300086],[3.490419325474959,36.596466624166546],[3.4838733606741457,36.58959068317341],[3.4744646254989995,36.58918935521981],[3.4794543903546775,36.581631200907054],[3.4761903070064504,36.577390584127556],[3.468476073451985,36.58008385877913],[3.4620192952369875,36.57748420394349],[3.4634105089604272,36.575219028252306],[3.4471259258994764,36.56909668738567],[3.4170537447122307,36.567112350744],[3.410075238371626,36.55052448731922],[3.402512580503749,36.557739287059555],[3.3872312435565934,36.55785970129529],[3.3800253213637528,36.554363764752765],[3.3531681900011776,36.5655962377405],[3.351509373338667,36.562448145207284],[3.332321874008631,36.566862617597316],[3.310004115786252,36.556232127053455],[3.2978753147745126,36.54693047968791],[3.3022720073107132,36.533570999266544],[3.305781318805722,36.533963374297024],[3.3068916161313853,36.529508796300725],[3.2950126229360004,36.52187921225839],[3.301496136943364,36.49659170669832],[3.315288135533086,36.49681910689491],[3.33648669565062,36.478309390453674],[3.347884173840467,36.47437200000862],[3.3590631456773576,36.47555361020421],[3.368832982882085,36.465400287597106],[3.360128817074268,36.45827464113965],[3.371138360698194,36.455808699998975],[3.377019927048802,36.43569373937325],[3.393166358057065,36.435060569146124],[3.4056696084846703,36.4190122217376],[3.4133036451763603,36.41844592607128],[3.4170983180643755,36.40930035030842],[3.4293117731254066,36.40434181655005],[3.4343862571090846,36.411048296615036],[3.428147973189487,36.41534239074005],[3.4403257964947924,36.415400373539],[3.448597375176552,36.41694763178688],[3.4509963731946187,36.4253174187132],[3.456276009962031,36.427952722788206],[3.4545503264551365,36.430641570256256],[3.4719586017150843,36.43782966194045],[3.4822012175303843,36.436714880105946],[3.4844263088078655,36.444959742646255],[3.475784585344912,36.44857160589324],[3.5015849365636997,36.459973531523445],[3.5099501627405987,36.44662302075114],[3.5260029495592797,36.4458783233234],[3.54383044439287,36.43114541881221],[3.5649487242406033,36.43349091626463],[3.564034616234275,36.41670685032001],[3.5445349457875217,36.40644649908239],[3.551580351265273,36.39607463400818],[3.5495113484003564,36.39247166969735],[3.576042965743329,36.364499755736134],[3.5900490049432356,36.357226939237684],[3.590735693476523,36.35087721135143],[3.5855854881969886,36.35155493545059],[3.576364009361046,36.34083525919492],[3.5660367344945527,36.33923894112441],[3.556717257762731,36.33757123507337],[3.5392910940593003,36.32863965281112],[3.5365264583340035,36.322276490342816],[3.5468403122963315,36.319690185415666],[3.5420111200926714,36.30302208181319],[3.5315901601128603,36.28188149510746],[3.5170847227525646,36.27987487172557],[3.535121781020531,36.274376862393495],[3.5400267868806337,36.276147104559264],[3.544592908603198,36.27184852433962],[3.5485035857289575,36.27299450253297],[3.5517944042374774,36.259585977903974],[3.5694167357094724,36.23752685305994],[3.5549157603268746,36.220626828158224],[3.5582065373998217,36.21053585663005],[3.553297123568389,36.207575008621916],[3.539848438449975,36.20761962354988],[3.5243664243290027,36.20297773185186],[3.498583964955212,36.19902695505586],[3.4895899213602766,36.19495582508733],[3.488055968767383,36.18080705747309],[3.4825757720945445,36.175023576535814],[3.4779784043471524,36.162011966053015],[3.4868654284000193,36.15118077882131],[3.4971079514448427,36.15072148430208],[3.5006886436931204,36.12900564394274],[3.5084519090835746,36.12126914396099],[3.488555382832459,36.102701407800346],[3.48110871216266,36.1036779668945],[3.4646947289628973,36.09148230861536],[3.459624772851852,36.08511922844814],[3.4504300845811717,36.07933579423634],[3.446680001110814,36.06833069883358],[3.4300475360943006,36.06186056264568],[3.4093885719143655,36.0654724012179],[3.4069315524866264,36.06919575518781],[3.3971438638189606,36.06804527520268],[3.4033954813422307,36.05601914400549],[3.405370905909857,36.04467515746518],[3.4283976865931534,36.03589967972038],[3.4393849356495494,36.036929670193494],[3.440365923651639,36.04151368923261],[3.4570652572269225,36.04409102397019],[3.4661394968720165,36.03612260838783],[3.4864239265600396,36.03538239218723],[3.5101285586517452,36.02512203092508],[3.522150272632532,36.02803379486152],[3.551401961622821,36.01915575436083],[3.5572835200306696,36.01268112593298],[3.552739706462491,36.01118728582784],[3.5611629941466156,36.003281346877166],[3.5688013798280007,35.976120904917394],[3.5747899344939427,35.97136311923427],[3.5909185493479954,35.96425531255182],[3.5842610784650764,35.95714742812848],[3.6017497184309293,35.938352365827114],[3.618404405939146,35.92013246484606],[3.6165093330003844,35.91602119177324],[3.630996960783805,35.917033412366486],[3.6360580306829737,35.930268031836846],[3.631112854504621,35.93680505693473],[3.6422962683769318,35.94659722322315],[3.7154121825747093,35.93965443997394],[3.728999025836163,35.91742134274519],[3.742603766936828,35.909167555174676],[3.745787562509068,35.90337959582923],[3.754772663915636,35.8991970135436],[3.766718576985957,35.90578751205982],[3.772903392237123,35.904681651908405],[3.7719402336529004,35.90028500333396],[3.796674829318204,35.89403331700526],[3.7974908427482474,35.88286332058941],[3.791355160751303,35.878332883179134],[3.7901021313087426,35.87071222856352],[3.79796354699584,35.869744618415076],[3.8045228287928583,35.86251640333926],[3.8118981892632027,35.858106359837564],[3.812366449144456,35.854842326470205],[3.819523251479231,35.86641368949224],[3.8364098938747353,35.86635120969063],[3.841912432412647,35.86096913068754],[3.841118688857151,35.85592140227149],[3.850545266238703,35.85242549706005],[3.8538539203123614,35.86320313272979],[3.891881070901375,35.875456715561384],[3.8914486074723142,35.88090131234052],[3.902926324765056,35.8927625411713],[3.912169987949158,35.89860389556169],[3.926425781938415,35.890234232293594],[3.9388577547487045,35.89585267286502],[3.987497595287697,35.87017266125962],[4.032356164343564,35.86220429569341],[4.035985880210545,35.87675433469329],[4.030425338981271,35.87916221205481],[4.034193316377075,35.88317101602686],[4.0276250334306685,35.89108585563932],[4.02733970511938,35.89624503384836],[4.013485249085479,35.90724124437283],[4.013703744909208,35.913541941238826],[4.016807263959009,35.923570417471545],[4.027794501425091,35.92821239450919],[4.02697848889505,35.937723613284206],[4.0422062906776866,35.960817319185225],[4.040623314679366,35.974337267105206],[4.043468279203186,35.97600503781267],[4.040716993468449,35.978693813262446],[4.052685184800068,36.003330361457536],[4.056060770881453,36.01302002729311],[4.066891939563929,36.01765744463046],[4.06391766578944,36.0237887420083],[4.059935703240296,36.02361478867254],[4.064488413763977,36.034847327308675],[4.063391522789819,36.039948484378705],[4.08325679673194,36.050142043357205],[4.097124621308213,36.05146192885121],[4.105748526608786,36.06326516118985],[4.136993453414313,36.083888531626],[4.143124717986115,36.09678418281059],[4.137390256569228,36.0998208733184],[4.1440521888120045,36.123133060745374],[4.156555476152575,36.12955414145456],[4.146562697398713,36.13385273794196],[4.153095206421401,36.14129941183167],[4.155034950737162,36.157976426529736],[4.165415735255018,36.1697796600507],[4.149126667125333,36.17694102874732],[4.170369774124861,36.18175236370182],[4.183742645500972,36.191664967937484],[4.212414659941589,36.197105099619215],[4.226028324769121,36.20770434658984],[4.232373597139717,36.20999634671552],[4.233822829775425,36.219275749552445],[4.239303005207249,36.229130356429],[4.262325344606571,36.23893142741117],[4.271435356840463,36.25600084414878],[4.28719380404817,36.249753708767955],[4.315054220563543,36.24775155332978],[4.320356099957254,36.251296506507686],[4.334348751508575,36.25250048462553],[4.346102935641173,36.26155248810756],[4.357299814487055,36.28280451480554],[4.374574330112693,36.28650113762754],[4.376536333734831,36.29112071970121],[4.370748414947653,36.30011031442869],[4.378591985430549,36.30796280948978],[4.3858826261243635,36.30956803256348],[4.37331685040911,36.31226131892696],[4.374190879190105,36.32051069409595],[4.365143366910666,36.319021377457936],[4.364322888082657,36.322865099087544],[4.369446402119666,36.32566986570614],[4.361076619607812,36.32779239492036],[4.353348992725379,36.336786425917744],[4.351150690516831,36.34853166079155]]]}]},"id":"000000000000000008d3","properties":{"ADM1_CODE":352,"ADM1_NAME":"Bouira"}},{"type":"Feature","geometry":{"type":"GeometryCollection","geometries":[{"type":"LineString","coordinates":[[3.9165577956695654,36.91599244152945],[3.919407140024088,36.913401684808086]]},{"type":"LineString","coordinates":[[3.8553031204978563,36.9126257907522],[3.852672194775849,36.911069541370566]]},{"type":"LineString","coordinates":[[3.5640569301849077,36.80439005274224],[3.561225377002402,36.80491173688545],[3.5581352028978714,36.80436332372005],[3.561617819448319,36.80188845861703]]},{"type":"Polygon","coordinates":[[[3.2575115800627605,36.717861210893275],[3.255990963931603,36.722957973118305],[3.243880055369181,36.72100037911679],[3.2440762868738213,36.71842750542638],[3.2575115800627605,36.717861210893275]]]},{"type":"Polygon","coordinates":[[[3.2268641523025474,36.67248983734827],[3.2383463139745783,36.6704163263778],[3.263914846413552,36.63013281139982],[3.2590320900025005,36.62360021792229],[3.2706882166607527,36.622958121711406],[3.276048065508118,36.638208234246946],[3.285100047690505,36.640156919383635],[3.2848012311213237,36.6340791002814],[3.3050232893498497,36.634467068521985],[3.2977549734513785,36.623943628537454],[3.2866250233136087,36.623448657168254],[3.2798962010798207,36.615631807390095],[3.2913784576022755,36.59609201607908],[3.287119948065311,36.58823958956622],[3.3008763403856665,36.582812830769825],[3.2921275223870667,36.57771166977497],[3.2878824613684863,36.569288427115396],[3.2821480471599194,36.56699640640585],[3.3001673088684536,36.55656657557337],[3.310004115786252,36.556232127053455],[3.313812126474056,36.56061545901101],[3.3394162925726723,36.566345384336685],[3.351509373338667,36.562448145207284],[3.3531681900011776,36.5655962377405],[3.3800253213637528,36.554363764752765],[3.3872312435565934,36.55785970129529],[3.402512580503749,36.557739287059555],[3.410075238371626,36.55052448731922],[3.4170537447122307,36.567112350744],[3.4541400819335,36.56997060151614],[3.4634105089604272,36.575219028252306],[3.4620192952369875,36.57748420394349],[3.4728816601822934,36.579624608004806],[3.4761903070064504,36.577390584127556],[3.4794543903546775,36.581631200907054],[3.4744646254989995,36.58918935521981],[3.484453058301782,36.59207885546253],[3.490419325474959,36.596466624166546],[3.4884127586689555,36.601799716300086],[3.4922430916993865,36.60357442378253],[3.492430367861368,36.61033440264521],[3.503618254015704,36.614632989593176],[3.5340694757111817,36.606084898661756],[3.553537893243106,36.60299478341897],[3.572016386915167,36.60470705792254],[3.5776973238862047,36.601942422348564],[3.577523397853134,36.594393178102834],[3.6374670838569925,36.58836891281881],[3.6464744962160425,36.590977460639124],[3.6682482887381607,36.58879254045859],[3.6986950157667176,36.59260061076295],[3.7224040116665518,36.58795419356141],[3.7256993201382533,36.58477929847782],[3.7327581075131877,36.58807009451847],[3.734077977280881,36.60064927126466],[3.7383230667839378,36.60381076837572],[3.721494400492458,36.64102196080918],[3.716781088441514,36.65047080997578],[3.7343633841684905,36.65035933837469],[3.737631887810594,36.653222079204],[3.763976247388215,36.65212955474939],[3.77196698135107,36.648343809122494],[3.7749500969093592,36.65401576790011],[3.7852194418339034,36.65756966601427],[3.7832306394441675,36.660949716768215],[3.788474542012228,36.6588315837941],[3.7904855755221347,36.6503504294818],[3.7872839358981527,36.64553457408628],[3.804273179755412,36.63779803820885],[3.827130514477176,36.63922942161011],[3.8272375435889368,36.64799599929549],[3.817592474288974,36.65957178852395],[3.820985836042538,36.67378294902904],[3.8125625997133556,36.6779076665278],[3.813699713686589,36.68077480986082],[3.8200360476240247,36.67882621394655],[3.8183906638302347,36.6883954509279],[3.833498088768831,36.69000072285142],[3.8503490475360036,36.67973587032937],[3.8661655061400175,36.6739479699234],[3.8759398382339945,36.677042575150224],[3.8812505979295113,36.67600802478753],[3.87226550616551,36.6871246388243],[3.8651577127588306,36.6886763490795],[3.859137929001784,36.70099683780143],[3.8493011110754503,36.704376875356935],[3.8461352246855705,36.719047305814875],[3.8514414990948453,36.726378041373216],[3.849417116026758,36.7299899811189],[3.8651532855021413,36.74791995309231],[3.868154198860881,36.748562123258175],[3.867681544323058,36.761386478165036],[3.866932452120878,36.76470852438758],[3.893526485705261,36.774679056673385],[3.8988685214649705,36.76201522195615],[3.913454229237379,36.75490742118051],[3.9186401877149026,36.75616485115717],[3.924343386010759,36.77679264522228],[3.926376712975055,36.7784024122211],[3.9284635460651622,36.773412645891725],[3.9370250734754895,36.77180735308568],[3.9714805248523426,36.780569558578044],[3.982235894516768,36.805152523925905],[3.9758504193657203,36.81123033444649],[3.9910069128824275,36.81031169106391],[4.011429641832495,36.82308707019873],[4.014305723192295,36.840214435650175],[4.036833128361552,36.84943587119675],[4.037194257279477,36.852936241026455],[4.040734840777704,36.85465303447157],[4.035165375006384,36.855914979046055],[4.03702927856507,36.87619943565568],[4.035954630795926,36.900925142639785],[3.999885015445288,36.90221824410485],[3.976822551819815,36.89983706277056],[3.9668876419308967,36.898637628980964],[3.9413102209794513,36.899484861679454],[3.9164908538738934,36.910596941562865],[3.9165577956695654,36.91599244152945],[3.921431563353938,36.92211921605699],[3.9072962423022912,36.9176021669449],[3.89071727463804,36.922609730115994],[3.874651174067908,36.91682181956035],[3.8707672764461196,36.91273726637576],[3.8553031204978563,36.9126257907522],[3.8537646958988705,36.90849222324236],[3.852672194775849,36.911069541370566],[3.8499700455147066,36.91275958861088],[3.72747850704814,36.88364611039722],[3.7174945976577325,36.875998785968434],[3.7211376551982487,36.87263661008733],[3.6980975093848976,36.85324843179108],[3.6128707273139806,36.81513646693922],[3.5640569301849077,36.80439005274224],[3.561617819448319,36.80188845861703],[3.5530384460585798,36.79235050697313],[3.5301187250888098,36.78603190283156],[3.515479498552533,36.78272329356079],[3.512500752751345,36.77534348698901],[3.480725227114332,36.76743303126777],[3.4712139710610965,36.76775405827466],[3.4678651976862125,36.76696928460075],[3.3881275664858523,36.77599897744427],[3.3623138268997197,36.781653053986815],[3.351081300686501,36.76071314097721],[3.382870268336248,36.76866816591926],[3.380239405958593,36.739447731032094],[3.3860897440725637,36.73720919811772],[3.383530179137582,36.72918726976489],[3.317419603755576,36.72125453477909],[3.31351789793972,36.714298337399065],[3.2734885411045638,36.70158549347103],[3.2575115800627605,36.717861210893275],[3.2562585281702403,36.70078729988374],[3.2603609538731146,36.69327370137662],[3.2268641523025474,36.67248983734827]]]}]},"id":"000000000000000008d4","properties":{"ADM1_CODE":353,"ADM1_NAME":"Boumerdes"}},{"type":"Feature","geometry":{"type":"GeometryCollection","geometries":[{"type":"Point","coordinates":[1.524994721111878,36.54505766367881]},{"type":"Point","coordinates":[1.366250751158688,36.55377960510865]},{"type":"LineString","coordinates":[[1.3141505674767175,36.52771177175931],[1.3194836522908702,36.527033998356664]]},{"type":"LineString","coordinates":[[1.316781441346816,36.52236078438546],[1.3163845758118775,36.52471080550797]]},{"type":"LineString","coordinates":[[1.0990034462708802,36.49278806484224],[1.100225187373191,36.49486155737184]]},{"type":"LineString","coordinates":[[0.9538106212816126,36.02381547014319],[0.9499847478566928,36.02377532017732]]},{"type":"LineString","coordinates":[[1.3957967076698001,35.90493581581386],[1.3993774032942647,35.90373187643463]]},{"type":"LineString","coordinates":[[1.6643862283896367,35.93853964049254],[1.663539028289053,35.93601576082372]]},{"type":"LineString","coordinates":[[1.654964117063289,36.042829090555756],[1.659088794540089,36.04437639763506]]},{"type":"LineString","coordinates":[[1.5891879113048917,36.242864324651165],[1.5930316989019428,36.24424225170305]]},{"type":"Polygon","coordinates":[[[1.5285263553292727,36.371179452076326],[1.5307514069351027,36.386590097497646],[1.5368648526731463,36.396502717501185],[1.5430050393264445,36.3967836398438],[1.5466035013343302,36.40137201273524],[1.5503269035443066,36.400056578548046],[1.5532609670050606,36.405554660717875],[1.5616975898523988,36.40537629910643],[1.5772197288616647,36.41305483746481],[1.5815227452288447,36.42107676195298],[1.594400630657653,36.42050156459691],[1.6081792455933086,36.428639411617205],[1.6132537455633824,36.423596226262475],[1.624312265968072,36.43901130185803],[1.6238975721639346,36.444277466568586],[1.6279553740780852,36.445708886697716],[1.6263233652431872,36.45097956294691],[1.638880171299041,36.45161276302094],[1.6398923821068006,36.45900146688952],[1.648195197643396,36.464388047997474],[1.6475842989860343,36.47625372307427],[1.6515529603212629,36.480146478265844],[1.6519319809263195,36.47602184968793],[1.655231712277576,36.480092992751295],[1.6536798905523222,36.48461454492388],[1.6750702281221892,36.491205103794435],[1.6683592471725353,36.49360850368803],[1.674820526176034,36.50140305303908],[1.674272046962696,36.51887827922402],[1.682766616822844,36.53061904653752],[1.6904452365589193,36.53623756220625],[1.6887819468560652,36.53996090910101],[1.6964649690275664,36.54855804551314],[1.692286818177378,36.55314199920597],[1.6617553667656226,36.55361020931022],[1.6521950372567402,36.55401597744918],[1.6230860427222131,36.54366196355735],[1.6129192619186214,36.54226180159878],[1.6028328149365294,36.536745899992766],[1.5834223551988993,36.53625981468027],[1.569108579940664,36.53557760259752],[1.55179391021865,36.542047739863115],[1.545506553072484,36.53773137429852],[1.523295836742828,36.541659818796745],[1.517601537562824,36.531992496894645],[1.4925413953072357,36.52756901679278],[1.47208746209296,36.53167589934253],[1.4671423672011654,36.54021950250299],[1.4553524962278974,36.54083934960215],[1.4372886681888177,36.53649170744715],[1.4308765120006912,36.53872122642804],[1.3910879008811718,36.53844478460738],[1.388055747452777,36.546627241742286],[1.386383593307005,36.550457599568915],[1.363731322293288,36.55258903366092],[1.3396878890755304,36.549976037531906],[1.3229216429099624,36.52657910670366],[1.3194836522908702,36.527033998356664],[1.3203665605553283,36.524474440691726],[1.316781441346816,36.52236078438546],[1.308371602261462,36.51498991259283],[1.2765068848488599,36.50775725666534],[1.2454046513398118,36.50479196800599],[1.2243799656582277,36.50576402670438],[1.2054511091984415,36.51241700611937],[1.1942944104009097,36.51327759264661],[1.1793519694438397,36.51253741305367],[1.1403437598028157,36.49369774173542],[1.1016030537300852,36.49051839633077],[1.0990034462708802,36.49278806484224],[1.0954718337327862,36.49401434711852],[1.0833742736104335,36.494335358714274],[1.0689267904068598,36.48691094664281],[1.0483836904034243,36.48143521363489],[0.9986424197882903,36.46121766001136],[0.9761640780973497,36.45736940885732],[0.9499847478566928,36.44921821473111],[0.9357468238271036,36.44640448818428],[0.9250761767282211,36.42926374679216],[0.9162114821227908,36.405336185555015],[0.9126486819282625,36.403191358255334],[0.9118504783852439,36.40008333864472],[0.890103442821255,36.38254128260901],[0.852401770173385,36.367224228654884],[0.8233551683550221,36.36165926760728],[0.8051219182424455,36.36546733906314],[0.7861707194864247,36.35060067635566],[0.7614851555722878,36.336527764344375],[0.736598898678639,36.330704194550066],[0.7181872820407946,36.27346272205582],[0.6930825000961637,36.24327011074665],[0.6907236666402686,36.21644865250761],[0.6936488753303235,36.208658595521484],[0.7028658130577213,36.20843562670766],[0.7041188015492836,36.20292866704978],[0.7171705823690914,36.20412817158715],[0.7273864232582349,36.19896895613951],[0.7309938342035286,36.203156064011516],[0.7390157347163745,36.199312286057484],[0.7547474421605798,36.20102907312324],[0.764392501499056,36.19472394103805],[0.7909955077017736,36.19862562928233],[0.7962794937665616,36.20406128897293],[0.8080961591797228,36.20641120051296],[0.8186909209754999,36.21581096140844],[0.8353100133009372,36.21821003073455],[0.83974686245188,36.22222321630288],[0.8434969403933532,36.21248454049715],[0.8702872402774245,36.226686705669245],[0.8901658790449234,36.23063754776008],[0.9135093001076057,36.208457936859645],[0.9071818492645516,36.20101128249003],[0.9164835232641932,36.197225506555306],[0.9179371827332099,36.181145929076806],[0.9209648893712559,36.17625430164571],[0.9184053386260834,36.1550423812163],[0.9313457156807575,36.160611755053964],[0.9440452060065478,36.154369046868666],[0.9324515574610871,36.148121807141635],[0.9385293028449432,36.143827717314295],[0.9342440883137232,36.130642192874966],[0.9417532164451882,36.13866409312746],[0.9454899334655359,36.126624539419524],[0.930948797073104,36.11551691127372],[0.9049834986746618,36.08944902815509],[0.9253927772424043,36.096668273484404],[0.9291428623076011,36.095000584476026],[0.9255354558447366,36.08807111874011],[0.9279567707478458,36.080392564726296],[0.9234798103555777,36.07156352582351],[0.9288797690277238,36.073168818121296],[0.9356576547374097,36.062395623907385],[0.9418335096928581,36.06222617803842],[0.944598112285696,36.068816737435206],[0.9545374871712131,36.04600840805351],[0.9497171482939144,36.047497733957776],[0.953284484234001,36.035699014809666],[0.9538106212816126,36.02381547014319],[0.9572352320102911,36.020390921874146],[0.9542610390167718,36.01770207219545],[0.9839541671266798,36.01763965300013],[1.006659925348934,36.027150922596284],[1.000051490553317,36.03540023765145],[1.0177585804896219,36.041531468326255],[1.0169604490788196,36.04451467115578],[1.0385246189688997,36.04387697021554],[1.0223336444591378,36.034249792685294],[1.0389883799049286,36.02548315422257],[1.0506221562184155,36.032755982690055],[1.05538001078383,36.019811176035056],[1.076534040636436,35.99820683969657],[1.0766009271304107,35.98714380843496],[1.0841233859371573,35.98897653344847],[1.1013533404023965,35.98123999405091],[1.1069361888923095,35.98272483212186],[1.1103607200380112,35.97332957431654],[1.1224136770954227,35.973793310974706],[1.1465418644833216,35.95705386194197],[1.1512506770742048,35.94920131487561],[1.1904908260832254,35.948108841284714],[1.1985171843448106,35.95515872342555],[1.2121575870585415,35.95794121807844],[1.2138653795015253,35.96403228533175],[1.2313049685067425,35.96369340350961],[1.2652208999445997,35.96878568754066],[1.2715795703691286,35.96855381355476],[1.2865353817248577,35.98109729945195],[1.2941381421031022,35.97342315905638],[1.2979373179648963,35.97438188113949],[1.3016695886072636,35.94459952088851],[1.307412867420975,35.9435694754736],[1.3145073450865916,35.93388430642879],[1.3300785202248204,35.92924242197815],[1.3417435300434724,35.908324755382466],[1.340173909963603,35.89933073047532],[1.372332916280532,35.870618626487236],[1.3677890977811535,35.86270813970214],[1.3901336966617952,35.853888052917526],[1.4058252583940174,35.867920883618474],[1.4088663441693767,35.87823027241804],[1.3933977148324002,35.885240011377086],[1.389442508567691,35.88287667290306],[1.3934779982453382,35.90229609217606],[1.3957967076698001,35.90493581581386],[1.3934022077533321,35.90745524200705],[1.406578823211907,35.91731428204658],[1.4084070912645903,35.921545980559245],[1.417686465966824,35.92166642618606],[1.4017719456173854,35.933812973721594],[1.4066502165829697,35.937362399328975],[1.427385008427885,35.93673373505069],[1.4326467733563695,35.938276517623116],[1.425378430238118,35.94143357304799],[1.4453194911352203,35.94343570214687],[1.4548307822340047,35.93896321517945],[1.5072742273205164,35.95930122032667],[1.507483818398207,35.96663195158216],[1.5157063883063375,35.974199043336554],[1.5062397279730062,35.987375677560166],[1.5090311167717554,35.992815816519425],[1.5252221307053644,35.986399135230556],[1.5297169316258774,35.99447907115731],[1.5391077788302816,35.999928044515585],[1.5464652724829047,36.01705549809186],[1.55290868841666,36.024671652612206],[1.5518296175669897,36.03266683459138],[1.5672402191185737,36.0379686802994],[1.5607656677162884,36.022147747558996],[1.5653138875183865,36.02043101861676],[1.5640742565421477,36.01722051286043],[1.5794760069083855,36.01940098467975],[1.5809966072279977,36.00868133060535],[1.5870207985448093,36.008511878234216],[1.5899147460849146,35.99819352679101],[1.614109881516085,35.989426877655994],[1.614029627303304,35.98031697700752],[1.6187830218491042,35.97332505124721],[1.6120943169927011,35.971033119872615],[1.6201207095101968,35.964326624888066],[1.6234115709045165,35.965757984336506],[1.622724824831904,35.96295319700011],[1.6291147102753474,35.9598006059305],[1.633390985028846,35.95297816788115],[1.6401688477855487,35.95183668988848],[1.6401509945090635,35.94793497002457],[1.6442756676468577,35.949201374961966],[1.6468307086582288,35.94249933197348],[1.6643862283896367,35.93853964049254],[1.6734694322796628,35.93189109876424],[1.6770767926509282,35.93303263855363],[1.6833507973537492,35.925180186961484],[1.6861154171845454,35.9269014068923],[1.6894909527299469,35.923178020434136],[1.6922110173437683,35.925073178471784],[1.7073229201731326,35.92031082886104],[1.7076127262633773,35.93239947702323],[1.6996800379507915,35.938994464913925],[1.7164908103260714,35.951484379511356],[1.7048169126447943,35.96574905070878],[1.7034881054654791,35.96976226093199],[1.7151174181179314,35.97795359414375],[1.7197905573838739,35.98803563801209],[1.7164506624590414,35.993020959849055],[1.7070509226669288,35.99039003850447],[1.7027879960057137,36.009644469290265],[1.688657130389343,36.01417042384673],[1.6792037901629497,36.02511753668009],[1.6601188950717165,36.0223707056286],[1.6582817180022833,36.025349377682176],[1.6709143756011335,36.03686723817801],[1.654964117063289,36.042829090555756],[1.6506076092201474,36.05950170145803],[1.6269654378689162,36.08557847493274],[1.6281515569929468,36.10614832877587],[1.6393439007679091,36.128145045415486],[1.6228318273565017,36.12247757946054],[1.6143952145846332,36.12774819094886],[1.5993100949487655,36.1221386542213],[1.5939324257948866,36.127529705679166],[1.5818616460163772,36.12740933669852],[1.5874310684463677,36.134691058543645],[1.568693899332515,36.14844286676886],[1.5778127661896877,36.15456973929089],[1.5766311379636821,36.157494885401725],[1.5687028481673442,36.153940950203186],[1.5677797967594214,36.161851452624965],[1.5745798983651447,36.164138900465055],[1.5836140446091662,36.16013462742631],[1.5830522217130822,36.171416212688634],[1.5785485077803116,36.17267814329441],[1.5764304552364221,36.17789080834934],[1.5670619144540696,36.1823632461526],[1.5689614776942435,36.18826265844788],[1.5829809031340536,36.191589185560936],[1.6000503485034243,36.18827155812757],[1.6111311732178606,36.20178713503745],[1.6264972497131034,36.20584938849505],[1.6332929185978522,36.21473636312902],[1.63221383221344,36.22223659559287],[1.6195901017724412,36.220867591502056],[1.6233669180081691,36.23876196322839],[1.6048393604513556,36.24304272029844],[1.6092003605081542,36.23249692915122],[1.6061860166172457,36.230717801819814],[1.5989399729388802,36.239716204717425],[1.5905970481456213,36.23932386519509],[1.5891879113048917,36.242864324651165],[1.5846485607016425,36.2371388999515],[1.5796721912918301,36.24046533673655],[1.5806577132512558,36.2446480080614],[1.5706916064955148,36.24355553743323],[1.5631244614695174,36.23485133049367],[1.5450517417069374,36.244594515403456],[1.5551917859181232,36.25324514553547],[1.57934669732865,36.256736634332526],[1.5803500403713553,36.26894563680685],[1.5940394309147972,36.278282964698356],[1.5943203391193306,36.28710759886041],[1.6020836318372587,36.28830706121142],[1.5970270234643553,36.2931808947161],[1.589263753717518,36.294389277617675],[1.5897185890175856,36.29856749605749],[1.5810188747492744,36.2972519832794],[1.5658044105586606,36.30178250295351],[1.5565964084409378,36.320287764583256],[1.5395046579369274,36.33845409237642],[1.5376496306926808,36.341776167745564],[1.5353665791831705,36.3447592460022],[1.5375827477422959,36.34911134295394],[1.53251724005548,36.34802336450208],[1.5340466727156392,36.35317809664189],[1.531134908051547,36.36458445714604],[1.5333287629281411,36.36687643608468],[1.5285263553292727,36.371179452076326]]]}]},"id":"000000000000000008d5","properties":{"ADM1_CODE":354,"ADM1_NAME":"Chlef"}},{"type":"Feature","geometry":{"type":"GeometryCollection","geometries":[{"type":"LineString","coordinates":[[6.4249091267562735,36.25371339454454],[6.421208067219139,36.25349930848877]]},{"type":"LineString","coordinates":[[6.922741015648532,36.43140850192177],[6.920894902955324,36.43353103617961]]},{"type":"LineString","coordinates":[[6.35159701833928,36.49285049287979],[6.349639536545074,36.497835737904765]]},{"type":"Polygon","coordinates":[[[6.313208629509997,36.354252691403595],[6.312508589766007,36.34164238603533],[6.329430823140158,36.345312233364055],[6.342357774619768,36.356424310778635],[6.361558665480874,36.356134472084],[6.375283770841223,36.36043300826425],[6.382949008829545,36.35888126464484],[6.379198856213147,36.346444809031034],[6.386168499748549,36.33544417927536],[6.4103546366013875,36.331832376643064],[6.42520345914823,36.32580807780397],[6.426483195332598,36.31578404618672],[6.434545286175842,36.314522093662504],[6.434246521307056,36.308912581427776],[6.4209940355237665,36.296703526111536],[6.406760612316184,36.288110902644966],[6.411942071544955,36.26702376425533],[6.417685412651608,36.26473182675853],[6.4223585203685705,36.25889035002449],[6.4249091267562735,36.25371339454454],[6.451097414437445,36.24851401651693],[6.463248512696379,36.24970907053063],[6.467199243364236,36.25372228710681],[6.478543212346101,36.25567094328858],[6.481107152815986,36.259568162397414],[6.487916202689256,36.2564735418963],[6.496977119936163,36.257271711904856],[6.501748364520595,36.24036730746866],[6.540150163023102,36.22472030993365],[6.535200522182522,36.22128231429196],[6.542196853380985,36.216297041073986],[6.536854836962642,36.209479056406565],[6.527009197367009,36.20781586439676],[6.54322689924845,36.19532589745626],[6.54420347174114,36.18117267241803],[6.527646837701265,36.1683394026876],[6.519138846900425,36.16558371615703],[6.513217174110153,36.15613035444882],[6.5225723454104045,36.15132349081599],[6.533506037935679,36.151430515780916],[6.531392473146279,36.13848571124065],[6.540560391342457,36.13172126267947],[6.542031910817551,36.12381531791054],[6.539307408170827,36.11086603760599],[6.549166434076958,36.1136084289134],[6.556425858794911,36.10547499675664],[6.566311645316394,36.105127181724285],[6.567038536085204,36.107936405692094],[6.573936714682816,36.102777250074425],[6.582685515894087,36.096191151657656],[6.58733634815439,36.09584333520552],[6.585427843070276,36.106843931080334],[6.575845201720822,36.11320705751612],[6.5639661862281455,36.11452701883324],[6.564626105096945,36.125126303861954],[6.589244828850978,36.11933390690648],[6.595964683061632,36.10885052449343],[6.610113438390083,36.10586738964388],[6.618625844350531,36.10724082895569],[6.618518820954663,36.10117194481515],[6.636386463280094,36.11159285271945],[6.640457630133569,36.11852678726165],[6.632819156061312,36.13027654793683],[6.632186007102105,36.13921699710844],[6.660113364662047,36.144710630505855],[6.697899760490081,36.14493360620529],[6.712779804536645,36.140412047489654],[6.720797207366957,36.14539731629937],[6.7349860673553295,36.14710961045343],[6.745986705383517,36.14453226956214],[6.753995243537637,36.17896545709826],[6.750512729556382,36.188365213881625],[6.74624086981663,36.188936007407804],[6.761553423846798,36.199994556562274],[6.768607737234543,36.18985459435835],[6.7839827030758855,36.192659341992545],[6.789565491286313,36.19941930630522],[6.793962153449981,36.19477741270809],[6.786934665187689,36.18457941995625],[6.794470532886577,36.17563898357168],[6.8077274000631744,36.174319050559454],[6.811950171418399,36.17718182836873],[6.8193612245152595,36.15764205597762],[6.827262704389077,36.1527726522642],[6.861218793637393,36.147724993947215],[6.878992801970374,36.151158497749236],[6.899424341619538,36.14880857781813],[6.90036522263651,36.1387176160988],[6.9070984871333,36.14107201099407],[6.907455215611747,36.14588338041957],[6.937661194595317,36.14221354603409],[6.946316251000836,36.14851427085317],[6.964050159957139,36.14754212473672],[6.966694350491944,36.1387711238237],[6.985739228188302,36.14604839534301],[6.997689608581191,36.14243206253161],[7.000186662873546,36.14765362360497],[6.9978501400313515,36.149999083865225],[7.004993610469115,36.15532773245307],[6.998358464867701,36.1660474692581],[7.024560113544862,36.17997762966903],[7.040256138041048,36.182942950999454],[7.038089001829328,36.20563089065058],[7.044835693263956,36.21307759597365],[7.045036295497426,36.21972609232889],[7.050066153797328,36.223797291417675],[7.043698548512916,36.24431355801289],[7.049036159920523,36.24803247103828],[7.041638446319458,36.25984020606092],[7.02540288139657,36.30482360426888],[7.00104732234804,36.30225065949025],[6.988798103812862,36.3033342659331],[6.967876063531275,36.315030442330794],[6.966868246184841,36.319382546711005],[6.977730670760204,36.31932456525631],[6.986069168422862,36.32706114092553],[6.9841249630145485,36.333192393894215],[6.989061248335328,36.339952390276146],[6.997613770314729,36.34212839965506],[6.984682364897319,36.34700220553502],[6.972388648582597,36.357490056553544],[6.964183895251027,36.35686573390381],[6.948492338664728,36.365453972652645],[6.975237990124721,36.38585884085903],[6.953718372575448,36.40390479126704],[6.957432814622211,36.42034997845858],[6.949749753961154,36.421308674653986],[6.939418081738793,36.42820240360773],[6.937919793508703,36.42453706736734],[6.923360793109654,36.42648121018603],[6.922741015648532,36.43140850192177],[6.90392805290516,36.43244753343845],[6.894528261786284,36.42884010709267],[6.89001570181442,36.430846686707284],[6.874431067403927,36.44643122272678],[6.872451294107095,36.45617439686301],[6.851373084408767,36.45634829255413],[6.8483543103972,36.45302182532011],[6.831231345690791,36.45337410211492],[6.81934781511346,36.44780912096102],[6.816516285595832,36.46259547187438],[6.8352623851092345,36.471647493220445],[6.839516305838711,36.498580405428655],[6.833211177236913,36.50798024783035],[6.832395161059183,36.527519990133484],[6.848416724628505,36.53318749224657],[6.856723994498118,36.533245514540866],[6.852929358165937,36.53765553937047],[6.8743196099672526,36.55192020434043],[6.88084329957727,36.56527522151715],[6.860219977185363,36.5654490909698],[6.846307516630453,36.56796852140389],[6.811227785262207,36.55651307938546],[6.78924888099072,36.554573390116076],[6.770043562360976,36.55829668082634],[6.761482106887476,36.5661491984628],[6.737443049484358,36.56844118886701],[6.738664879220686,36.57795246010818],[6.7263265384888635,36.57812631027249],[6.720471708020684,36.580592247555366],[6.685886951590952,36.57435393354008],[6.680919488087347,36.58776247826526],[6.689364999952281,36.60248642002225],[6.680674229464348,36.6072977782615],[6.685904739554442,36.61904748582484],[6.672683520187872,36.62586996142671],[6.64313304393553,36.61899402937986],[6.63950779580892,36.603293510050136],[6.630237356394341,36.59687684226504],[6.629358925805932,36.59063408025122],[6.622902117535739,36.59011682657841],[6.619477554817112,36.575276994991896],[6.587046475908872,36.57533936777153],[6.571560023634867,36.589840414073656],[6.5368949702203,36.58491308567407],[6.529706962762365,36.5788977578338],[6.512267362101658,36.583312264492456],[6.500036061028589,36.56629187481446],[6.504406000663192,36.54549462222649],[6.505204191991323,36.527729556079485],[6.508820507071075,36.522169080778625],[6.487095778765181,36.51764754717619],[6.462878383218387,36.49965505108696],[6.427116409445652,36.49857153263098],[6.41896515847156,36.50442184033069],[6.410033563481936,36.50184449684041],[6.410113831608078,36.49766189284445],[6.395822440354741,36.50040865011925],[6.387439319966527,36.495374334109435],[6.38616849974855,36.489069165116575],[6.378583502118909,36.48952845757872],[6.377098654332898,36.49634641402266],[6.366566225627641,36.492565143322636],[6.35159701833928,36.49285049287979],[6.354263584178699,36.46752727546078],[6.345073372308359,36.45062277231109],[6.358294655224183,36.418307719980504],[6.343615289205104,36.39819270885717],[6.324512479214272,36.38197941631759],[6.3174001905845,36.370809369482714],[6.317739123024859,36.36021003838378],[6.313208629509997,36.354252691403595]]]}]},"id":"000000000000000008d6","properties":{"ADM1_CODE":355,"ADM1_NAME":"Constantine"}},{"type":"Feature","geometry":{"type":"GeometryCollection","geometries":[{"type":"LineString","coordinates":[[2.8698283664490565,35.80616675081934],[2.865846435921947,35.80843197947177]]},{"type":"LineString","coordinates":[[2.8804767272792495,35.617943644802025],[2.8819437427158103,35.622135205097116]]},{"type":"Polygon","coordinates":[[[4.174601519041603,34.218454801302],[4.159855215603776,34.22504530709653],[4.155066193431384,34.219716720429524],[4.1482704867422235,34.2188560776962],[4.133488567567658,34.23444960094397],[4.132195434045231,34.2471669614147],[4.113168448516754,34.24837092195405],[4.115290983468838,34.25502385683764],[4.1125842904526335,34.260004701896335],[4.1046917339121585,34.26160993286117],[4.112932131014414,34.2695114665647],[4.1071308246920895,34.27903170082992],[4.0968971926454785,34.2821218401765],[4.095202704762768,34.287508445986596],[4.088754885284898,34.28791420802237],[4.09039135816553,34.294669711352405],[4.070378945115889,34.303498755091695],[4.05580654773515,34.3072845589524],[4.060341510787618,34.31215386316099],[4.048783510688799,34.321437752644165],[4.050330800121949,34.32545539600558],[4.040195293608645,34.32447883974919],[4.03930793267871,34.328144198273684],[4.027999655833982,34.32641853551843],[3.999760104862809,34.336112581764084],[3.968029189673886,34.36585482271162],[3.984773100074901,34.44676517684368],[3.9005094965639726,34.52521859885401],[3.9123706412489647,34.56510083970493],[3.9165488545419938,34.604403381666806],[3.895872029236539,34.66491777983055],[3.8868066741060443,34.770125886857954],[3.818350544536485,34.783427382361424],[3.803969925311892,34.782165409849966],[3.7228633157445925,34.792720137538524],[3.70363566829217,34.81071261792336],[3.6530115021969687,34.79107025639335],[3.6367759678473166,34.79301889882044],[3.634269920643636,34.80625348823714],[3.645488991585882,34.80224030013633],[3.626105313946612,34.843099055622],[3.618520347951162,34.846251579724374],[3.63153646030792,34.85731910299069],[3.606743860483049,34.86952362813513],[3.5657068002811347,34.87072759437023],[3.582455191772645,34.893304054140515],[3.5683555237324516,34.91582695124964],[3.5610515081474365,34.93846134329633],[3.568275217548843,34.94224270879572],[3.5732739050999416,34.958799356025715],[3.57301079978387,34.97793776256456],[3.578098622666352,34.98607117662053],[3.5648149927258683,34.98091646521897],[3.5640658094413866,35.008781371022614],[3.545850432675929,35.0235499710451],[3.571904953977712,35.02584194711794],[3.597036454955789,35.08535750801322],[3.582410547493343,35.07695216545112],[3.5720922201439023,35.07557876533457],[3.5615731937308954,35.07225220086525],[3.55201733524489,35.0586207686915],[3.5370436438747674,35.06096626005874],[3.5241390648237076,35.05449607456693],[3.509495344751484,35.057876089300635],[3.5075601201493085,35.06486794164765],[3.51599669753869,35.07799113345721],[3.5127861394082673,35.087444391591944],[3.501500187885608,35.09716968006135],[3.4787275297953912,35.13266416085848],[3.4583315923013087,35.180108999905876],[3.592461378836834,35.2666600975604],[3.5928537568880694,35.270169417015815],[3.6640254739538705,35.317609802068915],[3.6456406480710952,35.39318268205351],[3.687194992769206,35.4171369854562],[3.6795699540515265,35.43988283661448],[3.6875963139453543,35.45558334272222],[3.692322932846725,35.485940913243276],[3.6760160151309234,35.5108672481274],[3.47236883924396,35.63880334805964],[3.3824956971033244,35.71341744725413],[3.3686100264510896,35.76233379732025],[3.3314925024587807,35.75553812569956],[3.311810024452939,35.76516977199649],[3.3046709697848136,35.777494751241576],[3.291864446152306,35.789868742374644],[3.2836284781496468,35.79124661670947],[3.2781660840512235,35.806487786850646],[3.2787279412433827,35.826192554478126],[3.2612304096663993,35.82196086620144],[3.2526109717724667,35.81496902289208],[3.2477818195544077,35.80460158649732],[3.2397286933663194,35.80351360402688],[3.227412613497874,35.789021502014904],[3.229062482060974,35.77669659010235],[3.2243804333924952,35.767987965747864],[3.2294102698776115,35.76225802845317],[3.2283623892518567,35.74890301477687],[3.231510546842702,35.74220098167122],[3.2265029626843647,35.74259781721642],[3.1947273717057265,35.68943191805866],[3.181046883732286,35.680781261879375],[3.131403725550638,35.688058556661844],[3.138663129226375,35.67872116650288],[3.0615831146552557,35.66359146969551],[3.0592019237170693,35.67700888204989],[3.049597041170278,35.68114248902359],[3.0463597528054316,35.72382944897401],[3.054395040194017,35.7489832359542],[3.037535196971898,35.742985745304885],[3.021674182703037,35.74291441914095],[3.014539560616194,35.75803971070516],[3.0104684319887696,35.81001494139675],[2.9895061857252365,35.83465600011345],[2.9743988013453935,35.830553592284666],[2.960740537490756,35.81581179504274],[2.9510732281481324,35.81764452427823],[2.952036340664989,35.8149512064245],[2.9360906416674477,35.808761970845765],[2.9023441208295484,35.809114269192605],[2.900350913400473,35.81743047550893],[2.8823361625572783,35.81312296449339],[2.8698283664490565,35.80616675081934],[2.8711437998148983,35.79828309569295],[2.8653870975723104,35.7910994356407],[2.880717546770172,35.77841780388546],[2.8778636516190916,35.77522953370042],[2.8818992016696807,35.76262811807139],[2.885252383580361,35.73023718769299],[2.880137846149034,35.71521894571985],[2.8873348119510136,35.70698740440064],[2.8980946405787273,35.70737535480797],[2.8996463640999317,35.68463841923473],[2.889497518146601,35.65353619253227],[2.9020632021025183,35.64025253577477],[2.8946878508262563,35.63853578690377],[2.8847351410370567,35.62898435624711],[2.895762542467368,35.61498722538401],[2.8913836555342556,35.609863734652215],[2.8804767272792495,35.617943644802025],[2.8679065488908497,35.62417746291149],[2.8575435635601134,35.61463049642663],[2.8602100872056098,35.61125945587222],[2.848714566185008,35.613163512931294],[2.8244749009442343,35.58651142373435],[2.8182945620957454,35.589467847140725],[2.8168988584023857,35.58228864205145],[2.809724134983143,35.57936794667242],[2.807102187474213,35.5751764360494],[2.8047924247274283,35.57869464907876],[2.7802048848979064,35.572072914048775],[2.7496823595408184,35.541358602554965],[2.7416113730831393,35.5372963379253],[2.7027101655841816,35.47312092723874],[2.641031876147346,35.44786465712032],[2.6049265378964495,35.45348310941222],[2.586046758863951,35.471248169404795],[2.555724880339321,35.48941448623545],[2.5321852569053727,35.49612547912568],[2.513804869818994,35.522768586620515],[2.51160202296626,35.506952172979595],[2.49968289443682,35.50197134536002],[2.49150485141443,35.513489190723575],[2.3849457117829624,35.470244833305316],[2.28339863938651,35.46423844982345],[2.273321079279851,35.48050967334244],[2.252920669857481,35.556095918029776],[2.1645457675314463,35.56109455871563],[2.0698968588936792,35.54351230319646],[2.056194060795407,35.53778240697331],[2.02525680097589,35.54081906675349],[2.0140288144657092,35.534464839252],[2.013422362675719,35.497677201598286],[2.0236693477216843,35.4807727812346],[2.036975304917482,35.469027520454276],[2.042901504235249,35.47189024896441],[2.2690403155687093,35.34098442076765],[2.29657972720573,35.336627877903574],[2.313586752878348,35.32189500497327],[2.328707550020543,35.31926413013974],[2.3343973628977337,35.315135005392136],[2.3443188950222287,35.31959857807914],[2.3445863849168207,35.31484515788074],[2.3567865393311433,35.30785779802972],[2.3827473738502367,35.265045910334926],[2.3934180181615914,35.254732032276685],[2.3933689684890576,35.2479720669866],[2.399687541388492,35.24619728331285],[2.432693817247022,35.28057251805739],[2.442080196464015,35.28618208236191],[2.459827387484529,35.28589664799289],[2.4783371723469263,35.316379085957536],[2.4985011795688834,35.312249962229814],[2.5215948806971604,35.33653865825741],[2.5580658597953114,35.318831649724174],[2.56189621724356,35.31052427928121],[2.571483327967135,35.30157931284166],[2.571603741939789,35.29229545707758],[2.564883879771445,35.281928067143454],[2.586046758863951,35.261523206621945],[2.610785866172609,35.24650940794274],[2.6362695673024823,35.23980740221518],[2.6685980789823223,35.24472579840089],[2.651105057796781,35.20410336605682],[2.667456549007902,35.185651626461926],[2.651733770952875,35.18433175879588],[2.6352752338609107,35.17579698498772],[2.6051673881786104,35.12675135457061],[2.581226448480245,35.08870635364971],[2.648219965488928,35.03862171389964],[2.6293936641705336,35.03563857639893],[2.6007260884861485,35.01077464845581],[2.534771502376097,35.009352154000936],[2.496097742831533,34.99102526227201],[2.4710420874808503,34.88464897316681],[2.4573348233721406,34.856654691184325],[2.424957279675116,34.80927229503801],[2.3554799901797883,34.79180149887086],[2.361981336059908,34.723269573231555],[2.3692185061482927,34.71214860541786],[2.3628999244631967,34.698343242093365],[2.364634525750531,34.632562620974994],[2.379206888094402,34.55835864107584],[2.3916299617594534,34.48781572347247],[2.3867472178507425,34.450979078039246],[2.411816254280399,34.411948538895274],[2.4463074423525923,34.319462354609676],[2.443752326951117,34.31092319813086],[2.4624181826001545,34.313955310246996],[2.47229064846721,34.29676551112971],[2.485248759088466,34.2842176344743],[2.510242037873675,34.23499356201015],[2.5260227897231777,34.23206844966258],[2.5382496073181198,34.219119187893995],[2.561231814243129,34.17842990530786],[2.5854759791946336,34.17046147185005],[2.593520200895273,34.16330018025326],[2.611757950469784,34.14180279951126],[2.6154455601661635,34.13221576877273],[2.6382003525478335,34.12157639545594],[2.6538875072723505,34.127823559584904],[2.6767938713168786,34.1148074152234],[2.714700693719358,34.12529526170167],[2.7834065840534388,34.15530941661773],[2.815801926259387,34.14487518529169],[2.803325364040823,34.167687920140864],[2.804498096774295,34.18028932750605],[2.822289911813023,34.19576243544441],[2.814651494030662,34.20028841819595],[2.8303742596262302,34.210713802537526],[2.8360194595714527,34.228420888832794],[2.8650348523851084,34.259585501031395],[2.8845612306323862,34.270300766980604],[2.9100583794883024,34.279352752491704],[2.922864962586467,34.28948382073849],[2.9332858651192804,34.29080370101418],[2.9436666566358936,34.28684849850755],[2.9466899428342357,34.27596382080942],[2.990674512427452,34.25934031200886],[2.983062815016496,34.24662293505671],[2.984601203359065,34.242605268462526],[3.0387034710853857,34.254292588928735],[3.0435728077184185,34.258876520961934],[3.049882418304681,34.251541308960014],[3.0504531776495543,34.21045513077283],[3.073364090914714,34.21314842315751],[3.07778304336506,34.19973993841991],[3.0843200955155083,34.19658732884252],[3.0907991503378134,34.17750238158926],[3.0852475767872285,34.134012752716146],[3.08082862864828,34.13791000936246],[3.0772078319060308,34.13527470860247],[3.0828574945338447,34.121121546034324],[3.094076592014802,34.110807624057344],[3.1261776254494955,34.047136162004925],[3.1412003460971696,34.00382040124822],[3.150506473971159,33.99656100793611],[3.131854062734041,33.98622927076326],[3.1429527835342617,33.94944170060787],[3.153146301621025,33.93838314382859],[3.183494911800069,33.8674343513491],[3.2063389460267366,33.85706251810539],[3.204684557337572,33.84789454629617],[3.215645057132788,33.82394476998434],[3.330551637636838,33.805818512907734],[3.3331378872041038,33.80192566095874],[3.45916995223631,33.762426988054486],[3.585781688576776,33.6643134075612],[3.5904548059072634,33.650106683839674],[3.604741739485295,33.63107523964454],[3.641966296869381,33.6201816783006],[3.7054862435213725,33.52849362637698],[4.080465423351344,33.403304327546344],[4.185298858390231,33.33607449552445],[4.33049163583186,33.20460684353935],[4.352849584435095,33.14410126384499],[4.40678242930117,33.09910894521579],[4.41124594919844,33.06673586565156],[4.474516156275079,32.98868374485093],[4.993221110510376,32.85820602127532],[5.0181876256043445,32.8547055882019],[4.930820429064514,33.25576604350095],[4.930597459549293,33.303206493729505],[5.050101396113903,33.5005440045033],[5.047327851728492,33.57485488082455],[5.072869553892718,33.60855229146647],[4.988070808593573,33.637433930044324],[4.928055796891173,33.6526260996153],[4.88789711656786,33.65171642303483],[4.874872085143093,33.66094229673804],[4.8558228361609554,33.700142292720756],[4.763849399134984,33.68937799000529],[4.746909285097751,33.726798758272984],[4.715280857078871,33.73144066209403],[4.694662005949532,33.74038119004826],[4.650931550848217,33.740960891674256],[4.641879642099696,33.737299920977165],[4.587095050867803,33.75913613418533],[4.5929588229391,33.77036863955574],[4.547047897205995,33.81271670648856],[4.494706988180653,33.83564542056618],[4.387215871029153,33.8632205064288],[4.344662700384846,33.89897803700755],[4.269054147438508,33.91422815636479],[4.237309849596178,33.93388834359886],[4.223201262350067,33.95745465325156],[4.242344124607678,33.97612049705566],[4.254593303818436,33.970047214228764],[4.261032248939292,33.97193338199543],[4.270842236244324,33.96832148642091],[4.294301593091353,33.97954948989409],[4.3052130151838535,33.97983488460669],[4.330763647476142,33.998683500902395],[4.337626230534444,34.00006140078363],[4.3409884074944465,34.01598932353999],[4.361754415411243,34.029794666668884],[4.371368219357195,34.032661916369705],[4.371163133334995,34.03604186964503],[4.387412075399027,34.03649673280207],[4.409743286821006,34.02755171320154],[4.427147120076778,34.034887005793706],[4.401328969358952,34.06382657602236],[4.335744504325653,34.06555224559153],[4.291643940359163,34.08126163269894],[4.285695500720996,34.08630040718749],[4.286212757064176,34.11552977370814],[4.296192267139282,34.12434994533716],[4.286573962528349,34.127645210811586],[4.275247863347387,34.13965357151234],[4.232012448963466,34.15828364847953],[4.18721181375189,34.15146569220301],[4.163846128051735,34.18344194779183],[4.159048149079867,34.18316100611489],[4.144707683275197,34.19668100265953],[4.154490940308343,34.206187776892],[4.167199372876669,34.209688178506866],[4.174601519041603,34.218454801302]]]}]},"id":"000000000000000008d7","properties":{"ADM1_CODE":356,"ADM1_NAME":"Djelfa"}},{"type":"Feature","geometry":{"type":"GeometryCollection","geometries":[{"type":"LineString","coordinates":[[-0.06469262093011782,33.99430472976427],[-0.06713177823861151,33.99322110735099]]},{"type":"Polygon","coordinates":[[[2.0478421758006724,31.66145905923848],[2.26210199047373,31.86196699895873],[2.253977447480072,32.00223692650657],[2.2318157479308787,32.19866929227677],[2.350677510688669,32.26345999756779],[2.2650226956115653,32.56407034311051],[2.233162367243793,32.80491085830753],[2.2409970691678307,32.805517271110766],[2.223825075227218,32.81195616888091],[2.2275885278008993,32.822961282722815],[2.214563485509563,32.85293091256723],[2.2125792241198354,32.87562775540797],[2.1680328018712087,32.918778457495065],[2.1684608186647516,32.93665498664174],[2.155324305649077,32.9504648236647],[2.1567779989797775,32.963244596478624],[2.1480693586079274,32.9702364757386],[2.1347366785227466,33.009721773456505],[2.096187708237187,33.07074903838305],[2.0959156968800547,33.08959770399333],[2.10248395311129,33.100830125930976],[2.106060204238932,33.12191277638827],[2.1002544526680587,33.13297579808882],[2.077303465110333,33.15268948280758],[2.0795419232247765,33.16145608197158],[2.09111325462243,33.16558079274846],[2.262012813318943,33.161032459577974],[2.272781528108808,33.31316363032648],[2.1763222370092503,33.29592922281774],[2.013145924416328,33.34081452094401],[2.007161756224986,33.37066823323725],[2.0230986346721203,33.40601995439815],[1.9120045337150147,33.41755117611345],[1.8780128660386444,33.4175422527497],[1.9024442338195018,33.46935698224657],[1.886953312111243,33.5103272559264],[1.90405395659502,33.56745726688972],[1.9302735221865142,33.58475858786121],[1.9216362445233865,33.597533858743],[1.9054407397384172,33.60894023943621],[1.8942038118800932,33.60527487164359],[1.891042365633039,33.61473265041453],[1.8744410836907914,33.628653972702296],[1.8866635076560903,33.638566487646074],[1.8767820934171244,33.64406908445402],[1.8775446559374713,33.65214896097443],[1.8667625284476632,33.66584280904577],[1.8607784059129542,33.66332787742136],[1.854705093072537,33.65249674704085],[1.846371037689884,33.65673740656653],[1.845363322564582,33.662810664045374],[1.8383669682424013,33.66705128961577],[1.8337607464080912,33.67587583169737],[1.8208159835457902,33.67146581151582],[1.8121563586500693,33.6753675192973],[1.8039115096732155,33.67892135874315],[1.812120733827391,33.68568141447798],[1.8015525971242794,33.70315656796881],[1.8071175562074984,33.71725624203936],[1.8126290038727124,33.72017697204505],[1.8160670098453422,33.730428470238934],[1.8024711927036918,33.74533077490975],[1.8003352683358194,33.7583379556641],[1.8093917651676523,33.762061295962916],[1.8158307052396219,33.78240374768121],[1.7865611130439045,33.84612432690189],[1.758303794845704,33.853624551122664],[1.7382378455664709,33.88326412772217],[1.7166468753072976,33.89203071768109],[1.7039384308538577,33.90467671917958],[1.6445877974584526,33.89622228665408],[1.5641233589445012,33.86689483612961],[1.5411054409295948,33.87279862479768],[1.4849297189712412,33.91921790840781],[1.472738522723975,33.937384258930976],[1.4491186787822727,33.947702621015935],[1.4256147448303116,33.95126094674337],[1.3973306757574782,33.969195483242586],[1.3886175901336815,33.969084037764766],[1.3815677365110681,33.97498790540719],[1.3612877762855808,33.981926252942955],[1.358527548561113,33.99481749772471],[1.3580236543998276,33.99928100907649],[1.3633523426195648,34.00128763002749],[1.3629509914606526,34.01813413290254],[1.3681592102788316,34.017848772277176],[1.3685115120927003,34.020943353297035],[1.361492896246152,34.021973424022285],[1.363066914061892,34.02839452883265],[1.3446374422591707,34.04913822295856],[1.3390412920779422,34.06867806994237],[1.3328342436133231,34.0667294519719],[1.3284553539269164,34.0796251568371],[1.3054642250082455,34.10077460655856],[1.3068778289114167,34.113434018418104],[1.2969785999895234,34.117389249533076],[1.298329674039153,34.119453821540944],[1.289875242823718,34.12627624677715],[1.284845347520488,34.13543972745894],[1.278928117820395,34.13555564113299],[1.27839307379069,34.14965533194557],[1.2679721642735675,34.16478505509277],[1.2687168122328796,34.1736630727685],[1.262741641191442,34.17859041630254],[1.2688550215204177,34.18598358976913],[1.2654973694167735,34.18661233450593],[1.2652833165323558,34.18981846997731],[1.2713075408460441,34.19709569871275],[1.2672319355892439,34.208617968835526],[1.1414407145993046,34.20089930298938],[1.0077256139801032,34.19627967918141],[1.0385290739704485,34.38644691380088],[0.7379054235715355,34.43588051435331],[0.7199129259162577,34.444419762521015],[0.6869423194530125,34.42608832292071],[0.6604107006315704,34.40987511267936],[0.6303385254261171,34.385122605643694],[0.6051847538061907,34.37481758273689],[0.5835580805109383,34.35929100025009],[0.5751972807985424,34.355277840462584],[0.5710815039625491,34.351041693738196],[0.5624665702967158,34.34948995519528],[0.5180227229505079,34.330761666741445],[0.5102058651829938,34.32308754678508],[0.5034369732782278,34.32234292670116],[0.49402826649531434,34.346752027907876],[0.419137696440155,34.41019165693458],[0.286185138831811,34.331479620698516],[0.1841296945394172,34.340371074532534],[0.17073450454569977,34.36123077476437],[0.12325402483949999,34.394932663243274],[0.11373826083841129,34.40581726498394],[0.0793050785306556,34.42421557867066],[0.0772538981721962,34.41608214908557],[0.008539153129794292,34.43614360086876],[0.0013956963919492225,34.44233287172464],[-0.01707391502512006,34.44462038261646],[-0.02510922662237601,34.45066694890038],[-0.02151962367260964,34.42732350315413],[-0.016177632091346296,34.42119674510611],[-0.012583600488857481,34.4016525262808],[-0.006666383764670835,34.397184472905636],[0.0032952459372535526,34.37191026366309],[0.01436278042414057,34.36084727168373],[0.014496517632042837,34.326409616626314],[0.020560948693103376,34.32016243625597],[0.024132663517134792,34.30612514556003],[0.020101658848192528,34.280565631600666],[0.03566392008911989,34.23690205253265],[0.02648707944289225,34.21696989829725],[0.01162486479843907,34.212671360695275],[-0.0010568085234806408,34.2142141759194],[-0.010527945792900674,34.20447554014551],[-0.018086102231851482,34.18316102734473],[-0.07672777105285185,34.089314747929905],[-0.05641208862652655,34.06042867635168],[-0.0664896884028358,34.02129559426569],[-0.06035841044903005,34.0127028999855],[-0.05554253012837685,34.01522230945784],[-0.05212241521017661,34.00370000471022],[-0.06469262093011782,33.99430472976427],[-0.06074635218991491,33.99092026741322],[0.016360417439525,34.025531814732865],[0.06609726982119947,33.99692665877552],[0.05654583023958891,33.93767407464003],[0.05788355703718762,33.893903583178556],[0.0808524300932592,33.88369666767729],[0.09310154156774907,33.88335330359395],[0.1187101674780975,33.82639282059159],[0.12800293661824683,33.81389839396102],[0.15520346051941283,33.80890866205586],[0.06505829934731762,33.76492403306636],[0.10437865899209486,33.64904990935936],[0.00875321415658545,33.33727843872624],[0.01783191402288087,33.32719637885143],[-0.0019084807911800233,33.23941904128003],[-0.003745653040042937,33.1930577713953],[-0.009100994717253112,33.17100300836684],[-0.024725703533458834,33.13323888853607],[-0.023325560075750745,33.110831948873084],[-0.012561252727493009,33.093873933788934],[-0.007660718438679961,33.09421727817555],[-0.006884846261148609,33.08968686926728],[0.015383864109561116,33.076278362088225],[0.016017126207311324,33.04166681289337],[-0.013957016483903155,33.00763497892934],[-0.024462643232383483,33.00253822038078],[-0.014683850154097813,32.99594315938911],[-0.007981803048827073,32.9971471139095],[0.006875951183970218,32.98597705989702],[-0.019682451340323526,32.92369235541967],[-0.09151860853875579,32.889491053518],[-0.10332181721667279,32.81746766092998],[-0.06484869840959435,32.79952873271559],[-0.07662967551963946,32.75523195958727],[-0.030776731936284985,32.71299985194957],[-0.03646209687384744,32.67821439633151],[-0.04833216734776896,32.65283762844521],[-0.02719158130607949,32.55977618025649],[-0.08835265266536353,32.43795798802234],[-0.16158891832178088,32.33328953003799],[-0.15994794500699408,32.27301584168508],[-0.17921126310916058,32.24752762857253],[-0.18241735128991313,32.2204608955134],[-0.19802418374757907,32.20839903171486],[-0.211312345300872,32.18249169568028],[-0.210286770733797,32.17280654196849],[-0.20281332827982843,32.161431298575984],[-0.23872244457689668,32.179463900406645],[-0.25837366189311917,32.185510456898164],[-0.27951873453490295,32.185871630319824],[-0.3158336499071133,32.168012998556776],[-0.3488444126865343,32.14595829023006],[-0.3464097349386282,32.13131904042081],[-0.362047816010607,32.10425225472051],[-0.37776612922355507,32.093372091320305],[-0.3852886496324915,32.08262564005739],[-0.37808720534591106,32.06773225330278],[-0.39554011700994846,32.058591051330296],[-0.3990182007425964,32.02348462698442],[-0.40920278067782045,32.00274081076456],[-0.3990805958580892,31.89530771630162],[-0.38568099975150766,31.88617099831073],[-0.37473396079432425,31.84721181811908],[-0.37504157807946004,31.833027452571724],[-0.36646676849853826,31.806589450978848],[-0.3977652156190458,31.803552781680402],[-0.4002712257483107,31.79280188657161],[-0.3899617507347463,31.780209414223197],[-0.3889450589381644,31.76589125209337],[-0.4085517825502727,31.764968193615648],[-0.409590695544965,31.752429166239573],[-0.4038340573277646,31.740304948209605],[-0.4159047896166634,31.732461333735472],[-0.3833310534926069,31.714014074260703],[-0.38305908302934577,31.69949518560174],[-0.3714342308214636,31.68689822345333],[-0.3823857396809165,31.6739311657496],[-0.3918167581393921,31.670720671095836],[-0.39690013213208813,31.66036657371668],[-0.4083867698233547,31.657236350114413],[-0.4213449244974754,31.665231476972284],[-0.42741373024520996,31.63882470433399],[-0.41804516822619203,31.62394463739965],[-0.4138090399334425,31.60778042245109],[-0.38913234040353833,31.574644821429327],[-0.3690753674756255,31.56090187360621],[-0.391410979025559,31.52387796750976],[-0.401595531997279,31.522134488656302],[-0.41457151661899616,31.51317613909444],[-0.4119407000284549,31.497591621459016],[-0.42129141273353377,31.487442652792762],[-0.40406591135307474,31.455569033650427],[-0.4116820502989404,31.440278739380005],[-0.3887265889771359,31.422937340414784],[-0.39214226127177454,31.40836499574558],[-0.3716036141390697,31.369544018417304],[-0.35592101247733915,31.35886898945677],[-0.33759406941704573,31.35366514601724],[-0.30935460807509896,31.338843158432496],[-0.2704266708215694,31.309243643942445],[-0.250971604227468,31.28832151517312],[-0.2371929577647318,31.279354264560126],[-0.27799817926796594,31.17647387789126],[-0.2726071282881411,31.162293948652593],[0.3701365834519858,30.703595091122825],[0.964380924863295,31.071033982527233],[1.1175209513760371,31.162485673064058],[2.0478421758006724,31.66145905923848]]]}]},"id":"000000000000000008d8","properties":{"ADM1_CODE":357,"ADM1_NAME":"El Bayadh"}},{"type":"Feature","geometry":{"type":"Polygon","coordinates":[[[7.7435232567061965,33.424128365291416],[7.628268915801156,33.5729196141954],[7.592564892028509,33.648331986186385],[7.59761255369746,33.68922633724431],[7.564847088311316,33.72618783821223],[7.576743965092016,33.746017462096304],[7.589095695230185,33.749709638706676],[7.5600268388875085,33.77820769226872],[7.524759786200182,33.796476664338485],[7.546462261353406,33.83555620092816],[7.5224276920593,33.90483284352065],[7.541316412059661,33.9378167628149],[7.540339918358415,33.974880852882656],[7.554033741422366,34.017946819056775],[7.528144205886781,34.06261362133409],[7.544986300192657,34.07403791550828],[7.578478605652407,34.089738353291864],[7.577733871694819,34.09503580299427],[7.57174089816205,34.09177615061193],[7.568842418208124,34.09537911361068],[7.605112761953596,34.10952784161855],[7.6128894490255234,34.136001586257905],[7.654345688403315,34.19707784207379],[7.723091712476537,34.16561886797527],[7.777630902618763,34.200056535649786],[7.796849640867843,34.20815874929131],[7.804260664110761,34.21841018065192],[7.810191318691098,34.244313149829765],[7.583994483242762,34.2669363338427],[7.422624032819144,34.27649445128015],[7.2263165966651695,34.342016443791444],[7.018156822684368,34.33427996929524],[7.01707327915432,34.29087058414529],[7.004061645673473,34.1563840737555],[6.9326090132651865,34.17273117107932],[6.905943574602474,34.19215947052612],[6.820382309520404,34.22832273894266],[6.69544281514251,34.30385996701132],[6.686899159812674,34.32747092134337],[6.69591549195793,34.38648705490801],[6.678257429545221,34.35944267307881],[6.612677392094186,34.30478746878912],[6.574284522616483,34.28663445232277],[6.534005521868398,34.284801705239715],[6.518964930674533,34.291106896335336],[6.506439333555964,34.30703925654149],[6.502773930039829,34.30612071249278],[6.489410009990516,34.32365832739869],[6.468733139302745,34.34119157806107],[6.384081626451908,34.36440563697707],[6.355280256530546,34.36641665738496],[6.308678221755914,34.397710604070234],[6.277682985597218,34.404475126688446],[6.2587006321536816,34.40482290071986],[6.230933775148865,34.42017562827311],[6.216223188608631,34.422650373581554],[6.2036931409779426,34.429410399213644],[6.1619425645811035,34.42896005406706],[5.957341148674705,34.3919093596545],[5.952204263327135,34.3862373911828],[5.700697620067584,34.41601079871515],[5.677064410402708,34.42187005053305],[5.544227760050947,34.43040923925351],[5.445824339413082,34.44303737961034],[5.39450893964602,34.45105936673308],[5.293840285542013,34.503614296850536],[5.289412387967822,34.51289366899549],[5.274175687087762,34.50184405687185],[5.236540824235216,34.489701900803524],[5.2694089357924385,34.46448120602521],[5.232162046186883,34.45233908442095],[5.190612092514808,34.42902247156909],[5.178764285821753,34.41502530928747],[5.202718580396531,34.399378312715804],[5.214909746723615,34.38971989600123],[5.233058311690774,34.36093644500396],[5.197425660768115,34.28968892690623],[5.27084919469494,34.24491956602462],[5.3339320921386735,34.17699855298493],[5.36432977822871,34.15873402295362],[5.353306854866089,34.11808934632655],[5.337882819160222,34.08892237490052],[5.330766119894034,34.06268945898211],[5.2652218047932005,33.97831883942],[5.254707262940879,33.89850092493077],[5.225647317462846,33.8564292598991],[5.2191949754070155,33.823507776088704],[5.242440269884975,33.793297338268104],[5.266662117802718,33.74080926203218],[5.281296858711782,33.64548261199633],[5.276075259953596,33.56010414513781],[5.305697061791657,33.497525151731644],[5.30549191251154,33.46893339937091],[5.272289489814732,33.43111134258868],[5.711430632126422,33.4192679163628],[5.710971370245225,33.4224695427904],[5.990405392573124,33.42684396888954],[5.992768695807453,33.42380729271949],[6.076773743633618,33.42116306110271],[6.064203491308846,33.52688384887143],[6.052123784022933,33.54396223367086],[6.025262193315554,33.56447411596876],[6.012317424573046,33.585681580948716],[6.018408538056515,33.60923012522318],[6.047892134003509,33.61679277207078],[6.058651956203206,33.62600965915777],[6.046759516713112,33.69323061004646],[6.061336290423684,33.72566169078011],[6.055124806688305,33.75368710225632],[6.054933037961248,33.77190260005259],[6.038684079600319,33.78640352909225],[6.035005300919611,33.8062332022261],[6.012959572611997,33.828577766569126],[6.022096244942409,33.862957438105326],[6.018800968941495,33.8859931489043],[6.028615470031493,33.896650356042535],[6.047749414828694,33.906152721251466],[6.057595155172489,33.901287840740416],[6.059298551022562,33.87000277977093],[6.064876886967446,33.864446763610715],[6.087083143190395,33.867648361835286],[6.112401950801389,33.87749855452234],[6.153006521174809,33.922200991025356],[6.214546618698859,33.94601705429227],[6.2402711414697345,33.94653432702052],[6.259476494487786,33.90635784426881],[6.266887509734089,33.90750827341032],[6.279043050855584,33.936158045811815],[6.321449085290132,33.63594902905952],[6.50761208938966,33.150216932359015],[6.55822730605705,33.00257385384735],[6.652207336848174,32.7280939205424],[6.718246649244672,32.625922521991995],[6.986492805905479,32.26334412118841],[7.225139422084464,32.0051487220099],[7.242141961411055,32.00287462081122],[7.5868209819875725,32.02851837171705],[8.429704216003868,32.066890033716795],[9.07125186171981,32.0888728595337],[8.357456775683783,32.50088486022187],[8.323322354776536,32.82232364548877],[8.104697121520529,33.049086783502105],[8.107760507087315,33.06570134393699],[8.14393720979546,33.083118580159805],[7.884390776957763,33.179716133070315],[7.854077801849195,33.17642975386968],[7.840927909467847,33.19357943579016],[7.808519136627683,33.20666687613348],[7.810467765589124,33.213538349639656],[7.789527810416453,33.259302159039535],[7.7435232567061965,33.424128365291416]]]},"id":"000000000000000008d9","properties":{"ADM1_CODE":358,"ADM1_NAME":"El Oued"}},{"type":"Feature","geometry":{"type":"GeometryCollection","geometries":[{"type":"Point","coordinates":[8.432409832940518,36.89838792662446]},{"type":"Point","coordinates":[8.505918083981568,36.90873745053981]},{"type":"LineString","coordinates":[[8.514448317472088,36.910445295373734],[8.516927614391395,36.909040688637745]]},{"type":"LineString","coordinates":[[7.822699047588887,36.846653425709455],[7.819747116978893,36.84747390904009]]},{"type":"LineString","coordinates":[[7.867834114766155,36.54045585699332],[7.860258124650076,36.531858729237236]]},{"type":"Polygon","coordinates":[[[8.157033546737875,36.492783568837744],[8.155495175453035,36.49837527713626],[8.169661702768439,36.5015902903336],[8.177054915354587,36.51254631718862],[8.195493333644665,36.506379368642925],[8.207733516849633,36.512702447003655],[8.221538912767466,36.51433891719331],[8.25681932581001,36.53625982174965],[8.265840110134087,36.53421755383706],[8.291867813741595,36.538966478571815],[8.3044202272309,36.54692598143565],[8.322577704475837,36.560575328242656],[8.326461549038656,36.573252543689705],[8.358785609225507,36.58617057455117],[8.360069825327852,36.589443513861575],[8.377545038983037,36.594736511511094],[8.387337179846503,36.593282783286696],[8.394913195806138,36.597291545278914],[8.397744770923392,36.609701216473844],[8.404263949064315,36.61621152311746],[8.417681410263892,36.62156691844924],[8.432044158089633,36.61780790742013],[8.448244093077573,36.61920354373042],[8.458990466650292,36.659825963414995],[8.452694275180392,36.65995975938916],[8.473736713599934,36.67351988484017],[8.484674889112677,36.68451155486588],[8.487421760840041,36.69635048430214],[8.4769651248611,36.70619618180632],[8.46524214705579,36.72499132496785],[8.466165197346513,36.73763730926233],[8.470222952351323,36.74046883053586],[8.45650679843914,36.75035462131717],[8.43936602799195,36.74514198564161],[8.43042106862596,36.74836587751334],[8.429578284274188,36.75836769354392],[8.484465379673008,36.778429164662164],[8.517756968940564,36.77741693192677],[8.527428752919384,36.781670940541375],[8.532436375492267,36.77361781968681],[8.572412205149678,36.77234697364561],[8.60029938593032,36.79810717554233],[8.61165227091254,36.79035282545822],[8.618679845176883,36.793014858578495],[8.62209102745003,36.80028768751106],[8.63067032534658,36.800247509450884],[8.66946898129021,36.81660795743145],[8.681165197150873,36.83802949391627],[8.66831857937421,36.843438352159964],[8.662619791044188,36.85113483232612],[8.65432140726361,36.84754521255029],[8.631227747985324,36.85513016678572],[8.625114275876475,36.852905081372604],[8.629381657652525,36.85964723193602],[8.630322567499855,36.88855999982422],[8.63644937822919,36.90812213607007],[8.653839851005507,36.91496235216795],[8.642915012300938,36.9282817103882],[8.640128100489898,36.942104941500105],[8.635031318109792,36.936950194556964],[8.613591960923857,36.93611185037778],[8.612285464181044,36.94150296728753],[8.604629202935532,36.93659795526402],[8.602404088880311,36.93402056086034],[8.591537265165782,36.93141200707571],[8.587385872678745,36.929342987117806],[8.566905172376721,36.92927163084081],[8.554450938114657,36.92485715699118],[8.535615683275388,36.91759326509339],[8.530505545211257,36.916545362608844],[8.527633941122962,36.914734970201906],[8.519264155658279,36.91061473521004],[8.516927614391395,36.909040688637745],[8.49698647601043,36.90433188567552],[8.492487277447282,36.907395261413804],[8.490913211806273,36.90405094396013],[8.465037044911702,36.89879812853822],[8.445519575904486,36.89922173885701],[8.441354778572364,36.89997083839414],[8.435602492848671,36.89943132642332],[8.430514702619524,36.895168422608656],[8.424098074359664,36.89809359082556],[8.397414812249727,36.914917752301385],[8.383025265028277,36.91381642241091],[8.379475786627388,36.91777604768365],[8.365064033137516,36.9191138067539],[8.357363149655493,36.92151282467163],[8.337894672520106,36.91588543886174],[8.327946422733355,36.91916727098101],[8.319951267562894,36.91860991223994],[8.31036423378433,36.917526386835625],[8.307158138491825,36.91827551162886],[8.303969891243531,36.91723205251487],[8.270700474960531,36.91651863852098],[8.266335049165278,36.92111594792871],[8.260645203880442,36.93032842999155],[8.240592690132173,36.93585322025539],[8.239491238802827,36.94922607919764],[8.225552130011321,36.951428887644646],[8.223652510434752,36.94935984901454],[8.220776430424909,36.94908342463533],[8.219839984763466,36.946381213228264],[8.208050117649112,36.94129335400939],[8.20712267721471,36.9384618381493],[8.195604771731377,36.938127435605175],[8.179712541666067,36.927742174378785],[8.127478611583648,36.90617347050629],[8.121708534521638,36.90702961504664],[8.116313026305928,36.903524749810984],[8.070798975830675,36.88429263639001],[7.955495599547535,36.849810483350446],[7.869243139853705,36.841788504129234],[7.822699047588887,36.846653425709455],[7.829771185847315,36.83807855515344],[7.8339404767380705,36.8233545668602],[7.816148689354472,36.81544411603777],[7.779196120662147,36.82524968969769],[7.778429098121765,36.81035186591526],[7.783650721515939,36.808630667363985],[7.774161738721662,36.79688539598048],[7.77437137308744,36.77402358910549],[7.753195061222775,36.7766054053236],[7.752601995427401,36.77173155329735],[7.729619773638358,36.78135880936288],[7.721138616018109,36.75649479974585],[7.706807017415554,36.76715651099606],[7.692921394690174,36.74326470001055],[7.680244202249914,36.73919801095949],[7.685340942226786,36.730025599504586],[7.682629790177521,36.720171025454256],[7.698909954849216,36.70951378808588],[7.690772092016086,36.68957263270622],[7.672480879165452,36.67960208021966],[7.6686772486144426,36.65593769222993],[7.676128454847155,36.650720525564466],[7.698004808479781,36.646939190737335],[7.688894850240931,36.656682278438026],[7.7090232553846185,36.66430288920054],[7.72190559558448,36.65960304036101],[7.745244464963288,36.644121035823105],[7.746577777499403,36.63129218855045],[7.736946083807179,36.62533035289799],[7.743518780707746,36.62189686101031],[7.765716263360421,36.62412193375548],[7.7721685848196,36.60275393457754],[7.7759543482342215,36.59965488782288],[7.7728819708950825,36.592266148773284],[7.781117984477355,36.58888164679446],[7.777465957160276,36.56664863615236],[7.783967288923604,36.56080720054766],[7.784738767225986,36.54785346329519],[7.793326945512306,36.54326952344031],[7.801683305034868,36.541664300984856],[7.8044613449998,36.5431001313114],[7.805156971250052,36.539430228120345],[7.8383103740392475,36.55271833989094],[7.853680892068332,36.55306174251171],[7.858068690432601,36.549681730587785],[7.856173548765062,36.54503535616256],[7.867834114766155,36.54045585699332],[7.85823365740115,36.56085621224498],[7.865898857715719,36.5605084637098],[7.880520246829775,36.5448079073197],[7.896465980767463,36.541080129136574],[7.92132101962694,36.536777111949355],[7.957988234354085,36.49855364554899],[7.94212271438035,36.493884993111294],[7.9606413368559314,36.46341152435668],[7.9971881382855745,36.47059062077603],[8.006159892078031,36.46308156746913],[8.02581110474993,36.461355874553206],[8.025730883148864,36.456834331601534],[8.01559979423475,36.45414106421706],[8.013811725715833,36.42062195897094],[8.015836098832624,36.4148295620096],[8.021084506828313,36.41253758977832],[8.024879158261902,36.396319840538894],[8.034711512096623,36.392823946847216],[8.04690265440326,36.39466112522191],[8.046742164487108,36.40193388728437],[8.05620884770212,36.40708856822993],[8.077964811495665,36.43969351504782],[8.095908234484767,36.44152623507578],[8.113410167777182,36.4550997378023],[8.125387288152908,36.455621464152],[8.125556785116,36.452580358507404],[8.150393930249878,36.44851814778649],[8.16389612903197,36.459848715414296],[8.165684226231054,36.4646644878246],[8.158299915790716,36.479696140820984],[8.157033546737875,36.492783568837744]]]}]},"id":"000000000000000008da","properties":{"ADM1_CODE":359,"ADM1_NAME":"El-Tarf"}},{"type":"Feature","geometry":{"type":"GeometryCollection","geometries":[{"type":"LineString","coordinates":[[2.0229291484297005,28.9001161279538],[2.0204766770271454,28.899309108616507]]},{"type":"Polygon","coordinates":[[[2.0229291484297005,28.9001161279538],[2.4816190578891977,29.04709257723639],[2.978550178979946,29.082154473581642],[3.3486644667520604,29.21928528483364],[3.6506080562390957,29.71696548572047],[3.6647032699100865,29.75598261872004],[3.6625093823403834,29.76715712047138],[3.695970527543617,29.787838474210268],[3.7141279569783046,29.803538996363834],[3.734372293475565,29.808921099571876],[3.8009644756730454,30.000185279104254],[3.8071626046421714,30.002240971951785],[4.2444622623150865,31.237474396966952],[4.247721823896289,31.23810756832078],[4.3979534125826465,31.55370933141488],[4.4189780364913425,32.00099286839029],[4.452541711161411,32.21769624200865],[4.772339506603744,32.49665766733415],[5.017344830743933,32.85453615311145],[4.855200805871992,32.893174249739964],[4.474516156275079,32.98868374485093],[4.47225543164735,32.99217523714483],[4.119014368977083,33.01597792787183],[3.876363469954086,33.03184340172201],[3.8675522156155213,33.03797915559854],[3.8416493249342856,33.02222956944583],[3.831562824867722,33.02208239209152],[3.8190550811654282,33.0405074112471],[3.8092718236454175,33.03884863267427],[3.7922603610652463,33.04807002782562],[3.7597177745842107,33.0558155448389],[3.748119667536681,33.05707749222917],[3.738024311439863,33.054210262838374],[3.7325930971553594,33.05639071849539],[3.7241297153213404,33.04980463988852],[3.7173652622339395,33.052555907307216],[3.706632192391922,33.06727991890218],[3.6950251621730548,33.0605198461174],[3.677554412438576,33.06348968208678],[3.6660677864218827,33.05267629745639],[3.6618851498667038,33.05617225175285],[3.6579343838186307,33.072617401536746],[3.649948083873978,33.06993305817008],[3.6482224358052076,33.0644216359665],[3.637855019207963,33.05640417219055],[3.632423886978134,33.043677893502576],[3.6231979808058794,33.04350841707741],[3.6157691161012364,33.05623020023544],[3.6091384120191115,33.05411212248005],[3.6113635168079155,33.04253631638727],[3.607091683917806,33.0362935530531],[3.593473579855291,33.03796131716167],[3.58068937862888,33.044199536450435],[3.575735284783255,33.030510131990894],[3.204046901048054,33.018582044052856],[3.2331515038379464,32.99765992648596],[3.371887487473003,32.9296274168619],[3.3850284355705043,32.8161299581725],[2.9910446283959575,32.899992281864336],[2.9245817188347085,32.88943755295046],[2.875718832149774,32.883689770356234],[2.7918609805551404,32.85962844943782],[2.741776407882327,32.83945996619016],[2.7173271364945535,32.841698372982904],[2.233162367243793,32.80491085830753],[2.2679299889706956,32.551575879862874],[2.350677510688669,32.26345999756779],[2.2318157479308787,32.19866929227677],[2.253977447480072,32.00223692650657],[2.26210199047373,31.86196699895873],[2.0478421758006724,31.66145905923848],[2.022848889296697,31.00219438640431],[2.009511742943179,30.54195720619775],[1.9883711141459603,30.38451967247303],[1.9846121029122785,30.382999127261765],[1.8878050055448323,30.022021559493833],[2.0739948048242614,29.09132238298769],[2.0397890150173117,28.973860756042384],[2.0229291484297005,28.9001161279538]]]}]},"id":"000000000000000008db","properties":{"ADM1_CODE":360,"ADM1_NAME":"Ghardaia"}},{"type":"Feature","geometry":{"type":"GeometryCollection","geometries":[{"type":"LineString","coordinates":[[7.294469512162037,36.15638011894628],[7.296413703043588,36.15827079466665]]},{"type":"Polygon","coordinates":[[[7.348558440851478,36.66154272369198],[7.327217144411319,36.64979296982149],[7.315182030177528,36.65231685265345],[7.3011091276476225,36.66165423970638],[7.3029061629763286,36.66698728596283],[7.290875442390426,36.65627209312929],[7.284311676270253,36.63627748441505],[7.270198589377788,36.62625345723751],[7.25081939420673,36.62052350846473],[7.238695080827635,36.621326147308764],[7.225848406309859,36.614624107301694],[7.219837496548861,36.615770043494685],[7.190162243550371,36.60529117151138],[7.188351845997801,36.60035945095078],[7.177217469990905,36.60230800774469],[7.167697300809819,36.59824577660551],[7.162814559678585,36.60580846451915],[7.151938763603635,36.60460448108947],[7.1339552613194455,36.590741093305],[7.127801673743742,36.59148583568686],[7.113519205846022,36.58616166333664],[7.0993838211269935,36.58478374447931],[7.092481174503472,36.576249029739444],[7.0870009167353585,36.575959214725195],[7.082091481531961,36.5680532242418],[7.073556697849417,36.56244367361836],[7.077578801798414,36.557115045106045],[7.0687409178306915,36.5517864638186],[7.069485591430429,36.535684577410635],[7.087915000594805,36.5233061405572],[7.083487138942426,36.503365062999336],[7.048594645095987,36.5008857909739],[7.047716219024295,36.491793699360464],[6.999085294190332,36.47965153083999],[6.978225562636048,36.48297807915543],[6.956037108965131,36.4808599730234],[6.9475871423363875,36.46143165315723],[6.951903506256716,36.44865634262962],[6.944889323179778,36.451349644799855],[6.9445192838577485,36.44115616908506],[6.940760270961914,36.43937696370993],[6.945090031675039,36.43072626994744],[6.95354893596005,36.42602190745932],[6.949749753961154,36.421308674653986],[6.957432814622211,36.42034997845858],[6.953718372575448,36.40390479126704],[6.975237990124721,36.38585884085903],[6.948492338664728,36.365453972652645],[6.964183895251027,36.35686573390381],[6.972388648582597,36.357490056553544],[6.984682364897319,36.34700220553502],[6.997613770314729,36.34212839965506],[6.989061248335328,36.339952390276146],[6.9841249630145485,36.333192393894215],[6.986069168422862,36.32706114092553],[6.971394284748268,36.317665800160654],[6.966868246184841,36.319382546711005],[6.974751972227941,36.3106739411265],[6.988798103812862,36.3033342659331],[7.010063561827402,36.30110019673258],[7.02540288139657,36.30482360426888],[7.042784498458464,36.25594292386621],[7.049036159920523,36.24803247103828],[7.043698548512916,36.24431355801289],[7.050066153797328,36.223797291417675],[7.04561152268937,36.21709521604108],[7.041696449914183,36.2076820554422],[7.038610761946747,36.20333892808392],[7.040256138041048,36.182942950999454],[7.018304035727342,36.17807364710712],[6.998358464867701,36.1660474692581],[7.004993610469115,36.15532773245307],[6.9978501400313515,36.149999083865225],[7.0035845169264075,36.14020248323459],[7.004262288400801,36.12782846912243],[6.992976323301556,36.10668338167153],[6.997194652730124,36.09905832089087],[6.988454787863473,36.09556239538803],[7.008315615099888,36.092182425675624],[7.0437521235097735,36.072749617727226],[7.042909286346417,36.067077650552],[7.036791428476598,36.06295301537758],[7.039801309213063,36.042271676428086],[7.036118081841288,36.03533331794545],[7.06387599892211,36.03247056082444],[7.074024891071273,36.033612118856325],[7.083353408721867,36.02719547097146],[7.115048658230229,36.0452949808509],[7.143042871854419,36.047983835761066],[7.215374002047213,36.080695787940456],[7.219837496548861,36.075933439175664],[7.226593102812071,36.082528453642375],[7.224020183341807,36.08585494124955],[7.227043445809268,36.100008105752295],[7.234708623436682,36.106019033219404],[7.235560299657111,36.12124686819176],[7.245481791267979,36.126071553113185],[7.255742190516269,36.13455723513391],[7.255826964452309,36.14292250429836],[7.270769414957499,36.14893336713253],[7.316778350949326,36.14594583118584],[7.320457165567228,36.14130833058858],[7.323587478354374,36.14606618891054],[7.298286464211125,36.15248288630165],[7.294469512162037,36.15638011894628],[7.290001493974534,36.158159259700135],[7.291294592479513,36.163773298135354],[7.2954059417679336,36.16657805350662],[7.282278332301176,36.180508310688445],[7.287963697255174,36.17970118813042],[7.284209081303084,36.19729232626864],[7.291941192162864,36.202620938768014],[7.296627742037232,36.22101033371863],[7.306812299104591,36.2308069735462],[7.319052542680994,36.231725498846785],[7.319146210763475,36.227426915285285],[7.32414483020299,36.22822963412681],[7.3271903671387095,36.22365007993725],[7.33894454389608,36.224332324647655],[7.364887630640853,36.2214071559474],[7.399664147651243,36.2126405408059],[7.424006367494655,36.21165961320169],[7.434222185023765,36.20776234874255],[7.444005483929145,36.20563976794874],[7.461101688546353,36.2157842646404],[7.474215850733387,36.21428602011612],[7.4899476047367495,36.21978851198615],[7.505282392234859,36.217839879481765],[7.523948204546489,36.22282966667145],[7.540290825428939,36.2304948401393],[7.5665371154545955,36.2370853725892],[7.5834950591434485,36.23148917079746],[7.602477434708434,36.234236013464475],[7.611128137534597,36.233700918917286],[7.617357500931874,36.22452852573937],[7.622926853822366,36.22431004343085],[7.624335955983652,36.231694329424144],[7.633646559529235,36.2437784973897],[7.661070028008747,36.251974322528845],[7.6636697317556575,36.26365713236454],[7.674447361666709,36.26279658028884],[7.678442684186412,36.25815459719595],[7.685122462685316,36.263773064006635],[7.69667597833818,36.261708503794196],[7.722650210153373,36.27654396109852],[7.728924145318278,36.28330394621591],[7.723872054722934,36.28370526841647],[7.7269711355374175,36.28795034593432],[7.722645735481851,36.291727189126895],[7.731233982688426,36.300667688157404],[7.738029679957818,36.297229764176585],[7.743585672047537,36.30152383643862],[7.763491109968427,36.286625970159484],[7.788092000650264,36.29613281574395],[7.798463894868517,36.29378283527992],[7.808024168348889,36.302090113068665],[7.837637081429986,36.302999816555314],[7.856628338312765,36.31915510746694],[7.839786377928976,36.34059000844378],[7.840843163422129,36.351769022198106],[7.83223711045526,36.35331626834917],[7.826832653848341,36.35938517524641],[7.827893893938395,36.36460225987312],[7.808510259358579,36.374742250110465],[7.816309161380511,36.3915308088072],[7.81260371098158,36.397153706791926],[7.8130451123200455,36.41399577808717],[7.822114941604259,36.41978367025987],[7.821129465549963,36.42528622695292],[7.842555451564906,36.42104110717003],[7.85614681606354,36.4126134135011],[7.8690425249982905,36.407342729525645],[7.876096851208897,36.41811593759957],[7.882268204850515,36.41857520616245],[7.8869591761341855,36.42814448352457],[7.903364177661855,36.438913193555095],[7.920701204450543,36.44114277045199],[7.9445484689352455,36.459193198921014],[7.9606413368559314,36.46341152435668],[7.94212271438035,36.493884993111294],[7.957988234354085,36.49855364554899],[7.92132101962694,36.536777111949355],[7.896465980767463,36.541080129136574],[7.876520460179374,36.54721582105638],[7.861404053093152,36.561810512898454],[7.85823365740115,36.56085621224498],[7.867834114766155,36.54045585699332],[7.856173548765062,36.54503535616256],[7.858068690432601,36.549681730587785],[7.846836227861125,36.55328915446874],[7.831006419711544,36.55186672599461],[7.819060475066702,36.543786781400605],[7.805156971250052,36.539430228120345],[7.8044613449998,36.5431001313114],[7.795681362010571,36.54092404863301],[7.792769624519725,36.546078756456474],[7.782290667187476,36.551523329306356],[7.783967288923604,36.56080720054766],[7.777465957160276,36.56664863615236],[7.781117984477355,36.58888164679446],[7.7728819708950825,36.592266148773284],[7.7759543482342215,36.59965488782288],[7.7715174801623705,36.60733787240538],[7.765716263360421,36.62412193375548],[7.743518780707746,36.62189686101031],[7.736946083807179,36.62533035289799],[7.746577777499403,36.63129218855045],[7.745244464963288,36.644121035823105],[7.713575995830711,36.66481575107258],[7.693313840663707,36.6605750891327],[7.688894850240931,36.656682278438026],[7.698004808479781,36.646939190737335],[7.6679102710872735,36.65468017936538],[7.658292011884449,36.64739844507029],[7.640678539512057,36.61605989942244],[7.624108564736263,36.60500576379081],[7.611217323076292,36.616867019993144],[7.601888869586039,36.60655313279713],[7.564124740558563,36.61154733916197],[7.556058222161261,36.60983051104002],[7.538480444662105,36.62840273868899],[7.533392623308678,36.63160437378241],[7.534369184265799,36.634810405667665],[7.521303978644894,36.635247442422816],[7.499824489503486,36.628393797546],[7.495093345941772,36.63103359263404],[7.495467910507431,36.65344055192628],[7.499512346271626,36.66231862991051],[7.48939468175794,36.674697048653094],[7.4830760658508915,36.668053042411884],[7.470131370115613,36.66943092159708],[7.4413121667535815,36.65585291475346],[7.434329214673424,36.65780152530343],[7.423355377952144,36.64015693110178],[7.42300752599937,36.62950409522642],[7.406468775733885,36.64835274238836],[7.404060844691813,36.66416472769045],[7.392342280548623,36.66622929498857],[7.370416920327316,36.657752534955364],[7.348558440851478,36.66154272369198]]]}]},"id":"000000000000000008dc","properties":{"ADM1_CODE":361,"ADM1_NAME":"Guelma"}},{"type":"Feature","geometry":{"type":"Polygon","coordinates":[[[9.47009168465012,30.561220493395805],[8.990457420792303,30.482236431651],[8.912602570658494,30.466573824907165],[7.986847470425439,30.308166508957274],[7.975869201359358,30.309829720567762],[6.5534248628426965,30.047340298487594],[6.435361288847739,30.08551911120713],[5.98540230706317,29.883762674691656],[5.70654350661242,29.75939831406415],[5.709178853242178,29.014313712975955],[5.7061466044620595,29.00153397442167],[5.7105656035232855,28.433622887822974],[5.619042569926865,28.108683660081272],[5.755914649885865,27.413982474563714],[5.753292743216941,27.17420776823545],[5.743843905658413,27.07347219700247],[6.154052184608009,26.72379840684385],[6.206457752864244,26.676719235843084],[6.244614335036817,26.648408330044713],[6.279203575541806,26.616374159198674],[6.272216108784862,26.599987028363916],[6.278222516747566,26.586859375220794],[6.2864495886150324,26.578266749997745],[6.2846882557342925,26.56107689477203],[6.295234051152948,26.54348574630218],[6.288861924474736,26.536092568488595],[6.274111253435777,26.529961273312914],[6.262722691571038,26.510136135124565],[6.238371520380999,26.496045344841804],[6.213119695157941,26.467110198600654],[6.20086606230988,26.46092549885279],[6.174869468714185,26.459146251019963],[6.1672399584367295,26.452965964250247],[6.159253742229169,26.42271098732797],[6.141907839395807,26.416753582835067],[6.1410650171569525,26.41022103521157],[6.149109307874025,26.402426491640693],[6.153670940976533,26.382828739664628],[6.1388488518407565,26.36719073860202],[6.134095492435329,26.36644155100217],[6.125462638169916,26.345189513387247],[6.115946957621873,26.3345857533643],[6.134599396142949,26.31006067052982],[6.144173057248433,26.307139959718985],[6.160734121484458,26.274704521469282],[6.190391598035857,26.258023036490634],[6.207483349157572,26.25555714551691],[6.2182074974891695,26.24300918019789],[6.237934581737621,26.257733160760427],[6.249786894230169,26.24592545902625],[6.26117543425353,26.24518075808463],[6.265701412280456,26.237903546105652],[6.263913271126839,26.20902193368007],[6.2741290880768465,26.20351942946419],[6.287412776542635,26.203920746998023],[6.293093610079846,26.17727311863363],[6.30472294174757,26.176528488982253],[6.315456029208812,26.163347350572938],[6.329925851383132,26.158990777648903],[6.5591280488077945,25.554020098278432],[6.557304263582462,25.517879096557902],[6.575055978790335,25.50383740345141],[6.610456797980996,25.46586815608895],[6.629523931245076,25.45484083019853],[6.703099104924833,25.34463853892481],[6.721394736023636,25.32916990593956],[6.7693434567866815,25.260116336375233],[6.797846044438664,25.197135926912367],[6.813836376182057,25.134904756709616],[6.829987245070598,25.099722397302664],[6.852202508911321,25.07141606479948],[6.873851441708638,25.027801628891435],[6.887322376942787,25.00000797981686],[6.89446588536126,24.99726123003654],[6.965231743621121,24.873021766005216],[6.9706139167469,24.85502922997772],[7.002046150702773,24.81795182846058],[7.026067260694701,24.799098775912153],[7.091259386880876,24.762302270098218],[7.165824465944312,24.750146741430306],[7.186715310981397,24.757994757839384],[7.244358100199152,24.759247793345363],[7.280454591229708,24.74950021025944],[7.502633759548893,24.424980173493164],[7.484293464260434,24.27748654319805],[7.505077281475059,23.8480126833901],[7.7145390926259045,23.354399053058906],[7.626222140351204,23.27105852112952],[7.880056501580957,23.087298899052595],[8.117862570228343,23.128745192240512],[8.413547774943027,23.185675594682106],[8.61494310477284,23.213099060257736],[9.185097113188895,23.55816216766352],[9.77595477491434,23.554987306394775],[9.804907694996952,23.52970863040447],[9.843122243726185,23.511194486809412],[9.854778346316285,23.508559078281298],[9.936745502125184,23.507230313117667],[9.971932301706435,23.475780300814176],[10.010936022844977,23.44492324900674],[10.058996261209428,23.43467185002711],[10.125262905742874,23.392319307493644],[10.172012141423133,23.371053823230053],[10.195716750859802,23.353748017748778],[10.222556065310023,23.32434916796399],[10.240026833537499,23.321878877798646],[10.227750921439974,23.000712084633037],[10.205308265139228,22.484259024821927],[11.998491156501908,23.514998031594878],[11.606598576626784,24.26167901226005],[11.591562504330948,24.252435265004124],[11.561628560312988,24.251815471421533],[11.505814017289149,24.223379760000082],[11.467902686402926,24.214956556246438],[11.425782015712137,24.19810555345408],[11.13197632235628,24.39292375067709],[11.044573501200114,24.435044390911994],[11.029831685453612,24.460318579256477],[11.007714550002932,24.471903308414827],[10.966945037315062,24.47333466469249],[10.773888229942637,24.543748305862813],[10.715277759202614,24.567221096746966],[10.480002288288079,24.478056892424725],[10.422221214489817,24.478056874197364],[10.252222463901436,24.605832395123233],[10.218333270982656,24.751109904215305],[10.054443458863426,24.838053492603205],[10.03692816047508,24.959510503089323],[10.026186129940463,25.33484192788402],[9.39654323314981,26.202212910441556],[9.449633350573409,26.252359931997006],[9.467688239317361,26.29360664082537],[9.499887373565103,26.33826897387048],[9.524604189512713,26.383635898086077],[9.865573819898461,26.52194380892746],[9.917990540868864,26.648546645939305],[9.902557559361036,26.744502015485978],[9.928072543960024,26.862324831454014],[9.911569406412276,26.87252281620997],[9.889933831762102,26.901029844335543],[9.87826886375887,26.912124091563854],[9.876471870554091,26.930125413019518],[9.864467973152061,26.954271508623275],[9.843920440815145,27.03527550071087],[9.84676980619627,27.064375570359218],[9.8379184741099,27.106224308321263],[9.831318959880479,27.117773346170917],[9.829820736008406,27.151524266222463],[9.81466872578411,27.188726561298154],[9.80836795116563,27.220827614788345],[9.781368128479185,27.27542934122353],[9.792168035287661,27.34892871787658],[9.780770599340041,27.349526169857423],[9.790816982559882,27.368727087187217],[9.789470292094563,27.376677679758316],[9.801019394729982,27.402776824030482],[9.808519573629976,27.41042861823256],[9.808671196363747,27.43457913712183],[9.817821245768567,27.445379067073766],[9.814218338799366,27.457677257504518],[9.824688279263318,27.470051288692154],[9.830757101563469,27.48328586530399],[9.857734721107061,27.499285130498215],[9.869194564595858,27.546453444951624],[9.877332490223115,27.560383686628626],[9.831162953987896,27.563514019660737],[9.833664447401283,27.575254817292578],[9.863562758621965,27.584801725593817],[9.867005197429428,27.591691033144205],[9.889385393953097,27.61219398268584],[9.921629177148983,27.68200123861012],[9.941663901606947,27.737566104793952],[9.943229048986389,27.817549022685167],[9.949489580684386,27.85010487963104],[9.96248346265467,27.85839882553196],[9.961658495127766,27.884426552564133],[9.837124761406708,28.286410049595865],[9.906013406983094,28.762918529754113],[9.875365968619947,29.02593417824133],[9.782808394351209,29.426807377621916],[9.537236782126246,29.905001377721817],[9.419048330540528,30.042479859206487],[9.38996605125857,30.165667007426343],[9.537223459174985,30.23444414886402],[9.551555012279215,30.24638569964641],[9.47009168465012,30.561220493395805]]]},"id":"000000000000000008dd","properties":{"ADM1_CODE":362,"ADM1_NAME":"Illizi"}},{"type":"Feature","geometry":{"type":"GeometryCollection","geometries":[{"type":"Point","coordinates":[6.066522233435696,36.8663492281205]},{"type":"LineString","coordinates":[[5.649716717622758,36.801357841922425],[5.655188052549761,36.802521644165175]]},{"type":"LineString","coordinates":[[5.607297312388268,36.784319620154996],[5.610507869186687,36.784761061486975]]},{"type":"LineString","coordinates":[[5.885384630544332,36.83047130879105],[5.900041744855897,36.83352580092763]]},{"type":"LineString","coordinates":[[5.775579330832995,36.817834196426375],[5.778290426685354,36.817183203359384]]},{"type":"LineString","coordinates":[[5.776466693190695,36.8219767306072],[5.780412946016312,36.8277200733529],[5.775338516666997,36.82726969349574]]},{"type":"LineString","coordinates":[[5.772377667346986,36.8219990145143],[5.776078731855652,36.82421966483109]]},{"type":"LineString","coordinates":[[5.597687936456056,36.778620931159075],[5.59568129419349,36.78072110467348]]},{"type":"LineString","coordinates":[[5.529637557194863,36.701821834551716],[5.526525101297804,36.70142940562]]},{"type":"Polygon","coordinates":[[[5.693424815985767,36.81610857204325],[5.694008961737387,36.81918091782105],[5.691262121662788,36.81821327830837],[5.693424815985767,36.81610857204325]]]},{"type":"Polygon","coordinates":[[[5.476101646880797,36.67641830382027],[5.481189425888368,36.67592778125079],[5.480360019430382,36.67992761835059],[5.476101646880797,36.67641830382027]]]},{"type":"Polygon","coordinates":[[[5.466148898769011,36.60516187480287],[5.47431795740093,36.598281439095395],[5.493175495091455,36.59455366252463],[5.5077121723563005,36.597336135354254],[5.514463258072165,36.58005711962357],[5.519118551782069,36.57736381301796],[5.513812209367585,36.570603821694874],[5.520706025134656,36.55982614723588],[5.513910350512807,36.55529571553823],[5.518561197066295,36.55014544732516],[5.5117520838804115,36.53782048431713],[5.5240235345223745,36.525098698252094],[5.566612470150011,36.523092079857754],[5.5727571113039325,36.52303858248182],[5.575722413059087,36.52933488626023],[5.581461284338073,36.52887556243284],[5.582616146502835,36.53271934630114],[5.591141991738464,36.53415069607908],[5.591026006808941,36.54486588216166],[5.606945013312085,36.5438314166971],[5.621709065448231,36.556490758918656],[5.623804895330342,36.55007412843621],[5.6432866935126755,36.5480674975087],[5.644214199559454,36.53580053684987],[5.651830312513208,36.53367803694685],[5.654679717317764,36.52834937748943],[5.668823981205279,36.531961236592046],[5.678696370312994,36.52897812327292],[5.703150086961369,36.537691190341135],[5.7166389008410325,36.5467431739213],[5.7307029135413945,36.55080541423635],[5.740446024556623,36.56214939913161],[5.750666290394502,36.56106132176392],[5.758955788208911,36.57046111808695],[5.778446501172065,36.57297605915571],[5.810975661731117,36.56483374384978],[5.837516216518847,36.55193802410005],[5.840869476130614,36.544714279861104],[5.858117254192682,36.54167763469126],[5.868377622013077,36.55669141158611],[5.887930803858586,36.55588435914685],[5.898525629120102,36.559549714682674],[5.918422110534492,36.56000453402463],[5.923839933858693,36.556740522592854],[5.930194151501575,36.55828779874135],[5.934037895684466,36.56453053540029],[5.946282591669495,36.57112108767598],[5.96270995267078,36.58962187297967],[5.955900854219261,36.59334972067434],[5.959887293056651,36.60733342000681],[5.993780957207632,36.61941760253671],[6.000884288486764,36.61500755665145],[6.003140574320712,36.61896275842616],[6.0318438525129,36.609255334901],[6.036592748856275,36.6143163628364],[6.055584117049129,36.61643003121068],[6.066959249428646,36.60387760602745],[6.124802728466964,36.602611252724344],[6.1290745563529825,36.60656202048677],[6.1312594732727295,36.59533848948354],[6.17697418225708,36.58455635191936],[6.182253764812175,36.588194954056206],[6.229181388387875,36.581510832663284],[6.244324417410245,36.58586291627159],[6.250134696529487,36.59520914943579],[6.24590747490807,36.59589141764536],[6.247231757813811,36.60465799760059],[6.25383122937255,36.604029292905466],[6.256591434612022,36.612283023435964],[6.291796082061611,36.62396139665163],[6.300143517196515,36.618178010209775],[6.312374828720734,36.619150028984826],[6.315313338619754,36.62614193979569],[6.329734038629918,36.6233861828825],[6.333426213033967,36.61731290090231],[6.334505352931433,36.60098371249879],[6.409725897028659,36.59180236798606],[6.419665251390756,36.581145170806906],[6.444417677273046,36.57329710915882],[6.454976815400035,36.57570058000064],[6.462138130770875,36.57386340669116],[6.463730042034988,36.577528823018675],[6.459569756247646,36.59919115098599],[6.471644984942916,36.60909927796562],[6.4754084557133424,36.619702965968585],[6.466369818251117,36.62549090118617],[6.455048197701917,36.628045973704],[6.4585797712252155,36.634195044151795],[6.475345996388513,36.64153479292374],[6.49624582392625,36.63831976162119],[6.5039645181166,36.652303513610725],[6.503558757198703,36.65849274125473],[6.512213898980267,36.66817784409834],[6.507081405126133,36.6717273043142],[6.50679604822164,36.677747136786564],[6.499509914918593,36.68084169719713],[6.498965874511152,36.68565314038675],[6.492602730514292,36.68881016300346],[6.4758008610864914,36.69396487297854],[6.455775033481848,36.69419673582439],[6.432734838307864,36.69826791468119],[6.418073315079561,36.698209908040454],[6.410947716260253,36.70290533222263],[6.398016274368888,36.7277246940485],[6.3726395314928945,36.727840693940536],[6.369161413439507,36.74325577632033],[6.376327255439792,36.74995782571811],[6.367587400732865,36.758666382540845],[6.367859381326823,36.7655468183061],[6.3708246959146715,36.769658130436774],[6.357625768442711,36.77844254855898],[6.359181996521875,36.781595141616485],[6.353915768327727,36.78216584465636],[6.354009438964125,36.78978204979075],[6.342478209255066,36.79912385846977],[6.353509999139991,36.81534163031577],[6.345603991195563,36.834141184900325],[6.350366371435431,36.846345713545766],[6.345929522998311,36.85201768541358],[6.34246481860019,36.85665515398724],[6.3362399355241905,36.86003965381248],[6.330398488959808,36.857457765317044],[6.312923258941385,36.86835135906135],[6.267556396655064,36.872828299473085],[6.2700489798004435,36.88502842716557],[6.2786951677177445,36.89339368416949],[6.2822580014701455,36.92261868797422],[6.272158148003942,36.931389661534396],[6.273148109351396,36.94141376390855],[6.257915783474737,36.93975497113222],[6.238451811128707,36.92055405461481],[6.193660163688522,36.90301644285391],[6.188220044222085,36.90344896700396],[6.151405696984429,36.89589525336958],[6.092443029669562,36.87440681065176],[6.086191369569845,36.8703000351613],[6.082958496061642,36.87124535477486],[6.030173925243756,36.850715615917764],[5.9774249639146575,36.83520687182877],[5.900897834917551,36.822333484991056],[5.898561321899092,36.82816599043271],[5.897945926560969,36.82021988155375],[5.89097188529116,36.821673523515905],[5.890855958868449,36.81859673230615],[5.883306721012519,36.81749533223376],[5.885384630544332,36.83047130879105],[5.874504433185196,36.81644749098303],[5.861234128424803,36.81238071285092],[5.8584115426890335,36.813731864369764],[5.793067850322662,36.8067444522331],[5.775449958427337,36.81422238192926],[5.775579330832995,36.817834196426375],[5.776466693190695,36.8219767306072],[5.772377667346986,36.8219990145143],[5.76847150077817,36.82440252732588],[5.775338516666997,36.82726969349574],[5.768235137067934,36.82671678983272],[5.765720253054181,36.82780481213089],[5.7544074815226995,36.82421520663392],[5.739563136003091,36.829053325705736],[5.7351664866583825,36.82671227032189],[5.738524129486349,36.82227100193651],[5.730591394791387,36.81924328382319],[5.728085411542747,36.82270357627281],[5.704978320483911,36.81764692978296],[5.693424815985767,36.81610857204325],[5.692274366796804,36.81074426249938],[5.685483173082725,36.808327404694985],[5.6843148948784785,36.81143543916691],[5.676185916034545,36.79813392570775],[5.663584521535158,36.79604263450413],[5.658617082522632,36.80013161160582],[5.65057732723186,36.78926920557472],[5.638805249982608,36.78118484510832],[5.602869353377839,36.776070330458616],[5.597687936456056,36.778620931159075],[5.580921688585898,36.764472170519696],[5.5717359378889055,36.76242541699725],[5.561502348388258,36.74825891033746],[5.55311025504139,36.7381143859245],[5.551348963635224,36.731715614937606],[5.557016476899209,36.72260121989732],[5.547081568050049,36.71186814360197],[5.53961259205337,36.711578285246716],[5.540816524291342,36.70295885913803],[5.529637557194863,36.701821834551716],[5.526418131586682,36.69500830365136],[5.516055167958096,36.68866298350307],[5.508113501540225,36.68556394708841],[5.501117129887205,36.67863000556422],[5.491052963289162,36.675334716854834],[5.485233821582044,36.67289115691101],[5.481189425888368,36.67592778125079],[5.475178556554326,36.66757588724304],[5.445035014919742,36.66203768625386],[5.438819059652916,36.66717014388038],[5.434172658610931,36.6613599122828],[5.43627289038465,36.65720846919628],[5.427724785665887,36.653748264874736],[5.4270871755889925,36.646190033872514],[5.4401701760143215,36.648022719291056],[5.441133325315703,36.64034862528017],[5.425905493309905,36.617428882684784],[5.427978968395158,36.60596452649822],[5.446243472520165,36.60642380534012],[5.448967991386441,36.60968782146512],[5.466148898769011,36.60516187480287]]]}]},"id":"000000000000000008de","properties":{"ADM1_CODE":363,"ADM1_NAME":"Jijel"}},{"type":"Feature","geometry":{"type":"GeometryCollection","geometries":[{"type":"LineString","coordinates":[[7.4254823792388445,35.2720422324718],[7.4294018979201235,35.27353601920362]]},{"type":"LineString","coordinates":[[7.219351500739961,35.61340873843705],[7.2156103224379775,35.61512553206468]]},{"type":"Polygon","coordinates":[[[7.4552557687545296,35.53091982664459],[7.453641597628287,35.53493303160038],[7.451528002921422,35.53269455964747],[7.4552557687545296,35.53091982664459]]]},{"type":"Polygon","coordinates":[[[7.4576770552710325,35.52564918888888],[7.461288919408843,35.52794115057628],[7.4552557687545296,35.53091982664459],[7.4576770552710325,35.52564918888888]]]},{"type":"Polygon","coordinates":[[[6.580482745636512,34.77275672380956],[6.584732270464491,34.77740756907286],[6.611254934817567,34.78278973277457],[6.627923054032521,34.794481490941024],[6.63285926820722,34.79438333404187],[6.641166610846867,34.814534034766055],[6.645607886843576,34.816941947371184],[6.646713728089361,34.82513333588636],[6.658441172885442,34.84512795366623],[6.670663564439935,34.856761743807205],[6.671082707582869,34.859914325024874],[6.725987621156405,34.86028883895532],[6.705065556627956,34.84271557230573],[6.738522132514968,34.82506644856995],[6.751542778140716,34.797040955966146],[6.730210375626302,34.7723465154041],[6.730531433184263,34.762032545966534],[6.769646652472138,34.76833770774973],[6.764090659513048,34.737788439451585],[6.753446749034942,34.7183111068417],[6.754240536031231,34.71166259195767],[6.748082448383311,34.70140667008775],[6.745585369363596,34.69247064405868],[6.737055158897455,34.68713750025716],[6.730424468255961,34.67492399918017],[6.740537683139127,34.65261517722734],[6.72905100532824,34.64054883148185],[6.733064267473661,34.61287119337324],[6.734018505214523,34.597745914972045],[6.739146447521385,34.59030370631746],[6.73764818330024,34.56271079468395],[6.732373054090568,34.55978556977191],[6.731039804799759,34.5407006300204],[6.723735756216532,34.53824811323048],[6.724377890182494,34.52640034082337],[6.714866633414185,34.51497606164583],[6.714046146675724,34.50814029909317],[6.696615536613344,34.4909370614287],[6.680736645492249,34.47175849802887],[6.677717900463403,34.46314797026149],[6.6878980017694865,34.447969194144086],[6.691197693067255,34.42634250230949],[6.704254009518656,34.4151412296204],[6.706336399698231,34.39755900552118],[6.69591549195793,34.38648705490801],[6.686899159812674,34.32747092134337],[6.69544281514251,34.30385996701132],[6.820382309520404,34.22832273894266],[6.905943574602474,34.19215947052612],[6.9326090132651865,34.17273117107932],[7.004061645673473,34.1563840737555],[7.018156822684368,34.33427996929524],[7.2263165966651695,34.342016443791444],[7.241562243827832,34.4466448607121],[7.2781135231447545,34.54319328969786],[7.295709166228939,34.55871985442537],[7.317045918347508,34.595503018374494],[7.322963150849002,34.59842367991904],[7.372998700602401,34.666491846306165],[7.3876647194107115,34.706271509589776],[7.390335722638012,34.73289677180376],[7.385774076094983,34.74096777490305],[7.387285712439391,34.753328406803575],[7.364771723983806,34.77437090379696],[7.361222239870128,34.79481588308087],[7.370590794780382,34.8042023300574],[7.3685575054576695,34.80912957153192],[7.374305251393021,34.814257571106516],[7.375223817665307,34.82650227664697],[7.390309003017356,34.844048823719255],[7.398246179316385,34.869430030154575],[7.394183951929446,34.870357516842304],[7.396988738514075,34.88454637282339],[7.388213194710841,34.91400765426301],[7.368847288558515,34.93733771940165],[7.365989001026598,34.961728934885066],[7.341789500112053,34.95392557006942],[7.315610144929884,34.96880998784949],[7.305559263549396,34.968832337254995],[7.297568566314199,34.95007291170424],[7.270885325903177,34.93195556305611],[7.247029149844234,34.88027011603348],[7.254114633883133,34.86760626493996],[7.265891127340933,34.88229003922537],[7.2621410287330805,34.86910450469766],[7.2676167628284825,34.85752866485157],[7.264776315987978,34.85092478652429],[7.26776394972879,34.848320615437665],[7.261244733462038,34.83235704576943],[7.261347293600559,34.823835727213634],[7.257771115151829,34.844218301877326],[7.260027440465171,34.849216955937216],[7.239056226063987,34.883743707596324],[7.23035208651214,34.89357159188866],[7.2310388291698455,34.90055900546317],[7.225041277142087,34.905637922050914],[7.236857952036279,34.93158545046727],[7.241263541042174,34.937814764451474],[7.239631478712815,34.95542828380867],[7.248946547756418,34.972832129841095],[7.265199996464838,34.98462646429747],[7.26375075187927,34.99239866125486],[7.2839817426079545,34.998721694982116],[7.289537720406698,35.03197759906651],[7.307873604472098,35.055570769910815],[7.353918260547996,35.07602461300131],[7.362345973124401,35.07401805972523],[7.435493018168381,35.1659334944782],[7.38974269795945,35.226603984403646],[7.3909287524637595,35.24442706009353],[7.415676808438667,35.258232454551425],[7.4254823792388445,35.2720422324718],[7.401835777955428,35.284532230152735],[7.394910787040542,35.297945218507465],[7.402228145269377,35.30252913351387],[7.398134669791779,35.34292417404402],[7.409059507880012,35.35266280066022],[7.4069592478239885,35.35644858790402],[7.410334823903813,35.35822329185963],[7.399459022097226,35.36991064324863],[7.392832816265297,35.37512772821785],[7.399499189376806,35.3869087191185],[7.394839447498291,35.39159077419934],[7.430507773774611,35.40153905196962],[7.451639434276258,35.4042278152437],[7.458689279359358,35.400847883888176],[7.469756778187143,35.40835695816276],[7.540032220319673,35.42610865997564],[7.545900372447822,35.42960907648905],[7.547621595233944,35.44317806637347],[7.534284394725334,35.44845770453248],[7.52633827452697,35.448230288169555],[7.517152594421925,35.47160929746176],[7.501568024172415,35.4708066613994],[7.484489677006459,35.47522122118069],[7.476503378067506,35.49143891565219],[7.487000109852094,35.5005444517084],[7.46976569505308,35.51516135731886],[7.4715270464263845,35.52202839837115],[7.466086925475701,35.52473057317345],[7.459438427239567,35.52209973299701],[7.4576770552710325,35.52564918888888],[7.4535657395347,35.524164284101346],[7.451229202699252,35.51338663059116],[7.4355421190123145,35.51092524848489],[7.435742731396985,35.51430518745249],[7.427488977798407,35.51166991923741],[7.41735790181912,35.522844357906365],[7.433646934463527,35.53487949549481],[7.41793755324229,35.54949196967706],[7.397198310375065,35.55499455712513],[7.3735248796557595,35.57316087912571],[7.3595099671666855,35.564911558442475],[7.347916329290526,35.530705781358805],[7.353521390299306,35.5243471300623],[7.350836992640516,35.51964725975658],[7.33553780708174,35.52113658172945],[7.300083507081435,35.51014042732803],[7.303325305110923,35.518679634898426],[7.29430003222157,35.53976673140858],[7.2956333188098474,35.54555462796588],[7.304533740401962,35.54343206888012],[7.306897054662409,35.56578111227497],[7.316622325373208,35.56955798066035],[7.308069805699604,35.593967084419276],[7.263184430507605,35.616663915766644],[7.223360248420343,35.63145915942171],[7.217799759678225,35.61982537043385],[7.219351500739961,35.61340873843705],[7.219690414170148,35.611170237978214],[7.212725263410895,35.61243223885672],[7.204498239832955,35.6215421295503],[7.14862568450371,35.61582108619561],[7.133932914979249,35.623160768647686],[7.08404898941077,35.54695471904632],[7.016814697705407,35.56804627734837],[7.014255099315927,35.57142632131821],[7.023021751540727,35.58942324933188],[7.023253619021806,35.597788531250686],[7.028537661843485,35.60718385415712],[7.000659339571985,35.62873020612635],[6.843756926204934,35.61173210330318],[6.807763124835369,35.61196842294132],[6.774351065218,35.67506474695965],[6.762552277990629,35.67494882994147],[6.762913444306464,35.66640964183631],[6.770716876771519,35.6580399178034],[6.7616381383667665,35.63007689247819],[6.766668026747073,35.60727298207815],[6.782167887557248,35.59604056401911],[6.79302133506003,35.57575608865772],[6.793003435858733,35.56130861770242],[6.779452214925681,35.55037487872624],[6.771510630387018,35.538156941127724],[6.7735439585736925,35.534157170820976],[6.769963248780506,35.533015641667355],[6.76966005161358,35.52912281432438],[6.76372058191984,35.520976071257444],[6.75950666650757,35.52040972710385],[6.761330487129583,35.507371316649106],[6.744849593129921,35.50121773628723],[6.735828868332116,35.499897861030576],[6.7324533210181805,35.49141666247637],[6.718077170752659,35.48580265302244],[6.680750026191086,35.493717590923104],[6.674467196914823,35.48949035268914],[6.645304621715256,35.48752831597608],[6.635945043696187,35.473838850404434],[6.622848642997099,35.47234504621943],[6.616971525558568,35.464443515166984],[6.601730347973507,35.46123296481521],[6.57660331782801,35.44152380527872],[6.569437538092369,35.42897582783817],[6.576701392172334,35.41946463648683],[6.5771071315738086,35.400388527984866],[6.581793645456739,35.39230425279811],[6.593877806413773,35.39098881508716],[6.598484067193884,35.37763380047854],[6.586854776409213,35.36955835457762],[6.584531535062673,35.357692667504566],[6.589378607952308,35.35001414084042],[6.580919709249256,35.34715132759085],[6.593926856846896,35.31780154752179],[6.613386391239821,35.31637909788966],[6.621452940735085,35.32605978594968],[6.636524662315759,35.32095863243843],[6.637113254939264,35.31775249458766],[6.630402364097015,35.314885327190446],[6.629211774574856,35.30863806356271],[6.609489152949454,35.30451791397598],[6.612137844040198,35.28881290603489],[6.580670027027103,35.27558278691735],[6.556559650453704,35.26618742873468],[6.563511340538403,35.252038749294385],[6.559582863185068,35.24647819624128],[6.559297514626566,35.235361713919595],[6.555895255083295,35.23868370051378],[6.554089313848993,35.2426969069541],[6.551511917828348,35.23994568775141],[6.548653640743165,35.23031848351],[6.557295387456022,35.2270499452482],[6.55940004125878,35.21164818645796],[6.5656383523262045,35.20178023383615],[6.560813606368813,35.196286573144164],[6.562182574496959,35.16356123904413],[6.549442943598565,35.14683071940025],[6.512833650807829,35.143682551322925],[6.515669646040508,35.13967385793243],[6.497574675342759,35.110110024642665],[6.504825110880661,35.1005943258009],[6.513823589972055,35.059682049385884],[6.513319707785723,35.05292206784513],[6.503268941185809,35.041974933763335],[6.49502406020302,35.02484305000152],[6.510827128558902,35.02747838501602],[6.53170463975604,35.01830600326068],[6.549688188031725,34.98314159625775],[6.552715878471276,34.96705309845402],[6.5626864371010525,34.947241316019344],[6.5706236745459545,34.94669288161072],[6.5747260052095875,34.93854160175942],[6.583140335515799,34.94043676349593],[6.591545754395899,34.928169794033224],[6.566842335843571,34.906453902857514],[6.576353571051099,34.90278412850382],[6.586979588767708,34.90412180432465],[6.590127759807242,34.898775331051425],[6.595969164558404,34.89912319768488],[6.595264595646211,34.88797990549753],[6.578761477013545,34.87514216064254],[6.569531121770195,34.8739025103529],[6.555730276991691,34.85579851400357],[6.561772288158289,34.834497400812964],[6.560604069704351,34.8251555763358],[6.558374456632575,34.81391424313823],[6.563970665476696,34.79883354341444],[6.575087176084697,34.79089634189488],[6.580482745636512,34.77275672380956]]]}]},"id":"000000000000000008df","properties":{"ADM1_CODE":364,"ADM1_NAME":"Khenchela"}},{"type":"Feature","geometry":{"type":"Polygon","coordinates":[[[2.362480759741724,34.69737116680334],[2.2204316756894023,34.68352566129656],[2.1996032244032273,34.643014738559536],[2.1804692143021644,34.63711536202359],[2.1776600024658426,34.631728702883905],[2.106247450777297,34.608875804528],[2.0201913026957343,34.550470505790514],[1.9952337004438803,34.50941559757108],[1.9434099917708485,34.49527574557088],[1.915527252025709,34.488511343986325],[1.8937222410967793,34.48977322522045],[1.8889732797681549,34.485300795011256],[1.8813393419940465,34.48696401098295],[1.8787040176038035,34.48215263697625],[1.8728581368342105,34.48386940969388],[1.8645061938930425,34.480895140387254],[1.8530463293208848,34.478032414405966],[1.8499606385096057,34.47590988003556],[1.8465494501115187,34.47619975925527],[1.845456955213507,34.471499834916415],[1.8329045931026053,34.468463224425655],[1.8190100275434156,34.471276930440666],[1.762825338627708,34.439590553162255],[1.6901731964098703,34.378523147236024],[1.691858715793783,34.37112551190452],[1.679163676754606,34.36041470754428],[1.66176870782161,34.2655206072293],[1.584604021915409,34.22748449874572],[1.5709903349638257,34.27125501301172],[1.4711689248897322,34.2065266478834],[1.3948826142727488,34.18493127412466],[1.4043314300762801,34.159032840123864],[1.4210932262954366,34.1332413956498],[1.4327002221957839,34.1326170583788],[1.3476607499976834,34.0823719452005],[1.3299447432523104,34.07559411327738],[1.3328342436133231,34.0667294519719],[1.3390412920779422,34.06867806994237],[1.349573668635706,34.04283309961782],[1.363066914061892,34.02839452883265],[1.361492896246152,34.021973424022285],[1.3685115120927003,34.020943353297035],[1.3681592102788316,34.017848772277176],[1.3629509914606526,34.01813413290254],[1.3633523426195648,34.00128763002749],[1.3560929129131833,33.997336844057806],[1.359651268129617,33.99183431247192],[1.3655327917708702,33.978193994303844],[1.3815677365110681,33.97498790540719],[1.3886175901336815,33.969084037764766],[1.4039390473106617,33.967309310642165],[1.4256147448303116,33.95126094674337],[1.4658358522290833,33.94265937884194],[1.4847245933383837,33.922143074976006],[1.4902315875278018,33.91182916487233],[1.5411054409295948,33.87279862479768],[1.5697596373023517,33.868094321156164],[1.6445877974584526,33.89622228665408],[1.7039384308538577,33.90467671917958],[1.7238973529075512,33.88882018829974],[1.7382378455664709,33.88326412772217],[1.7605913624308005,33.85209054168559],[1.7865611130439045,33.84612432690189],[1.8158307052396219,33.78240374768121],[1.8093917651676523,33.762061295962916],[1.8003352683358194,33.7583379556641],[1.8024711927036918,33.74533077490975],[1.8160670098453422,33.730428470238934],[1.8126290038727124,33.72017697204505],[1.805837831092085,33.71484839869623],[1.8034923480076779,33.69742670087891],[1.812120733827391,33.68568141447798],[1.8039115096732155,33.67892135874315],[1.8208159835457902,33.67146581151582],[1.8337607464080912,33.67587583169737],[1.8383669682424013,33.66705128961577],[1.845363322564582,33.662810664045374],[1.8476374317415505,33.65398606168336],[1.8577462233107132,33.65347330756984],[1.8607784059129542,33.66332787742136],[1.8667625284476632,33.66584280904577],[1.8775446559374713,33.65214896097443],[1.8767820934171244,33.64406908445402],[1.8866635076560903,33.638566487646074],[1.8744410836907914,33.628653972702296],[1.8926119584646584,33.61203934234758],[1.8942038118800932,33.60527487164359],[1.9100292031534034,33.60848098535438],[1.9302735221865142,33.58475858786121],[1.90405395659502,33.56745726688972],[1.886953312111243,33.5103272559264],[1.9024442338195018,33.46935698224657],[1.8780128660386444,33.4175422527497],[1.9701601654350518,33.41244997617227],[2.0230986346721203,33.40601995439815],[2.007161756224986,33.37066823323725],[2.013145924416328,33.34081452094401],[2.1763222370092503,33.29592922281774],[2.272781528108808,33.31316363032648],[2.262012813318943,33.161032459577974],[2.085325381221726,33.16529536038641],[2.0765854942701534,33.156528777816156],[2.089320713476086,33.14025307590023],[2.1002544526680587,33.13297579808882],[2.106060204238932,33.12191277638827],[2.10248395311129,33.100830125930976],[2.095068535062162,33.0824987534193],[2.0989077630201636,33.06226786513472],[2.1375726538741193,33.00318475493395],[2.1480693586079274,32.9702364757386],[2.1567779989797775,32.963244596478624],[2.155324305649077,32.9504648236647],[2.1684608186647516,32.93665498664174],[2.1680328018712087,32.918778457495065],[2.2125792241198354,32.87562775540797],[2.214563485509563,32.85293091256723],[2.2275885278008993,32.822961282722815],[2.223825075227218,32.81195616888091],[2.2409970691678307,32.805517271110766],[2.720435097797769,32.84163602471024],[2.741776407882327,32.83945996619016],[2.8024647603196406,32.86299953627458],[2.875718832149774,32.883689770356234],[2.9734445450066715,32.89518535642874],[2.9910446283959575,32.899992281864336],[3.3850284355705043,32.8161299581725],[3.371887487473003,32.9296274168619],[3.2246479778813573,33.00454034874859],[3.204046901048054,33.018582044052856],[3.575735284783255,33.030510131990894],[3.58068937862888,33.044199536450435],[3.5967867456934988,33.0363515491825],[3.607091683917806,33.0362935530531],[3.611131666059601,33.047347661732914],[3.6091384120191115,33.05411212248005],[3.619037607170636,33.05468290185656],[3.6263015180225904,33.042478387572686],[3.636717975773915,33.04860517754437],[3.6393399028143247,33.059436355524284],[3.649702829733607,33.06671360070458],[3.652391718676014,33.07284036581712],[3.660748028417055,33.070035589942805],[3.6618851498667038,33.05617225175285],[3.6693808594489514,33.05393382371392],[3.677554412438576,33.06348968208678],[3.6998722432056255,33.06161234343959],[3.706632192391922,33.06727991890218],[3.7173652622339395,33.052555907307216],[3.7241297153213404,33.04980463988852],[3.7325930971553594,33.05639071849539],[3.7409226843901044,33.05432621859756],[3.748119667536681,33.05707749222917],[3.7922603610652463,33.04807002782562],[3.8092718236454175,33.03884863267427],[3.8190550811654282,33.0405074112471],[3.831562824867722,33.02208239209152],[3.845617896434879,33.02405778231472],[3.8675522156155213,33.03797915559854],[3.876363469954086,33.03184340172201],[4.47225543164735,32.99217523714483],[4.41124594919844,33.06673586565156],[4.40678242930117,33.09910894521579],[4.352849584435095,33.14410126384499],[4.33049163583186,33.20460684353935],[4.185298858390231,33.33607449552445],[4.080465423351344,33.403304327546344],[3.7054862435213725,33.52849362637698],[3.641966296869381,33.6201816783006],[3.604741739485295,33.63107523964454],[3.5904548059072634,33.650106683839674],[3.585781688576776,33.6643134075612],[3.45916995223631,33.762426988054486],[3.3331378872041038,33.80192566095874],[3.330551637636838,33.805818512907734],[3.215645057132788,33.82394476998434],[3.204684557337572,33.84789454629617],[3.2063389460267366,33.85706251810539],[3.183494911800069,33.8674343513491],[3.153146301621025,33.93838314382859],[3.1429527835342617,33.94944170060787],[3.131854062734041,33.98622927076326],[3.150506473971159,33.99656100793611],[3.139528194642701,34.00754375346004],[3.118708680423428,34.06060706202574],[3.094076592014802,34.110807624057344],[3.0828574945338447,34.121121546034324],[3.0772078319060308,34.13527470860247],[3.08082862864828,34.13791000936246],[3.0852475767872285,34.134012752716146],[3.0907991503378134,34.17750238158926],[3.0843200955155083,34.19658732884252],[3.07778304336506,34.19973993841991],[3.073364090914714,34.21314842315751],[3.0504531776495543,34.21045513077283],[3.049882418304681,34.251541308960014],[3.0435728077184185,34.258876520961934],[3.0387034710853857,34.254292588928735],[2.984601203359065,34.242605268462526],[2.986317966359389,34.2538466272836],[2.990674512427452,34.25934031200886],[2.9466899428342357,34.27596382080942],[2.9436666566358936,34.28684849850755],[2.9332858651192804,34.29080370101418],[2.915440520983953,34.284681350775436],[2.890509723724729,34.27001088288143],[2.8845612306323862,34.270300766980604],[2.8561077408378854,34.2519114153433],[2.8297677943620143,34.21655964115208],[2.8281536337411093,34.20682989252308],[2.814651494030662,34.20028841819595],[2.8220535712841865,34.19266784028167],[2.804498096774295,34.18028932750605],[2.8057600255947754,34.161891062194286],[2.815801926259387,34.14487518529169],[2.7834065840534388,34.15530941661773],[2.714700693719358,34.12529526170167],[2.6767938713168786,34.1148074152234],[2.6538875072723505,34.127823559584904],[2.6382003525478335,34.12157639545594],[2.6154455601661635,34.13221576877273],[2.606986673125214,34.148054503717326],[2.5854759791946336,34.17046147185005],[2.561231814243129,34.17842990530786],[2.5382496073181198,34.219119187893995],[2.5260227897231777,34.23206844966258],[2.510242037873675,34.23499356201015],[2.485248759088466,34.2842176344743],[2.47229064846721,34.29676551112971],[2.4624181826001545,34.313955310246996],[2.443752326951117,34.31092319813086],[2.4463074423525923,34.319462354609676],[2.411816254280399,34.411948538895274],[2.3867472178507425,34.450979078039246],[2.3916299617594534,34.48781572347247],[2.364634525750531,34.632562620974994],[2.362480759741724,34.69737116680334]]]},"id":"000000000000000008e0","properties":{"ADM1_CODE":365,"ADM1_NAME":"Laghouat"}},{"type":"Feature","geometry":{"type":"GeometryCollection","geometries":[{"type":"LineString","coordinates":[[-0.39978513558596274,35.36235241805881],[-0.4009177737825587,35.36017191710077]]},{"type":"LineString","coordinates":[[0.6248047852058516,35.26291895381341],[0.628902672682553,35.26303038580303]]},{"type":"Polygon","coordinates":[[[-0.5236010156991963,35.44315583133128],[-0.4852259933402966,35.43003267665031],[-0.47551406788337763,35.43174945879869],[-0.47376610507094663,35.436212972909104],[-0.4638267993438542,35.43438475771855],[-0.455015616548658,35.440689943860974],[-0.447287973824089,35.4448145961595],[-0.44110766724226347,35.45558335933988],[-0.43369218733723985,35.45936017658543],[-0.4111915768392078,35.452653669737956],[-0.4070400904883465,35.44829715764608],[-0.41039781517838425,35.446187952457905],[-0.40390983210556713,35.4443464139882],[-0.40479275560958317,35.4323157678954],[-0.41552134316137235,35.41732419615809],[-0.4096085994002722,35.39930946970146],[-0.4257772308745433,35.38905800585143],[-0.4266824404218746,35.37065977536469],[-0.4212468196523913,35.3657323969351],[-0.40194340161082476,35.3672172968136],[-0.39978513558596274,35.36235241805881],[-0.38862403787113053,35.36583946355927],[-0.38529310486828083,35.364466011787535],[-0.3833087784301709,35.37116803976426],[-0.3737752045748814,35.36910350459811],[-0.3692224735423695,35.37111010638841],[-0.3464097349386282,35.36131345898346],[-0.34611985797902295,35.37002208776953],[-0.3113701248301972,35.396032036804534],[-0.2981265775595121,35.37815106706213],[-0.2934668493024188,35.37144896344212],[-0.28882043633868737,35.37465505838944],[-0.25803036002524166,35.36914812943011],[-0.2392084710235403,35.35579754516048],[-0.22093507955741185,35.35865585388567],[-0.20139976001035123,35.352181260460334],[-0.18016103128760044,35.35400943039206],[-0.1726251435625061,35.33996774997765],[-0.16446057484352433,35.34014610761925],[-0.16520076242464535,35.33298037503932],[-0.1776327280276692,35.323125737517195],[-0.18190008167446764,35.313556523168636],[-0.1818332431665845,35.301588287823414],[-0.19118396288496017,35.29740118630622],[-0.1948449069647206,35.29098456367667],[-0.21300679178426976,35.28599925133187],[-0.22583561765011312,35.28869702617917],[-0.23614508104757528,35.272769055708444],[-0.2432573524380903,35.26870241874904],[-0.2386912314200715,35.25511104944846],[-0.23276061354675331,35.246348890781626],[-0.2201101782733827,35.2508793365573],[-0.22089493605502347,35.254544707942635],[-0.20406630035830253,35.26193345869247],[-0.2048065299045723,35.266637855037295],[-0.1839735624144163,35.26960760441173],[-0.18035724956343221,35.28009090972383],[-0.17626825196669269,35.28049672087858],[-0.17559939750719802,35.28662799519778],[-0.14729747101310592,35.28473285742648],[-0.13037072268991537,35.27298310334684],[-0.14104583939061954,35.26814950033772],[-0.14965187015812031,35.27017833723949],[-0.20093602013800638,35.24388306290848],[-0.1899086700922806,35.22640336489168],[-0.19310584748015514,35.22018290394766],[-0.20300951823263522,35.22193535126613],[-0.21681039059455814,35.20721587332047],[-0.21047849159829052,35.196612083960254],[-0.21280168005664554,35.18165625736086],[-0.18801797347144317,35.180274003176926],[-0.1783551550189495,35.16004750536275],[-0.17338321176781843,35.136610458975355],[-0.17741872582592477,35.122105008105784],[-0.1418395653282516,35.12468684754721],[-0.1309771842841533,35.1223948327703],[-0.12322283324155744,35.13459935895759],[-0.11490656912256494,35.16800698271209],[-0.10026731237752745,35.1709277258617],[-0.08987761901292042,35.1484047819275],[-0.09104149484733687,35.139178915644855],[-0.0886558725450692,35.123304488507415],[-0.08859789546409311,35.11637504266053],[-0.0839381219304643,35.11201853602673],[-0.08714421826236915,35.0999298991443],[-0.08279656461982388,35.09437384822595],[-0.07197434669779332,35.096955640921614],[-0.03020147036533531,35.094882166190445],[-0.008200273064552064,35.0871411365642],[0.02040035322887817,35.098253265435204],[0.03586453094411422,35.09945275950393],[0.039195522590896974,35.10306460561688],[0.055814567860959445,35.08461286387947],[0.08804494255545335,35.08197310137411],[0.09398001013813587,35.084496935740624],[0.10114580188793293,35.06999593248291],[0.11638256163572629,35.07509267769427],[0.12028872320315577,35.07067367579942],[0.14067572517314575,35.06689242973456],[0.15218020207549046,35.074285551469],[0.15919435520722944,35.05978907272135],[0.17299970901725667,35.05594533587189],[0.16230683032251866,35.03915676552826],[0.17634851813747263,35.035259554143245],[0.18290338800518566,35.026836272869005],[0.1909387110115401,35.02202046151999],[0.19595967654840357,35.01663384358313],[0.220346455459332,35.014283966326545],[0.22955895130827964,35.027402583019445],[0.24492949236825612,35.03582587627279],[0.25136841043684227,35.03358740667278],[0.2758444354540665,35.04539509619585],[0.2709840257630139,35.050317943466546],[0.28457981985392056,35.06121151494395],[0.2924545930056334,35.05925397091908],[0.3274496368045086,35.079021125034096],[0.35014645371226555,35.053229702928164],[0.36437099342893486,35.04474853272069],[0.3786088788116213,35.05202128366853],[0.37893887084943917,35.05546374685437],[0.39904939828798125,35.04944390807479],[0.4116062605691637,35.04047222106774],[0.43655045641903356,35.04943497855071],[0.43626509507855016,35.056145929324636],[0.45379828300275826,35.06101087454817],[0.45365107679756683,35.073447289509694],[0.4691063283772494,35.07396005574855],[0.4815383247186265,35.08776987311888],[0.48712114376429644,35.11246439981725],[0.5020323501399462,35.122430518245835],[0.5370987143165161,35.17078945798657],[0.5748985017541554,35.18253027102903],[0.5839460435723212,35.19439145374582],[0.5913704271639835,35.19531007186508],[0.5946568146353919,35.211808734972244],[0.6069995605940975,35.212441943365896],[0.5923380756721643,35.223558467403514],[0.590670348517048,35.23306968778672],[0.5968372700696206,35.25145903229429],[0.6248047852058516,35.26291895381341],[0.6168720632076197,35.264814057154084],[0.6168720632076197,35.27329079141836],[0.6290186437716143,35.27495401460164],[0.6153292179212096,35.28131269113351],[0.6512427716068361,35.30478546434702],[0.6778769912678748,35.312593358558026],[0.7026071509033004,35.31047078199356],[0.705264764560442,35.30451340309624],[0.7741356422624135,35.280719651781055],[0.773484618908716,35.28535714968333],[0.7786526770656408,35.287996950702556],[0.7768913603559278,35.295960887729585],[0.7801554192039866,35.29601887460335],[0.7900055764758556,35.28598587353974],[0.8008946968965074,35.28026037671272],[0.8281353331450511,35.29870768660336],[0.8272078530978616,35.30403635152609],[0.8344761867649969,35.31365904478432],[0.8320548874238268,35.323170333570516],[0.8506225677016832,35.32872633654091],[0.8621716472571764,35.339214145862364],[0.8631526471028581,35.370842594402795],[0.8683341576918246,35.37783441281914],[0.8855685577731928,35.37444548529641],[0.8855908227545732,35.37742864632155],[0.8985267182197573,35.38447402920131],[0.8999892748474825,35.38774257401089],[0.8804940594709185,35.414042367755926],[0.8718389795217343,35.422122232569485],[0.8552645204986847,35.42442308115612],[0.840322053059323,35.43124105741857],[0.8414502177591419,35.434621070388374],[0.8337092325968504,35.43668564170938],[0.8284786478104038,35.44184482747547],[0.8289914817610069,35.44774422594501],[0.8025177845429667,35.45319320384286],[0.7638306459467495,35.45806702253689],[0.7549838099817262,35.46408683464845],[0.7518133759770774,35.46213820577127],[0.7477154244525098,35.46775218903302],[0.7317340565195857,35.45950286524139],[0.727132242326942,35.46661070168081],[0.7236585967285564,35.46884470644098],[0.727520146118849,35.47423126824175],[0.717563027868397,35.48512485264541],[0.6968237222444128,35.48569119577687],[0.6941081513178261,35.4890756261472],[0.685800787671805,35.48478148166802],[0.6812168856250275,35.47979179836135],[0.6658552781157128,35.47773166202773],[0.6479787168916615,35.48862521941296],[0.6374508004840785,35.481058158598145],[0.6228873859574086,35.50358106140585],[0.5920705180815432,35.51658826837761],[0.5874375196600704,35.512811403982184],[0.5602414379700165,35.51711445507],[0.5485764680322277,35.523245756199465],[0.5365859100385927,35.51447916745386],[0.5021839885214763,35.51465745519932],[0.4905724291956393,35.536257379353025],[0.48330413567052416,35.541010795309035],[0.4779888600115971,35.55288092893517],[0.4575082043170411,35.56468411261963],[0.44514312991516275,35.56606201745763],[0.44079996537949573,35.583827049696794],[0.4294515725771674,35.570592464065854],[0.42214307833748793,35.564630632986805],[0.41764386535371467,35.5695044683001],[0.4002533980232018,35.55977019918078],[0.4003113381593162,35.5689336931109],[0.39234292605921123,35.57592554122702],[0.39409533661521223,35.58004576557162],[0.3848382422707769,35.57879277980869],[0.3810435423329352,35.57964888491746],[0.37642394591739375,35.56624035834683],[0.3636842528130968,35.56056836209842],[0.35295120093147697,35.56458155551304],[0.34275771463283666,35.55466897961446],[0.3256927372334017,35.56080474150455],[0.31276581378979385,35.56023840302714],[0.30770473298593676,35.57759326603308],[0.3090335206466321,35.58022856333623],[0.2858997216662425,35.58252499857853],[0.28988614625951564,35.590894724347315],[0.28626534558825034,35.594618064402034],[0.2971723469387943,35.62177845814998],[0.2892306742265317,35.627909766991436],[0.2822476843335063,35.63839756173483],[0.2692806755091162,35.64854200973272],[0.26959728066172295,35.657705481946124],[0.25103397865876537,35.66687779554047],[0.2602152813136215,35.6813164099717],[0.25513637321488786,35.69008295216148],[0.25131047547553825,35.69409169345577],[0.2530316603997778,35.700285446383404],[0.23947600651127718,35.701716748073686],[0.2391906449352141,35.7051012094355],[0.22182690571168778,35.7084812330173],[0.21834880649086436,35.7134665102737],[0.21334568995733855,35.71123698552654],[0.18274290013757505,35.7119816652843],[0.16519183064336324,35.697997911533534],[0.15437852888519268,35.67433341603576],[0.15258599914926546,35.703906157997075],[0.13330038806008088,35.68780886069605],[0.13106192546856285,35.69560335847463],[0.10177448882561974,35.696406011310074],[0.10382569326990601,35.702943024681865],[0.08746083495823477,35.72895292838331],[0.05693829366906091,35.73560148665562],[0.05208230442883285,35.75124844056306],[0.03803165093004826,35.746379114469185],[0.03694814682756123,35.751021031900905],[0.010398634830224894,35.74317751181455],[-0.0027155591757694712,35.72902878554892],[-0.011709627708101474,35.72684379345508],[-0.02751268751850184,35.720601075217694],[-0.05473989468360267,35.72685271263635],[-0.09787284368070549,35.75155171824674],[-0.09510813384993008,35.77155518868767],[-0.11025573920825563,35.78186908403739],[-0.1102334058472805,35.786167657989225],[-0.11692657294173693,35.78733150681113],[-0.13840605930674146,35.7548246704859],[-0.15790125563223295,35.737184508917736],[-0.18052223094515907,35.72125211862878],[-0.18144529615870028,35.71265940861999],[-0.19007362065982486,35.71397487618529],[-0.1879154477863376,35.70131545300255],[-0.19455951565924995,35.696954478711234],[-0.20651435465026843,35.694439491201074],[-0.21124102063474617,35.70624726070835],[-0.2290729739016957,35.70773655770125],[-0.23716174583544,35.71272186704818],[-0.23775033831641934,35.71902252750276],[-0.2555734011434303,35.730544899566794],[-0.25959103628053753,35.739026073111724],[-0.2759292070846463,35.721898679962536],[-0.29683343541356705,35.682533719150356],[-0.2995490403382282,35.680928412499135],[-0.2701680218587132,35.67926074508703],[-0.3696772991048548,35.61366289578709],[-0.39200405327588267,35.59487225601676],[-0.3820335162206984,35.5762510170208],[-0.3861937914491949,35.57699571672401],[-0.40672798093642987,35.55688518626736],[-0.4098136674317268,35.534879502254185],[-0.4037626681306428,35.52823548551758],[-0.44761796568154577,35.532025726756885],[-0.45660300784676855,35.52107416331927],[-0.47945148013053823,35.511281915164766],[-0.4713626561867613,35.501944554316836],[-0.4598671109282272,35.50170822773534],[-0.46402739705053,35.487960893054655],[-0.46036654102499236,35.47580980886444],[-0.4761115762893887,35.47288912139737],[-0.48656820809024365,35.46629850884423],[-0.5031783730111028,35.46859496337661],[-0.5091535650561945,35.471805497309305],[-0.5071692067784136,35.45971688190284],[-0.523012454184671,35.44957243712378],[-0.5236010156991963,35.44315583133128]]]}]},"id":"000000000000000008e1","properties":{"ADM1_CODE":366,"ADM1_NAME":"Mascara"}},{"type":"Feature","geometry":{"type":"GeometryCollection","geometries":[{"type":"LineString","coordinates":[[2.141416422849444,35.71334611450899],[2.1377732931421867,35.71380096280321]]},{"type":"LineString","coordinates":[[2.8946878508262563,35.63853578690377],[2.8965607134069464,35.635347509006806]]},{"type":"LineString","coordinates":[[3.5660367344945527,36.33923894112441],[3.5690377453980986,36.336541134047245]]},{"type":"LineString","coordinates":[[3.282589569141313,36.50148777954679],[3.2797446589029,36.503266955459814]]},{"type":"LineString","coordinates":[[2.520792262752531,36.27398886681226],[2.5174523642756483,36.27558969820631]]},{"type":"LineString","coordinates":[[2.357482100974602,35.95707169366818],[2.357348393313543,35.959657900942624]]},{"type":"Polygon","coordinates":[[[2.3121642625332943,35.88030824930194],[2.312770693918779,35.84786831260556],[2.297756919572121,35.81680615451433],[2.287278070573085,35.800708810545984],[2.277093457674966,35.7951527942138],[2.283652768025429,35.76553093901706],[2.2825157018726023,35.7537767875802],[2.2678631162736034,35.72897076487301],[2.256858040954949,35.72908675790741],[2.241099571576205,35.71968699310997],[2.215379504535109,35.72513597474455],[2.212320541096398,35.73299295104354],[2.1928119942339386,35.740956827583766],[2.1538260650893575,35.73580217340146],[2.141416422849444,35.71334611450899],[2.143579034043499,35.70383036703554],[2.1479400896155614,35.703027724640684],[2.146530969315044,35.69374837822108],[2.1498173367133093,35.69047986337283],[2.1424508846042634,35.68056282545034],[2.1539731887522584,35.66148234640842],[2.225474878288604,35.6414163773653],[2.267247741814291,35.636199167573686],[2.275532780123658,35.63132984664041],[2.287295885857624,35.63230192857613],[2.283153381419089,35.62055225768792],[2.254860355301687,35.60285406279141],[2.252920669857481,35.556095918029776],[2.273321079279851,35.48050967334244],[2.28339863938651,35.46423844982345],[2.3849457117829624,35.470244833305316],[2.49150485141443,35.513489190723575],[2.5027105727065857,35.50111519458666],[2.51160202296626,35.506952172979595],[2.513804869818994,35.522768586620515],[2.5321852569053727,35.49612547912568],[2.555724880339321,35.48941448623545],[2.5964676710218426,35.46127756706737],[2.6049265378964495,35.45348310941222],[2.641031876147346,35.44786465712032],[2.7027101655841816,35.47312092723874],[2.7455487572894572,35.540618406219735],[2.770662467351032,35.55906564370481],[2.7802048848979064,35.572072914048775],[2.8047924247274283,35.57869464907876],[2.8100140101323485,35.57557771553732],[2.8122391062823926,35.58109805935422],[2.8188965461640803,35.584348775770074],[2.8182945620957454,35.589467847140725],[2.8244749009442343,35.58651142373435],[2.8402065607705382,35.60108382718644],[2.848714566185008,35.613163512931294],[2.8602100872056098,35.61125945587222],[2.858881258588205,35.61845197140635],[2.8711393847817037,35.62444502215286],[2.8804767272792495,35.617943644802025],[2.8913836555342556,35.609863734652215],[2.895762542467368,35.61498722538401],[2.8847351410370567,35.62898435624711],[2.8946878508262563,35.63853578690377],[2.9020632021025183,35.64025253577477],[2.889497518146601,35.65353619253227],[2.888592247512709,35.65931962689467],[2.8996463640999317,35.68463841923473],[2.8980946405787273,35.70737535480797],[2.8873348119510136,35.70698740440064],[2.880137846149034,35.71521894571985],[2.8843873208640893,35.73808073802111],[2.8820284850265434,35.7680102053748],[2.8778636516190916,35.77522953370042],[2.880717546770172,35.77841780388546],[2.866359210429894,35.79346279681733],[2.8732574299184432,35.800084509887625],[2.8698283664490565,35.80616675081934],[2.900350913400473,35.81743047550893],[2.9023441208295484,35.809114269192605],[2.9360906416674477,35.808761970845765],[2.952036340664989,35.8149512064245],[2.9510732281481324,35.81764452427823],[2.960740537490756,35.81581179504274],[2.9743988013453935,35.830553592284666],[2.9895061857252365,35.83465600011345],[3.0104684319887696,35.81001494139675],[3.016951984062804,35.75145356009708],[3.021674182703037,35.74291441914095],[3.037535196971898,35.742985745304885],[3.054395040194017,35.7489832359542],[3.044834740046569,35.71357352212646],[3.049597041170278,35.68114248902359],[3.0592019237170693,35.67700888204989],[3.0615831146552557,35.66359146969551],[3.138663129226375,35.67872116650288],[3.131403725550638,35.688058556661844],[3.181046883732286,35.680781261879375],[3.1947273717057265,35.68943191805866],[3.2265029626843647,35.74259781721642],[3.231510546842702,35.74220098167122],[3.2273725062971685,35.75423606311927],[3.2294102698776115,35.76225802845317],[3.2243804333924952,35.767987965747864],[3.229499460405,35.7839158428882],[3.2306142407132854,35.79239707845718],[3.2397286933663194,35.80351360402688],[3.2504260057429906,35.80694711231496],[3.2526109717724667,35.81496902289208],[3.2612304096663993,35.82196086620144],[3.2787279412433827,35.826192554478126],[3.2813053201080566,35.79875124996851],[3.2861925249035155,35.789061618366986],[3.291864446152306,35.789868742374644],[3.307582770655202,35.774623098001676],[3.316697195915432,35.761045091581636],[3.3314925024587807,35.75553812569956],[3.3696534466150996,35.762525539878254],[3.38995580792548,35.781432139164885],[3.37458528412976,35.810313701082066],[3.397897463703976,35.818866278694266],[3.40028754328797,35.81586534797043],[3.4182844150787144,35.81421541586219],[3.422739057005634,35.80578328172414],[3.420027929956676,35.79999090633266],[3.439300215918917,35.797926371221024],[3.445716835729436,35.792709183828805],[3.4521735746999562,35.77248716272818],[3.4511257168545355,35.76858988305492],[3.4657827896415307,35.76652538349566],[3.4596782451747643,35.74985274979306],[3.5108197042190104,35.67999653035526],[3.5417301969454913,35.653576348064355],[3.5301454219506443,35.75408446698872],[3.5336636685053295,35.7652545271812],[3.542501581733925,35.768638932940036],[3.5264890106620883,35.772821610271215],[3.5094597122472244,35.786283588991175],[3.519608600626057,35.809033976479256],[3.503216935804809,35.81568696220841],[3.5045323369369714,35.81912041854781],[3.5316214102517707,35.81706030547162],[3.5632632082276374,35.845246329874996],[3.5978836368779255,35.843177260497555],[3.5985391406616523,35.85251462666508],[3.5735190954771543,35.85871280281778],[3.5789057094244376,35.87143016649426],[3.595926139037072,35.882658207803956],[3.628526609267567,35.884602308589415],[3.6196931550776887,35.90213552724067],[3.6073235933045695,35.914803848774994],[3.6165093330003844,35.91602119177324],[3.618404405939146,35.92013246484606],[3.6017497184309293,35.938352365827114],[3.5842610784650764,35.95714742812848],[3.5909185493479954,35.96425531255182],[3.5718202403996617,35.971759969647714],[3.565662170919506,35.97847087088609],[3.5631517175518868,35.99904069617355],[3.552739706462491,36.01118728582784],[3.5572835200306696,36.01268112593298],[3.551401961622821,36.01915575436083],[3.522150272632532,36.02803379486152],[3.5101285586517452,36.02512203092508],[3.494115885010949,36.033884160907014],[3.463209857399116,36.03761192446699],[3.4570652572269225,36.04409102397019],[3.440365923651639,36.04151368923261],[3.4350105060375187,36.03509699341291],[3.411502174212556,36.0404300853514],[3.4022940896067846,36.04707860767527],[3.403194841666315,36.05951506869947],[3.3971438638189606,36.06804527520268],[3.4069315524866264,36.06919575518781],[3.4118410178653504,36.06404104051904],[3.4300475360943006,36.06186056264568],[3.446680001110814,36.06833069883358],[3.4538680512379996,36.08431660080003],[3.4640570840775142,36.08764303491091],[3.4714235177236366,36.097038388300774],[3.48110871216266,36.1036779668945],[3.488555382832459,36.102701407800346],[3.5084519090835746,36.12126914396099],[3.5006886436931204,36.12900564394274],[3.4971079514448427,36.15072148430208],[3.4868654284000193,36.15118077882131],[3.4779784043471524,36.162011966053015],[3.487699258515809,36.18614011089067],[3.4895899213602766,36.19495582508733],[3.5111898462645663,36.203209612459176],[3.5265113078642822,36.20125652396456],[3.5438214915468236,36.20950579156881],[3.553297123568389,36.207575008621916],[3.5582065373998217,36.21053585663005],[3.5549157603268746,36.220626828158224],[3.5694167357094724,36.23752685305994],[3.5481736127044705,36.26973489059301],[3.5485035857289575,36.27299450253297],[3.544592908603198,36.27184852433962],[3.5400267868806337,36.276147104559264],[3.535121781020531,36.274376862393495],[3.5170847227525646,36.27987487172557],[3.5315901601128603,36.28188149510746],[3.536316869298822,36.28956004457944],[3.545787991803649,36.310013972721514],[3.5468403122963315,36.319690185415666],[3.5365264583340035,36.322276490342816],[3.543286407547346,36.33001302532908],[3.5579880565082864,36.340090573153525],[3.5660367344945527,36.33923894112441],[3.5802255752792465,36.34347058235588],[3.5855854881969886,36.35155493545059],[3.590735693476523,36.35087721135143],[3.5867046903454693,36.35991575478624],[3.567789213450311,36.37132211899157],[3.5495113484003564,36.39247166969735],[3.5475805157869713,36.40255370743119],[3.547076651365227,36.409255748007425],[3.564034616234275,36.41670685032001],[3.5649487242406033,36.43349091626463],[3.54383044439287,36.43114541881221],[3.5260029495592797,36.4458783233234],[3.5086080104214856,36.448754428168726],[3.5015849365636997,36.459973531523445],[3.475784585344912,36.44857160589324],[3.4850728488724605,36.441816068036495],[3.4780185619330477,36.435626879167096],[3.465283372996869,36.43676835123361],[3.4545503264551365,36.430641570256256],[3.456276009962031,36.427952722788206],[3.447290924478981,36.42021620528748],[3.4473488512812565,36.41465567453048],[3.438542134806982,36.41740694685172],[3.428147973189487,36.41534239074005],[3.4343862571090846,36.411048296615036],[3.4256241135327663,36.40359709991919],[3.4170983180643755,36.40930035030842],[3.4133036451763603,36.41844592607128],[3.4020711359951323,36.42136220764879],[3.390691524542948,36.436152987239105],[3.377019927048802,36.43569373937325],[3.371138360698194,36.455808699998975],[3.360128817074268,36.45827464113965],[3.368832982882085,36.465400287597106],[3.3590631456773576,36.47555361020421],[3.347884173840467,36.47437200000862],[3.3216556950016582,36.48840030131498],[3.3130318485532624,36.49839758118993],[3.301496136943364,36.49659170669832],[3.2972109452698306,36.50693232840654],[3.282589569141313,36.50148777954679],[3.2864109618447244,36.49432642896515],[3.275597698034012,36.4884270356322],[3.2571369655935807,36.48613955369004],[3.228451577864015,36.49364417122422],[3.217700731970498,36.49341678143041],[3.1962256938932074,36.497599421835105],[3.186580635511401,36.48328122213703],[3.1788887188574115,36.4743407214397],[3.1781261442096564,36.46683611227931],[3.1876954303602054,36.45182227506525],[3.1894969021120723,36.444375600781456],[3.1685034405798063,36.4393323221206],[3.164151329082392,36.43589442571371],[3.171495528026735,36.42780999893633],[3.162060006482135,36.41222551222387],[3.1574760616408826,36.414160698210004],[3.154189730486673,36.409648087823165],[3.143563686541682,36.40908181044498],[3.1346187074035217,36.40008331549095],[3.119671790197096,36.42197757310573],[3.098112042539655,36.42736862270079],[3.0845117837119695,36.42421150880698],[3.083847415709501,36.41791080543356],[3.067201595979321,36.404502349300515],[3.0641426555079025,36.43218439308654],[3.0572666718569943,36.434801925523026],[3.0567048489683875,36.437660176932454],[3.0464266035762844,36.44134337540191],[3.0433632528425028,36.44035792349824],[3.0560582869687836,36.429210192751356],[3.051938100536169,36.394183969323905],[3.0464712217424563,36.381359550163936],[3.0372052070708233,36.37327971822242],[3.019127972437674,36.35740525851954],[3.010365902395945,36.35219707461026],[2.986460657551379,36.352482431186466],[2.9732706159312485,36.359826590243216],[2.950346350686777,36.35151479977581],[2.9406478308968063,36.353008590969125],[2.9289605349645225,36.36754087153335],[2.937945618168869,36.3812034787968],[2.91995763730041,36.39523630124081],[2.93036067952186,36.395584133119655],[2.922102394537941,36.40051144947756],[2.9306416127208013,36.39821495209896],[2.9273909372672877,36.41019657715622],[2.906816649511962,36.41151644791509],[2.8644150046273755,36.394215212724475],[2.8484157802243426,36.372842665331184],[2.8440057298604313,36.375415628619],[2.825527241952056,36.36580181222192],[2.8145890729914815,36.37244584965798],[2.8096439311843215,36.371130376266755],[2.7790098877900045,36.3744568924888],[2.7763566755287576,36.37760947826517],[2.723213172224874,36.37886690784137],[2.694090763100843,36.37572329675336],[2.6835405099606393,36.3626670713627],[2.6728029788128134,36.361231243613],[2.646101945452401,36.350177095444074],[2.628577669104416,36.336206726263256],[2.60380291438785,36.325999832598036],[2.584802613469705,36.310593630768224],[2.563144815493784,36.31586431006078],[2.5414155683374613,36.31672940867757],[2.520422124803574,36.31262703857242],[2.5184289160420676,36.30584918494892],[2.52706171194832,36.29959748284123],[2.5281453170538906,36.29340831475216],[2.5195972393397703,36.28894028597367],[2.523008392551307,36.27570565307266],[2.520792262752531,36.27398886681226],[2.5120211910743486,36.25891710944198],[2.505537692700038,36.24866118711579],[2.495277293908971,36.248719165874746],[2.4897747354973476,36.23931935544696],[2.4944211428868157,36.23628270626732],[2.503343774534331,36.240353880331746],[2.511949881616076,36.23210010987583],[2.52348554189315,36.23095414406414],[2.512146058431152,36.22705237053904],[2.511508430174156,36.2224149478088],[2.5070537383737763,36.22310162872239],[2.510349073684518,36.21015242241636],[2.5073569988010562,36.207231716567286],[2.515405646417955,36.20281714372596],[2.5192181958818,36.20539451916036],[2.5220853888941646,36.18864166316166],[2.5299244794096363,36.178176166523535],[2.52995568941783,36.18067332142607],[2.545326191106023,36.17705694595258],[2.549326050444147,36.183339841514304],[2.5533659489770613,36.17468472455305],[2.5724821229156207,36.16475875255805],[2.5906931541413925,36.16371532073589],[2.588396683602503,36.16047354188088],[2.580035841608203,36.159653049928835],[2.577467418159131,36.14873724261532],[2.591919372119796,36.149896566934274],[2.586193918863363,36.14150457574971],[2.59361380814136,36.13981451875635],[2.6035888651055537,36.13473119712497],[2.588722192885297,36.121786365380665],[2.5918881960443536,36.110839313371464],[2.5855874259465175,36.103566475733864],[2.5871347702883,36.094278227552344],[2.571412002501296,36.0968421797246],[2.567661859407985,36.10083751316649],[2.5462180595088535,36.088213857019596],[2.5302544904168505,36.07916187036596],[2.526936879853006,36.069998407288274],[2.516279637944286,36.066881476622584],[2.5120568458447616,36.06850904552125],[2.4987197280823628,36.05177402864798],[2.4764464727650664,36.05504701542283],[2.4707656319911795,36.059519539458464],[2.4577271659642737,36.06108468098284],[2.4608040023971762,36.040318595672474],[2.452050747432484,36.025135396991914],[2.461504011793102,36.01751480905763],[2.452679481264017,36.00399031005579],[2.4563225949381753,36.002960260918485],[2.4487108468275536,35.990300908525825],[2.458632358360142,35.97843521827032],[2.4433778289993424,35.963194014184836],[2.441491582394553,35.953566792288065],[2.4263440027115175,35.94749349739434],[2.4058901691702195,35.94950013083137],[2.394421325299277,35.94434542516771],[2.3901941123218,35.95558236159563],[2.387251130942971,35.9542668800072],[2.3828365618058,35.95672385740427],[2.3786182523241926,35.95420445636805],[2.374239461865951,35.956612346451614],[2.3718226377507254,35.95300491947226],[2.357482100974602,35.95707169366818],[2.3498570987606477,35.954498798970725],[2.3471861011121873,35.95690670052427],[2.3451750337916044,35.94796172803826],[2.353567022756888,35.943034415286036],[2.3575579139946807,35.94458175255201],[2.363390473297002,35.9394269798102],[2.360612447740356,35.92544323176483],[2.3626234424690233,35.922865884869886],[2.348425722648417,35.91415728589925],[2.353317321343699,35.90756671003798],[2.3386959492613286,35.90097619956036],[2.3170470054543637,35.89743122148972],[2.3152901444840017,35.88189564834523],[2.3121642625332943,35.88030824930194]],[[2.5975423041672365,36.14097389200825],[2.595285981629092,36.143207886083715],[2.59361380814136,36.13981451875635],[2.5975423041672365,36.14097389200825]]]}]},"id":"000000000000000008e2","properties":{"ADM1_CODE":367,"ADM1_NAME":"Medea"}},{"type":"Feature","geometry":{"type":"GeometryCollection","geometries":[{"type":"LineString","coordinates":[[6.312771651288137,35.95485998750728],[6.314965496186563,35.95279536790524]]},{"type":"LineString","coordinates":[[6.333426213033967,36.61731290090231],[6.337559811809191,36.617312882360096]]},{"type":"Polygon","coordinates":[[[6.160591462999865,35.88655099377016],[6.153920626161023,35.89190633309846],[6.165416222011604,35.90067292408767],[6.165420672846821,35.9327071398807],[6.184889111406669,35.93241286421925],[6.191702630485325,35.9534999475847],[6.2027879337862,35.9672517932099],[6.281870048469244,35.97360155910811],[6.300593869667595,35.957441765055925],[6.312771651288137,35.95485998750728],[6.306274770177426,35.98299239863461],[6.319072399546597,35.98643481506291],[6.335798495266219,35.98224770731437],[6.343847155095,35.97760584745346],[6.366222887856444,35.9998344221156],[6.37333959530433,36.01300665271979],[6.405128546802453,36.03581493634996],[6.402033912779383,36.06985127288636],[6.410301097219828,36.07741385209428],[6.401909058319838,36.11557932365956],[6.417605134860919,36.14267726716773],[6.43579375829385,36.1450851771812],[6.453612355784145,36.15808348683563],[6.47275081720468,36.157173790997],[6.4840680461608695,36.16192277579578],[6.480456153897081,36.1680005527339],[6.532275334752848,36.17246406510431],[6.54420347174114,36.18117267241803],[6.54322689924845,36.19532589745626],[6.527009197367009,36.20781586439676],[6.541148995044433,36.211597186284166],[6.538839143496314,36.22002040553754],[6.535200522182522,36.22128231429196],[6.540150163023102,36.22472030993365],[6.506452677772822,36.236581481765086],[6.496977119936163,36.257271711904856],[6.478186494188562,36.25859608612033],[6.478543212346101,36.25567094328858],[6.462347748827906,36.25200109305788],[6.458918653969457,36.249138355825416],[6.448457626528129,36.24742156811639],[6.4249091267562735,36.25371339454454],[6.4223585203685705,36.25889035002449],[6.408954503338943,36.271264379685284],[6.409025833500973,36.291602333326225],[6.4209940355237665,36.296703526111536],[6.434246521307056,36.308912581427776],[6.434545286175842,36.314522093662504],[6.424186791167215,36.31790655032672],[6.42520345914823,36.32580807780397],[6.4015924961080195,36.33223365020302],[6.382837510401605,36.337281369356305],[6.379198856213147,36.346444809031034],[6.382949008829545,36.35888126464484],[6.375283770841223,36.36043300826425],[6.361558665480874,36.356134472084],[6.342357774619768,36.356424310778635],[6.329430823140158,36.345312233364055],[6.312508589766007,36.34164238603533],[6.3126334282593435,36.35654019289227],[6.317895123424122,36.36376394006623],[6.3174001905845,36.370809369482714],[6.3382777420821155,36.396756819568104],[6.352520059987777,36.40627262338461],[6.358294655224183,36.418307719980504],[6.345073372308359,36.45062277231109],[6.356649239047029,36.46958733074422],[6.35159701833928,36.49285049287979],[6.366566225627641,36.492565143322636],[6.377098654332898,36.49634641402266],[6.378583502118909,36.48952845757872],[6.38616849974855,36.489069165116575],[6.390547285509699,36.49840652389706],[6.398685186023,36.501269270495904],[6.410113831608078,36.49766189284445],[6.410033563481936,36.50184449684041],[6.41896515847156,36.50442184033069],[6.427116409445652,36.49857153263098],[6.462878383218387,36.49965505108696],[6.476086240948916,36.50836819908336],[6.491889300342669,36.519658583334675],[6.508820507071075,36.522169080778625],[6.504406000663192,36.54549462222649],[6.500036061028589,36.56629187481446],[6.512267362101658,36.583312264492456],[6.474971485715733,36.57638282687448],[6.463730042034988,36.577528823018675],[6.4592486761255765,36.572663956890274],[6.45126244549789,36.57667268618839],[6.440649795006202,36.57254796499155],[6.412949848268273,36.587053481513564],[6.409725897028659,36.59180236798606],[6.389548477040084,36.59233303827801],[6.334505352931433,36.60098371249879],[6.333426213033967,36.61731290090231],[6.329734038629918,36.6233861828825],[6.315313338619754,36.62614193979569],[6.312374828720734,36.619150028984826],[6.300143517196515,36.618178010209775],[6.291796082061611,36.62396139665163],[6.256591434612022,36.612283023435964],[6.25383122937255,36.604029292905466],[6.247231757813811,36.60465799760059],[6.24590747490807,36.59589141764536],[6.250134696529487,36.59520914943579],[6.2418496391380485,36.583673444517025],[6.207474441418133,36.58294661968382],[6.182253764812175,36.588194954056206],[6.17697418225708,36.58455635191936],[6.148092610264509,36.59252034122538],[6.1312594732727295,36.59533848948354],[6.1290745563529825,36.60656202048677],[6.124802728466964,36.602611252724344],[6.0644933696579235,36.605768333730474],[6.055584117049129,36.61643003121068],[6.036592748856275,36.6143163628364],[6.0318438525129,36.609255334901],[6.003140574320712,36.61896275842616],[6.000884288486764,36.61500755665145],[5.989384311349318,36.61912779485202],[5.9580680430255155,36.604354748229184],[5.955900854219261,36.59334972067434],[5.9640699929443315,36.58744583908092],[5.94204645425473,36.56739773914264],[5.933471637479277,36.56115502272351],[5.930194151501575,36.55828779874135],[5.923839933858693,36.556740522592854],[5.911644269535812,36.55977717230691],[5.868377622013077,36.55669141158611],[5.858117254192682,36.54167763469126],[5.838604194296002,36.547813332735096],[5.830765110630329,36.55531802401524],[5.792002174062627,36.571201384779776],[5.768141476197044,36.57297610179328],[5.758955788208911,36.57046111808695],[5.750666290394502,36.56106132176392],[5.740446024556623,36.56214939913161],[5.738742697022089,36.55951404424542],[5.748499180309452,36.548170078018565],[5.7642041545221625,36.5310382193755],[5.760828584170407,36.49911556082844],[5.76681271361349,36.49648018090773],[5.763303388857093,36.49229757353189],[5.767312121634037,36.49115156315042],[5.752329530958632,36.48112754738529],[5.754652712281929,36.47883109927646],[5.7491056481323985,36.47682451037735],[5.7479908483367845,36.466858414619374],[5.757426277342071,36.45395821709064],[5.757546688325069,36.448919444297815],[5.75884871795487,36.44496419169088],[5.765831676843836,36.445766826343444],[5.7716508445214165,36.43499361351295],[5.775824568294751,36.43339280016293],[5.768275254516004,36.43161368549251],[5.768681093464142,36.42725714040925],[5.787699126468738,36.424617307828484],[5.812652249569425,36.41344281346406],[5.817592981895642,36.389207617062254],[5.807903313144182,36.379410993575036],[5.814988802183193,36.37797514893003],[5.804866679011912,36.36147200641767],[5.83717285202907,36.341816309734],[5.8708435085177735,36.343127224850654],[5.866808027602719,36.328403304536565],[5.873563590430386,36.31642618049259],[5.868498014841884,36.31728674068195],[5.860681276057213,36.30611226503074],[5.864141478021382,36.29792090309408],[5.874959316041955,36.298036821515524],[5.889165988030388,36.281355334252964],[5.886263067504847,36.27637447517069],[5.894998513344484,36.26542298636787],[5.895132252832967,36.257574947555355],[5.909263179527607,36.250583079392854],[5.916669711810338,36.24267704695589],[5.92901697313566,36.243711605407874],[5.938742300480616,36.23659935170313],[5.94393714577891,36.22262007449407],[5.9492925041183655,36.22468018804282],[5.949930114828899,36.21974834875822],[5.9443339332288145,36.21934703569594],[5.95996310640869,36.210754349844926],[5.96451143589726,36.203347840970444],[5.95109842667848,36.20760176776434],[5.9461354341984896,36.196886604136274],[5.921770935025934,36.18823593416301],[5.917244919819284,36.18113700461972],[5.917129023467316,36.14815308490998],[5.920981688966679,36.147907825278715],[5.915996345801198,36.11204324864342],[5.974878808749386,36.103883131421426],[5.997058414468144,36.09422021976466],[5.988782273638898,36.083808202896144],[5.999332555452372,36.061717838576364],[5.994021759118978,36.054596662938486],[6.003943240196811,36.041580557512354],[5.9987082255084525,36.03198903601495],[6.006930832310293,36.01306017435551],[5.994543472968921,36.0037406132288],[5.9730773400680475,35.99031425567288],[5.982588595564212,35.98303703145396],[5.9909404705211005,35.98189103435576],[5.989197026226895,35.977021636880814],[5.994097534448731,35.9731778943629],[5.98992825646444,35.95897121625037],[6.011416652845317,35.9536917035295],[6.026162927751404,35.94206231477404],[5.995051795227761,35.91690854580417],[5.967655106019446,35.90808841395731],[5.966678529464062,35.89361861552653],[5.988960681457434,35.907513225863475],[6.000193117955933,35.892499386016624],[6.00831317301521,35.89880459499818],[6.0207763208555605,35.89891610457484],[6.024713733632824,35.891580827231934],[6.034577234871438,35.89364090946662],[6.141230037589826,35.883255716059786],[6.154393299332655,35.87906862397753],[6.160591462999865,35.88655099377016]]]}]},"id":"000000000000000008e3","properties":{"ADM1_CODE":368,"ADM1_NAME":"Mila"}},{"type":"Feature","geometry":{"type":"GeometryCollection","geometries":[{"type":"LineString","coordinates":[[0.4002623118847482,36.20989827222367],[0.40080181992370323,36.21273871740277],[0.39705172702518243,36.211115538640925]]},{"type":"LineString","coordinates":[[0.08020141263519069,35.937951049021116],[0.07448033408307791,35.93672032097462],[0.06851406468393106,35.93313074827445]]},{"type":"LineString","coordinates":[[0.07639334900998393,35.933309097207925],[0.07448033408307791,35.93672032097462]]},{"type":"LineString","coordinates":[[0.07450264669485676,35.93111075806673],[0.07212147225987298,35.932840929355166]]},{"type":"LineString","coordinates":[[-0.11374275645961242,35.789039357747725],[-0.11692657294173693,35.78733150681113]]},{"type":"LineString","coordinates":[[0.6305882630623835,36.06891035202563],[0.6335579754487258,36.06948559296508]]},{"type":"Polygon","coordinates":[[[0.6907236666402686,36.21644865250761],[0.6930825000961637,36.24327011074665],[0.7210321629063073,36.280227150158375],[0.736598898678639,36.330704194550066],[0.7407146459707237,36.33380324249053],[0.670251929491734,36.32964735886684],[0.658181126206071,36.32979451254852],[0.6433234026646206,36.31717082377711],[0.6309628001311082,36.30613901892276],[0.6127607358150485,36.29935674968451],[0.5897829882957855,36.282969526319356],[0.5801424061625285,36.28174772191579],[0.5561435151532352,36.273039077033296],[0.48982332709679666,36.24392115835891],[0.4781315470091426,36.23288489105215],[0.4599919498624199,36.225054701513706],[0.4050602750578513,36.20859167477934],[0.4002623118847482,36.20989827222367],[0.39705172702518243,36.211115538640925],[0.3829921864876817,36.21158820255752],[0.3413084862750334,36.19113881177205],[0.3248722894136448,36.16200301899564],[0.3031608901551737,36.1484161662723],[0.2859443045214145,36.133384556132484],[0.26491968150796913,36.12789532583788],[0.24611565694507678,36.12245528318222],[0.22911305428262954,36.11975303639797],[0.20337958539463133,36.10451182352405],[0.18152557306291817,36.07831460022373],[0.133269188336451,36.03915482576176],[0.10926138204779338,35.989569612575174],[0.09193325295718507,35.96760401654937],[0.09342705116744403,35.96423297834931],[0.08020141263519069,35.937951049021116],[0.07639334900998393,35.933309097207925],[0.07450264669485676,35.93111075806673],[0.07026205760183685,35.924573712244765],[0.05914551209649279,35.923842438482794],[0.05457936961012143,35.92345893082015],[0.057286084606193534,35.920609629010755],[0.03334518554727542,35.87003000446041],[0.004677578558965839,35.84363213180567],[-0.057558063448722385,35.8102646498469],[-0.06414863529685041,35.808200131067586],[-0.06651192510074876,35.80688917398588],[-0.09374814155615255,35.79629874072375],[-0.10040113538839289,35.790564386477115],[-0.11374275645961242,35.789039357747725],[-0.10770511050641877,35.77865860041668],[-0.09510813384993008,35.77155518868767],[-0.09787284368070549,35.75155171824674],[-0.05473989468360267,35.72685271263635],[-0.019789512899082796,35.72117630959751],[-0.007874774545728604,35.72948357396272],[0.0027200418063143034,35.73251577458212],[0.013484354253595501,35.74460439553876],[0.03694814682756123,35.751021031900905],[0.03803165093004826,35.746379114469185],[0.05208230442883285,35.75124844056306],[0.05693829366906091,35.73560148665562],[0.08746083495823477,35.72895292838331],[0.10382569326990601,35.702943024681865],[0.10177448882561974,35.696406011310074],[0.13106192546856285,35.69560335847463],[0.13330038806008088,35.68780886069605],[0.15258599914926546,35.703906157997075],[0.15437852888519268,35.67433341603576],[0.16519183064336324,35.697997911533534],[0.18870026951217525,35.7136404314596],[0.21653843196436767,35.71174975992545],[0.21834880649086436,35.7134665102737],[0.22576426630440535,35.70710787428751],[0.2382274755869604,35.72097567441667],[0.24101889960174078,35.73099972488462],[0.24840316779956703,35.736676133951455],[0.24390840017611656,35.73971280636761],[0.2606835253757919,35.7455007237072],[0.28466009498580497,35.74279845474587],[0.2862876372182809,35.74853284660677],[0.26841111717581073,35.76199936307896],[0.28306816960801096,35.76193692822332],[0.3090825764958766,35.78485674794688],[0.3078206988927558,35.788290198313874],[0.31677456335876253,35.785886743513416],[0.334026835232633,35.794305585960714],[0.3340981695567867,35.80456150689123],[0.34747098430075757,35.807424245957385],[0.35764221453313755,35.809658254687825],[0.37843501083576947,35.7963656679737],[0.3908000902717474,35.795424776872785],[0.39065735927818723,35.798135902870655],[0.3926194167891601,35.80466851847368],[0.40154204704720864,35.80366517561255],[0.40734335894570883,35.807990499903624],[0.4029287972545298,35.81871019225975],[0.4083778541227179,35.82231320159082],[0.4110577601147155,35.81698455198988],[0.4174610509550835,35.82340562314722],[0.42007849889531823,35.82191187340215],[0.42828329651890545,35.83566818898333],[0.4385213479543003,35.84369010189517],[0.44946402767036436,35.85233628340125],[0.45367339163938725,35.851645111032056],[0.453602056173162,35.85938614875479],[0.4608079483112215,35.867746950426444],[0.46183801380156997,35.875438870262634],[0.4425167507628085,35.886831897808335],[0.4692044801376158,35.90591235954799],[0.4604467441682688,35.91891960118788],[0.4702612652441624,35.92551016752163],[0.451586576527122,35.92814104838544],[0.442788700098839,35.92493937739338],[0.43844557859227085,35.925394168147875],[0.43140462755994047,35.9368541018008],[0.435863750723251,35.956567762571574],[0.4229501673275285,35.95347758872629],[0.45637113287408354,35.982247786108864],[0.46371526861096835,35.9937566763077],[0.4713270084911673,35.98366572175422],[0.47373045521093776,35.99249028587164],[0.4867867158196277,35.98412499362033],[0.4952277420188813,35.98188208934283],[0.49476404523839407,35.975585839982564],[0.5132202632864092,35.98332242363534],[0.5188253524080056,35.98876250179419],[0.5212332659777985,35.981195362918875],[0.5129081076492875,35.975581418936855],[0.5215632253180088,35.97151022441926],[0.5356985989672611,35.9812488684503],[0.5348736287786907,35.98726867697341],[0.5431720055289387,35.98795538992653],[0.547742572310921,35.99517913436828],[0.5543821852631555,35.990305326383734],[0.5599426988023221,35.99030087465531],[0.5596082348487039,35.985832822132984],[0.5627697314559885,35.985030217507585],[0.5641476279821661,35.98829425728421],[0.5789384899895041,35.98651957746824],[0.6067587859481874,36.000329391406126],[0.6136659519138978,36.000267008114584],[0.6261559045016624,36.0074282918078],[0.6359971205798849,36.0029959121732],[0.6380572512340235,35.9982603514429],[0.6493343068582003,35.999874551960474],[0.6522282179100366,36.01573558094654],[0.6480946708479812,36.02678970443834],[0.6441216124087459,36.02691012338275],[0.6435686645874906,36.0322431448934],[0.6317342273777148,36.03309485942887],[0.6372055759855276,36.04822010458187],[0.6506586192609213,36.04862588506478],[0.661427341998407,36.05888183468332],[0.642159604298005,36.0665024881085],[0.6306952732961457,36.06627504801523],[0.6305882630623835,36.06891035202563],[0.6223656708839804,36.08168566689449],[0.6141341427750964,36.08484273997208],[0.6175720948452709,36.09790794721333],[0.6062326564804286,36.11069215784054],[0.5998293320442404,36.1122885022462],[0.60793600854198,36.1138937928805],[0.6034189460209294,36.12117549583246],[0.6134117666107128,36.131886263787145],[0.6098043451597175,36.13400431419013],[0.6201807149821624,36.14815752592805],[0.6372546063019839,36.1482154662074],[0.6395509989560059,36.152286637624094],[0.6580384446045732,36.15428432171635],[0.6609235043442485,36.17044414341122],[0.6579626904309749,36.176575401065755],[0.6730834363064133,36.183393357342744],[0.6744612995160436,36.18797727864815],[0.6901796353076577,36.191526765308794],[0.6940412366094194,36.21462041073726],[0.6907236666402686,36.21644865250761]]]}]},"id":"000000000000000008e4","properties":{"ADM1_CODE":369,"ADM1_NAME":"Mostaganem"}},{"type":"Feature","geometry":{"type":"GeometryCollection","geometries":[{"type":"LineString","coordinates":[[4.2828952317952975,36.00639827186155],[4.282012289881294,36.01041141603533]]},{"type":"Polygon","coordinates":[[[4.738860627934903,35.172501718943714],[4.738958698148942,35.18143776154746],[4.757512990106748,35.18573190754767],[4.794322931112304,35.21340511714255],[4.796512333880605,35.21684749242462],[4.821108712884111,35.209106475555586],[4.850703737034675,35.23666825558589],[4.85599225180277,35.25620353756416],[4.866520222392975,35.26823417579382],[4.87998225400071,35.34925603716629],[4.8876162049058784,35.3688314961417],[4.8548507438114665,35.53829068413073],[4.887901550359709,35.51920579272589],[4.900003557471342,35.49697714203148],[4.911936156756307,35.4837335868908],[4.928867376370081,35.48150407255079],[4.944844340679678,35.47038305580023],[4.950837357745902,35.4862530297687],[4.969645841253924,35.49719561907381],[4.984936122392771,35.521604801542665],[4.992436279567936,35.527793995948954],[4.9948397499820665,35.4971911544017],[5.010544685299581,35.50859313401706],[5.0212198077793575,35.51064876334895],[5.035417537602144,35.532025685952235],[5.081435498281538,35.52255901999458],[5.085823243237811,35.53041593852543],[5.1072581370711205,35.51104563926459],[5.102509243019826,35.50009852842868],[5.118503975010087,35.488179365752906],[5.123850445085431,35.49437302963818],[5.1319437386441304,35.49391818443611],[5.134338297932901,35.50089673153615],[5.16453526559046,35.519865702554036],[5.1805568231773576,35.511491504642215],[5.194870576612119,35.51437211290431],[5.214495082244663,35.53240918412773],[5.213701358974788,35.53761744124388],[5.222650756895202,35.54506854664808],[5.22719456392572,35.55325993178895],[5.2438671814263875,35.5640286841811],[5.2538377526477165,35.56597731675318],[5.262403614793194,35.575087202643246],[5.287816093779262,35.58797846752299],[5.302464211307647,35.593244701365684],[5.335465984277605,35.62647836848198],[5.336616450152028,35.633247321610554],[5.307271120343357,35.64097489870965],[5.2922974561378275,35.633702123745714],[5.259108410224499,35.6468876695753],[5.257833098631094,35.65170348241353],[5.241989870730695,35.65404895601309],[5.216822721324644,35.6518729277274],[5.175219330181749,35.654231778073935],[5.146783651683482,35.687184598692085],[5.14847360293463,35.70018731512889],[5.163652410447149,35.701444802141594],[5.1676610936681024,35.707174681758715],[5.145824873717382,35.72674121556009],[5.116189742269628,35.720819607835466],[5.1053006045877085,35.72701329777539],[5.093497392939765,35.71962454319664],[5.090496358191636,35.72815926489313],[5.051746768854628,35.74896538365318],[5.0513053459066315,35.753206009542154],[5.037968208487025,35.76121898144712],[5.024492799180998,35.76329246650964],[5.041272344790002,35.77395419622858],[5.042311363070438,35.78787103173001],[5.013006145335484,35.77710233907304],[5.002736810958687,35.77074366780731],[4.997113856808155,35.77143037020981],[4.9952723205591605,35.76627565855504],[4.9908577667046,35.76644951553092],[4.988601443103806,35.77372677713217],[4.975852932494921,35.77200556694092],[4.9751884827815855,35.765419487303625],[4.964776471241755,35.767885406332255],[4.9564513816110605,35.799228377259276],[4.957775721288104,35.81527220625663],[4.941745204966778,35.82160415385066],[4.936626190897568,35.82026200352135],[4.936113404031287,35.81430012820333],[4.911129021993543,35.81751072526575],[4.902184075510559,35.81459446774465],[4.8903407437457815,35.83350549155848],[4.884040010091155,35.83407630656224],[4.882457041439462,35.84009606200702],[4.876530908922016,35.843881809044845],[4.876468452786025,35.848630773355474],[4.862484719050239,35.859805310100434],[4.865200268422531,35.86233362445611],[4.847622504202175,35.87258511466636],[4.841161285995287,35.88066945185368],[4.830307843245687,35.87545224101843],[4.829696935196183,35.86898210062066],[4.820471098862613,35.864567592226095],[4.809207349896579,35.87110466884818],[4.774466485071299,35.8707078105258],[4.756786144865592,35.863314597396815],[4.749803248985162,35.864045900922044],[4.736220773106458,35.85226051372933],[4.729478677137107,35.85289371231802],[4.717095746375087,35.8599390531328],[4.710910972799108,35.8627527720298],[4.6841251161014865,35.843212966433335],[4.671862615548601,35.84092103539138],[4.656839896504456,35.84155861453516],[4.643355595538152,35.83433489329964],[4.642677794919291,35.826946175137586],[4.638455032411291,35.825974112370126],[4.639538613672847,35.821559542722646],[4.622455724302819,35.82110033051973],[4.62222391454106,35.81496903393005],[4.61029130149124,35.804200285845624],[4.591313431653205,35.811102985887096],[4.579679622549772,35.83451330567063],[4.604873529860699,35.86786290546191],[4.599420068936089,35.87645561263669],[4.563484164148899,35.867871818075116],[4.552545980869494,35.8595600055111],[4.539164184057606,35.851368656591106],[4.537331540098782,35.85320139189413],[4.537563380482629,35.84793072205944],[4.544742585629071,35.843859507245895],[4.545549618401685,35.83686764154755],[4.540987999883788,35.83515092864806],[4.551319738290929,35.81417973849745],[4.527454585040465,35.822143756918926],[4.492085015234339,35.81276619372474],[4.477155975696999,35.81533470371618],[4.457937229768843,35.8247344503599],[4.417319266826312,35.82806536940839],[4.413569170597569,35.853446574263835],[4.439891245762037,35.860719404154246],[4.4366984913489045,35.87178241171935],[4.443360388675967,35.87258059439594],[4.4598278986427,35.889257650119085],[4.457424432271156,35.902492244057825],[4.452278661191395,35.90747757418691],[4.458396536464936,35.913546359171455],[4.464982642528181,35.91200353229786],[4.472991133028762,35.91704680941352],[4.491090607460261,35.92036430339335],[4.4983144140821105,35.92156383153534],[4.507513539488614,35.9309635916501],[4.521626533857736,35.92711987555128],[4.5241860798080245,35.923681927318064],[4.5303931524419125,35.93141845705325],[4.525135873374496,35.93356329737003],[4.519236506996786,35.93978817582398],[4.51830010776755,35.946262812954366],[4.512333785420578,35.95267942567179],[4.513403996191419,35.9584093906465],[4.500432444907947,35.966721183065275],[4.498983256924754,35.97353912853445],[4.502604020023609,35.971586054153285],[4.507772142136638,35.979897837399285],[4.49320874720812,36.01640001061914],[4.489494295586371,36.0177198918926],[4.492892125333557,36.039092381042266],[4.471582049376866,36.04470634213181],[4.465624751728099,36.039725596476444],[4.441929073024825,36.033540781300125],[4.437996096654066,36.02488121572346],[4.424226435943281,36.01933405281801],[4.416810939413991,36.011887350736714],[4.412980585472244,36.008904236858776],[4.406037747676405,36.01371561403319],[4.39151448869693,36.008676800023586],[4.385280617535494,35.996472280525246],[4.374476212217991,35.99785014243729],[4.364911486064758,35.98822294451128],[4.348470750490389,35.990060093161915],[4.328672383137862,35.986167300861325],[4.3108404224153345,35.99281135063076],[4.305400301211474,35.99212907900515],[4.302131781063639,35.9943631053478],[4.299251226391911,35.99236097627587],[4.291786698587104,35.995165799611954],[4.2927141274209895,36.00267487199475],[4.2828952317952975,36.00639827186155],[4.280621081405335,36.00215760875495],[4.279274457107497,36.00599692462774],[4.275359341531959,36.00519427223772],[4.273678269174127,36.000842202717635],[4.2686751364211935,36.000668297449785],[4.265045472457045,36.005314685023386],[4.261170463562644,36.00399925159794],[4.254927764994074,36.010585353368675],[4.2445513772739245,36.003138598658964],[4.234906397130286,36.01070128784571],[4.234915314828627,36.01654711309099],[4.214969725242217,36.025434107011314],[4.168314147877707,36.025835444121064],[4.139936442660252,36.019998499913534],[4.144408906725899,36.010250928294965],[4.136797239191343,36.000463191227105],[4.128958094986616,36.001435233501425],[4.123272801549192,35.996164628435686],[4.099162395135195,36.00131930724222],[4.0870737667094845,36.00057461383557],[4.089459378304244,36.00996998233693],[4.091350034658689,36.02241086899469],[4.083435182021737,36.03456191643057],[4.066446002095714,36.041919406625595],[4.061126314917456,36.03834326756372],[4.064921001233381,36.0326133103622],[4.059935703240296,36.02361478867254],[4.06391766578944,36.0237887420083],[4.066891939563929,36.01765744463046],[4.056060770881453,36.01302002729311],[4.040716993468449,35.978693813262446],[4.043468279203186,35.97600503781267],[4.042335668032296,35.96396542799205],[4.037332506260826,35.95067733966864],[4.026443369911068,35.93313962710519],[4.025480200807074,35.925920362649386],[4.0148407949003255,35.91979806178922],[4.013485249085479,35.90724124437283],[4.02733970511938,35.89624503384836],[4.0276250334306685,35.89108585563932],[4.031896886489823,35.88987749413325],[4.034193316377075,35.88317101602686],[4.032271461793929,35.87738753832627],[4.035985880210545,35.87675433469329],[4.032356164343564,35.86220429569341],[3.979087740384528,35.872758973364824],[3.9388577547487045,35.89585267286502],[3.926425781938415,35.890234232293594],[3.912169987949158,35.89860389556169],[3.8986188006287974,35.889266570345406],[3.8914486074723142,35.88090131234052],[3.891881070901375,35.875456715561384],[3.8514414990948453,35.86090672137618],[3.850545266238703,35.85242549706005],[3.839473325015537,35.85959123732866],[3.8383451083268065,35.864688025764536],[3.829070189956863,35.868415843789904],[3.8200672439236527,35.8641261766782],[3.812366449144456,35.854842326470205],[3.8089908842347118,35.86034041536175],[3.798864287994415,35.86675706485777],[3.79796354699584,35.869744618415076],[3.7901021313087426,35.87071222856352],[3.7947306446237286,35.88165486654288],[3.796978040388336,35.886528653052906],[3.796674829318204,35.89403331700526],[3.7719402336529004,35.90028500333396],[3.772903392237123,35.904681651908405],[3.766718576985957,35.90578751205982],[3.754772663915636,35.8991970135436],[3.742603766936828,35.909167555174676],[3.7271217971072086,35.92114464525479],[3.7154121825747093,35.93965443997394],[3.6422962683769318,35.94659722322315],[3.632093902834614,35.93434365615936],[3.635228607566422,35.924653963239884],[3.632450638364781,35.92178679796723],[3.630996960783805,35.917033412366486],[3.6073235933045695,35.914803848774994],[3.6196931550776887,35.90213552724067],[3.628526609267567,35.884602308589415],[3.595926139037072,35.882658207803956],[3.5789057094244376,35.87143016649426],[3.5735190954771543,35.85871280281778],[3.5985391406616523,35.85251462666508],[3.5978836368779255,35.843177260497555],[3.5632632082276374,35.845246329874996],[3.5316214102517707,35.81706030547162],[3.5045323369369714,35.81912041854781],[3.506088622303092,35.814193146793926],[3.519608600626057,35.809033976479256],[3.5094597122472244,35.786283588991175],[3.5264890106620883,35.772821610271215],[3.542501581733925,35.768638932940036],[3.5336636685053295,35.7652545271812],[3.5301454219506443,35.75408446698872],[3.5417301969454913,35.653576348064355],[3.5108197042190104,35.67999653035526],[3.4596782451747643,35.74985274979306],[3.4657827896415307,35.76652538349566],[3.4511257168545355,35.76858988305492],[3.452445596111376,35.77621497764675],[3.445716835729436,35.792709183828805],[3.439300215918917,35.797926371221024],[3.420027929956676,35.79999090633266],[3.422739057005634,35.80578328172414],[3.416233263474043,35.816324600267535],[3.40028754328797,35.81586534797043],[3.397897463703976,35.818866278694266],[3.37458528412976,35.810313701082066],[3.38995580792548,35.781432139164885],[3.3696534466150996,35.762525539878254],[3.3824956971033244,35.71341744725413],[3.4715439747006505,35.636506884258374],[3.6760160151309234,35.5108672481274],[3.692322932846725,35.485940913243276],[3.6855584712797715,35.44939408541358],[3.6799489266441183,35.43680607779104],[3.687194992769206,35.4171369854562],[3.6456406480710952,35.39318268205351],[3.6640254739538705,35.317609802068915],[3.5928537568880694,35.270169417015815],[3.592461378836834,35.2666600975604],[3.4583315923013087,35.180108999905876],[3.4787275297953912,35.13266416085848],[3.507930237999928,35.09088678655164],[3.5127861394082673,35.087444391591944],[3.51599669753869,35.07799113345721],[3.5075601201493085,35.06486794164765],[3.509495344751484,35.057876089300635],[3.5241390648237076,35.05449607456693],[3.5370436438747674,35.06096626005874],[3.5554552918159605,35.05993617079458],[3.5615731937308954,35.07225220086525],[3.5775679605492248,35.0783254962558],[3.582410547493343,35.07695216545112],[3.597036454955789,35.08535750801322],[3.571904953977712,35.02584194711794],[3.545850432675929,35.0235499710451],[3.5640658094413866,35.008781371022614],[3.5648149927258683,34.98091646521897],[3.578098622666352,34.98607117662053],[3.57301079978387,34.97793776256456],[3.5732739050999416,34.958799356025715],[3.568275217548843,34.94224270879572],[3.5610515081474365,34.93846134329633],[3.5683555237324516,34.91582695124964],[3.582455191772645,34.893304054140515],[3.5657068002811347,34.87072759437023],[3.606743860483049,34.86952362813513],[3.63153646030792,34.85731910299069],[3.618520347951162,34.846251579724374],[3.626105313946612,34.843099055622],[3.645488991585882,34.80224030013633],[3.634269920643636,34.80625348823714],[3.6367759678473166,34.79301889882044],[3.6530115021969687,34.79107025639335],[3.70363566829217,34.81071261792336],[3.7228633157445925,34.792720137538524],[3.803969925311892,34.782165409849966],[3.818350544536485,34.783427382361424],[3.8868066741060443,34.770125886857954],[3.895872029236539,34.66491777983055],[3.9165488545419938,34.604403381666806],[3.9123706412489647,34.56510083970493],[3.9005094965639726,34.52521859885401],[3.984773100074901,34.44676517684368],[3.9759173604012092,34.41576558209728],[3.968029189673886,34.36585482271162],[3.987475328507392,34.349752999435175],[3.9891296362286752,34.34442440440481],[4.011514310366609,34.33187649796815],[4.032431983762302,34.327047283923264],[4.03930793267871,34.328144198273684],[4.040195293608645,34.32447883974919],[4.050330800121949,34.32545539600558],[4.049349805484759,34.31914572784081],[4.060341510787618,34.31215386316099],[4.05580654773515,34.3072845589524],[4.084371578304165,34.299833378151014],[4.09039135816553,34.294669711352405],[4.091546234354972,34.28676818062039],[4.098172522401669,34.28687966798474],[4.0968971926454785,34.2821218401765],[4.1071308246920895,34.27903170082992],[4.111259988892127,34.26590849463737],[4.1046917339121585,34.26160993286117],[4.1125842904526335,34.260004701896335],[4.115290983468838,34.25502385683764],[4.113168448516754,34.24837092195405],[4.132195434045231,34.2471669614147],[4.133082815476487,34.2316938922945],[4.1482704867422235,34.2188560776962],[4.157581135164763,34.22355597576243],[4.1661202457315225,34.22302088328895],[4.175787634551102,34.239755874120554],[4.188286450503503,34.240054644856016],[4.205110621896082,34.229308262301885],[4.2140467096323135,34.23658993378331],[4.214233985720693,34.241869524168195],[4.226117486810174,34.24411246945386],[4.238420165200618,34.24062540908261],[4.262900603115488,34.24442900695911],[4.268425438370702,34.26852157642761],[4.289735496344727,34.268940763348034],[4.297378378042315,34.28032482175898],[4.273227909924739,34.28669685415836],[4.259110351786174,34.297291648429926],[4.255083805864343,34.297247097363936],[4.253759429488516,34.305282438520486],[4.245255930597569,34.30581302236454],[4.229916633746055,34.31557397619338],[4.2267328654296605,34.32235633362797],[4.213400123529198,34.31810235298737],[4.214920696473279,34.324634874086236],[4.221671769583092,34.330882064669595],[4.222697370251401,34.33591199322723],[4.228587804578329,34.335207426117925],[4.2255244056469055,34.34814776173903],[4.213056776945769,34.34529391485818],[4.21373455823334,34.35579509176765],[4.207835150880391,34.35778387804741],[4.2077415632228865,34.37009095379269],[4.196219199698825,34.372458726798094],[4.1974767031943685,34.37576292795386],[4.207625614835347,34.3795041246175],[4.205489645721117,34.3824337971656],[4.197663920340497,34.38205027146468],[4.172857946628182,34.396506684187564],[4.170503610208678,34.40845265328032],[4.163997758870699,34.42386330121657],[4.164207355412553,34.45566558493073],[4.16883587914975,34.46552469448697],[4.164657721295194,34.47363572064563],[4.1589054373891665,34.475504134354736],[4.156698181448379,34.49365266957379],[4.155124148678476,34.51813310753204],[4.13233370091731,34.52889292669489],[4.147708662575299,34.54155677867857],[4.175069711106868,34.552713470743114],[4.198720791215406,34.57142827111981],[4.202854360808318,34.57050082492069],[4.2040984196248745,34.575887426099],[4.235833845830961,34.597143908169315],[4.248827663740715,34.61910500781938],[4.237853856732407,34.62184288673503],[4.266726505342871,34.65026079101532],[4.281120515483724,34.6599414315846],[4.280522980234435,34.66865009853211],[4.300829724031224,34.654496865553696],[4.319143228079058,34.6638922048814],[4.353799405004043,34.65500078451546],[4.391403002071741,34.66325460885658],[4.462057462042156,34.6685162868116],[4.5068223397777745,34.66616635172035],[4.549290829401105,34.67887033992019],[4.557673947989409,34.67652934113969],[4.556478910837648,34.681055298285024],[4.566404854947781,34.68609409077242],[4.5773697718434585,34.6860940871651],[4.581788798484476,34.701165853161086],[4.594367847990077,34.70878203009245],[4.60836054101339,34.70579887982331],[4.622455724302819,34.690499696066595],[4.627735376336197,34.69193103389481],[4.628114332009501,34.70671298777279],[4.636470703271699,34.709232362224235],[4.662859669058315,34.70459043336104],[4.6735570539691365,34.711118603477885],[4.667546195358595,34.71770914959502],[4.619379006884159,34.741899751363974],[4.613827425725394,34.754563600584106],[4.6241323954294575,34.76298686719114],[4.627400866815046,34.760748336914794],[4.634678193567221,34.768257442403815],[4.638223154496501,34.764645612424914],[4.647382136771865,34.77249359908809],[4.6611874828108535,34.76028909956165],[4.661004710055021,34.77260510100818],[4.677057456229496,34.79088740181434],[4.6927936591929775,34.80205302243574],[4.707504207621495,34.8177490658601],[4.713318833155112,34.8141996225004],[4.744456753473581,34.823536925131954],[4.757316783598107,34.83361900873603],[4.758708016607201,34.83046644243236],[4.795870182264006,34.83206718115007],[4.80569803863211,34.843986438657424],[4.810357799197771,34.84232315309243],[4.841116669020808,34.849885790892316],[4.859831581754586,34.849760900604174],[4.869458772137942,34.84482916993615],[4.892744174873215,34.852168854228864],[4.899535375746079,34.86265218556553],[4.9311593222496635,34.86534106164283],[4.938075427674081,34.87301516077388],[4.9659849336030595,34.875538954723844],[4.9931631243428924,34.8953062257928],[4.997929930412243,34.92944955578999],[5.003931891304971,34.93810461316412],[5.0247469384088825,34.932718019015745],[5.023141642286388,34.94360270521437],[5.016091851496807,34.947210148703476],[5.00287501784577,34.94841855482534],[5.001171653642716,34.96033770343406],[5.012809906987276,34.98818926523686],[5.008939398615149,34.999765103362],[5.002866131973668,35.0030291779539],[5.006268413216112,35.02280078472764],[4.997015805019743,35.03878221054369],[5.001898532399215,35.042278163087396],[5.000186233086858,35.08256166613307],[4.963889129871361,35.09482420256367],[4.968575659856549,35.113561318121285],[4.885654217490172,35.14348640476571],[4.841968353151326,35.14750401443709],[4.745986256093973,35.15015276995338],[4.745839053039424,35.162700667776875],[4.738860627934903,35.172501718943714]]]}]},"id":"000000000000000008e5","properties":{"ADM1_CODE":370,"ADM1_NAME":"M'Sila"}},{"type":"Feature","geometry":{"type":"GeometryCollection","geometries":[{"type":"LineString","coordinates":[[0.15520346051941283,33.80890866205586],[0.16318523322008172,33.81114269078886]]},{"type":"Polygon","coordinates":[[[-1.1373160275639327,32.41446302122099],[-1.1330352484552437,32.403025436989694],[-1.1433670263199391,32.36193931581726],[-1.1416725848041958,32.346002478937905],[-1.12962407313157,32.32497334929582],[-1.1127953953363137,32.31707179959833],[-1.0699568114054692,32.326056867421556],[-1.0638345086293497,32.321419408431254],[-1.0625190610744464,32.311903694499954],[-1.074687942923387,32.29795560583502],[-1.0860943486026446,32.20910802253579],[-1.0224986342238558,32.20863984729937],[-1.0074223901754649,32.14784441221643],[-0.9030481918540186,32.188859253496375],[-0.7418918833753874,32.2728464621493],[-0.4284616290321952,32.204158420494075],[-0.3465167702864059,32.2572618343151],[-0.23507046047355348,32.2385693011524],[-0.13265155323428135,32.37447830207748],[-0.07765969111024676,32.45560719169353],[-0.02719158130607949,32.55977618025649],[-0.04833216734776896,32.65283762844521],[-0.03646209687384744,32.67821439633151],[-0.03309545337239535,32.71620597483991],[-0.07662967551963946,32.75523195958727],[-0.06484869840959435,32.79952873271559],[-0.10332181721667279,32.81746766092998],[-0.09151860853875579,32.889491053518],[-0.019682451340323526,32.92369235541967],[0.006875951183970218,32.98597705989702],[-0.007981803048827073,32.9971471139095],[-0.014683850154097813,32.99594315938911],[-0.024462643232383483,33.00253822038078],[-0.013957016483903155,33.00763497892934],[0.016017126207311324,33.04166681289337],[0.015383864109561116,33.076278362088225],[-0.006884846261148609,33.08968686926728],[-0.007660718438679961,33.09421727817555],[-0.012561252727493009,33.093873933788934],[-0.025345522044736113,33.11812253626553],[-0.022068058922644337,33.14561289149445],[-0.009100994717253112,33.17100300836684],[-7.268173050530988E-4,33.2137434890635],[4.3695673661713324E-4,33.2556858284419],[0.01783191402288087,33.32719637885143],[0.00875321415658545,33.33727843872624],[0.10437865899209486,33.64904990935936],[0.06505829934731762,33.76492403306636],[0.15520346051941283,33.80890866205586],[0.12800293661824683,33.81389839396102],[0.09438134365046068,33.8781985938987],[0.09310154156774907,33.88335330359395],[0.07168002598338462,33.887593919496645],[0.05788355703718762,33.893903583178556],[0.05960926072588276,33.95612585039089],[0.06609726982119947,33.99692665877552],[0.014197798179836825,34.02403351411054],[-0.06074635218991491,33.99092026741322],[-0.06469262093011782,33.99430472976427],[-0.05212241521017661,34.00370000471022],[-0.05554253012837685,34.01522230945784],[-0.0639034059872584,34.0140719225527],[-0.06622213632305636,34.03074893559941],[-0.05641208862652655,34.06042867635168],[-0.07672777105285185,34.089314747929905],[-0.09406916330233382,34.08472636749901],[-0.11579838068838394,34.092181976084206],[-0.13466042066847222,34.092757181432184],[-0.14113503009243292,34.09631107748614],[-0.17894371389501793,34.078840289958],[-0.1928472119513119,34.071161778157794],[-0.21707798658084695,34.06767024000493],[-0.2633456109163413,34.035029639601255],[-0.2893778390694614,34.00813237576405],[-0.30058356517717044,33.96663600437976],[-0.31303779926559816,33.95403904888386],[-0.3321093971805291,33.96522246189388],[-0.3530002400210545,33.95508686044708],[-0.3606298318237987,33.939881394107275],[-0.3529556525007659,33.927823916431905],[-0.35448960719478695,33.91656470579846],[-0.36690820269009067,33.91092840968773],[-0.37288342281000914,33.918009503035286],[-0.36874983979822396,33.926107166479106],[-0.37455113008322255,33.937905967620026],[-0.3914288027457314,33.940099851558685],[-0.39819772855114005,33.94963786931529],[-0.3875271098996268,33.96212785285919],[-0.3857657220218588,33.97673587174732],[-0.3941488833227555,33.978733494175366],[-0.40220644455157817,33.99355109687235],[-0.3993436915571607,34.00980901675323],[-0.4130420477121368,34.055198132784575],[-0.42843486831320415,34.06524451755785],[-0.44622669263435355,34.096654401373044],[-0.4766555789464328,34.14186524298235],[-0.47864885471007707,34.18998786961867],[-0.48911436979373213,34.21351411932333],[-0.4878256706363741,34.22412676492213],[-0.4939123272844031,34.24639106504051],[-0.504676591439663,34.25986203552721],[-0.5075259356012611,34.277265858419995],[-0.5204484698506238,34.289216257866904],[-0.5389358904467013,34.297135645702866],[-0.5795627570077924,34.30441284846934],[-0.5970156387995925,34.313727976477956],[-0.6076684910408505,34.3284384750126],[-0.7957221327061654,34.22772526992569],[-0.8245324114975948,34.2417089984514],[-0.8409017580599897,34.24543679223345],[-0.8556167890084607,34.23741489954459],[-0.8847213333178298,34.23696006186916],[-0.8992579899931785,34.24848235996346],[-0.9354970925845786,34.260178554364124],[-0.9417398828267194,34.25043543500019],[-0.9460919000394952,34.25318674879972],[-0.9511708208463265,34.24367545941758],[-0.9734930905019165,34.261498491432974],[-0.9759367067030015,34.279263533504825],[-0.9796645019601077,34.2828130204931],[-1.0781794066288148,34.22001097982011],[-1.1056920854189356,34.26655957823609],[-1.130382144851114,34.282532075510275],[-1.1733545085250212,34.265761416440256],[-1.2015894670418206,34.26239028981264],[-1.2215573227045138,34.2257186549816],[-1.2447580324182237,34.21042393392844],[-1.276230416424272,34.20354350879093],[-1.2960689183518082,34.20762358801882],[-1.315956541622085,34.21828090760886],[-1.3292268116210573,34.21799553593224],[-1.3391171324650932,34.20997360127218],[-1.3702639369467942,34.21255538008718],[-1.4214276157291899,34.211931093424525],[-1.4260294410464118,34.2083816940542],[-1.459410251955845,34.207351639273924],[-1.471498911237404,34.19829960706441],[-1.4915559024148228,34.202540284902724],[-1.5212000108293784,34.18277305159388],[-1.5309609651162748,34.1702340649176],[-1.54441414168769,34.17040351978522],[-1.6458095928538146,34.10384248439874],[-1.697272089027581,33.87045764206502],[-1.668274592774738,33.772754220946304],[-1.7278347720683598,33.73438818329348],[-1.7369804063583236,33.699812274238404],[-1.709766522397368,33.687986776044],[-1.7021815947480956,33.67638865351299],[-1.678089007129871,33.675050905515064],[-1.660020768027923,33.68107069451507],[-1.6466345150409707,33.67772635366365],[-1.6234383034234325,33.62419038519128],[-1.5968887804830254,33.615713605976445],[-1.594882235025072,33.59719942222399],[-1.5980838420644792,33.591228724887834],[-1.5986278769254412,33.57766411761422],[-1.5884388174200839,33.57430640333457],[-1.5944496936713082,33.55785682375886],[-1.6019008159655665,33.556942640975926],[-1.592483220801092,33.53915977368087],[-1.5865615524548384,33.529122359234236],[-1.601200793775342,33.505132387482355],[-1.6196168319253048,33.48734948733276],[-1.6183103317708651,33.46782313088102],[-1.6225108205782144,33.45923932688719],[-1.6199691383676402,33.44706597410392],[-1.6268584251017892,33.43778662234283],[-1.6264348200720167,33.43145912214545],[-1.6452566652241698,33.420743875816164],[-1.6470358682679227,33.406858282067965],[-1.661795464062943,33.37726319685383],[-1.6620095145887404,33.34998691250807],[-1.6568057480739558,33.33719375243777],[-1.6580007640344034,33.30042394736121],[-1.6637574605352905,33.294190185908796],[-1.6688943824339981,33.28172698298624],[-1.6556106909945072,33.25522207321884],[-1.639593620406616,33.24338318397096],[-1.6227025357580735,33.217707625488686],[-1.6045049420507091,33.21012721419064],[-1.5972277281965592,33.20092355597084],[-1.5978341404295697,33.19425727403047],[-1.580880609163939,33.16993286525998],[-1.5726714331629315,33.14595182484574],[-1.5354022728676284,33.11357871499916],[-1.5340779314384778,33.10804051318117],[-1.5067302406087695,33.09248716906125],[-1.4987216748256376,33.09210367376],[-1.4758465276845745,33.078378566773694],[-1.4611715925713795,33.043686774532276],[-1.4741342448100614,33.02119510218014],[-1.4722257461567663,33.00022833445773],[-1.4809967781528914,32.97849915233845],[-1.493125511187901,32.966067164116986],[-1.5084782453017724,32.96913063204867],[-1.5431343135231508,32.95848231041492],[-1.3814919672971524,32.742131120875136],[-1.268837176193662,32.69486022818866],[-0.9989278490369354,32.518921946949604],[-1.0014026006147116,32.506342793428466],[-1.045690416064392,32.474125787921864],[-1.0463771222642007,32.46552868699267],[-1.0590989177274668,32.45933942080137],[-1.0615068358004711,32.45200417715873],[-1.0955475999322375,32.43538508877092],[-1.0981829748572403,32.42644461163618],[-1.1207638490305014,32.42094209963917],[-1.1220257475632318,32.41555547725125],[-1.1318580711400474,32.41179643930011],[-1.1373160275639327,32.41446302122099]]]}]},"id":"000000000000000008e6","properties":{"ADM1_CODE":371,"ADM1_NAME":"Naama"}},{"type":"Feature","geometry":{"type":"GeometryCollection","geometries":[{"type":"Point","coordinates":[-0.2917991495422216,35.87691042668043]},{"type":"Point","coordinates":[-0.29001101980417937,35.8737845886881]},{"type":"Point","coordinates":[-0.47165698495276354,35.88828110654904]},{"type":"Point","coordinates":[-0.7963508615102547,35.77419498842977]},{"type":"Point","coordinates":[-1.0216424467221155,35.68305547401848]},{"type":"Point","coordinates":[-1.046127376396072,35.6734327280714]},{"type":"LineString","coordinates":[[-0.25867692752483684,35.82646908980726],[-0.23962763702140352,35.82114937263151]]},{"type":"LineString","coordinates":[[-0.9034584523621786,35.77097111946832],[-0.9000918319160011,35.7709353815051]]},{"type":"LineString","coordinates":[[-0.17419925766177888,35.799594051333074],[-0.17460056872827004,35.80188156232177]]},{"type":"LineString","coordinates":[[-0.23280520720359324,35.807152213389884],[-0.2307986148635732,35.814161961480885]]},{"type":"LineString","coordinates":[[-0.24519255629223527,35.81101826199327],[-0.24413128969228445,35.81743937469068]]},{"type":"LineString","coordinates":[[-0.2553013861337056,35.814746110670534],[-0.25209085017397875,35.81542385935307]]},{"type":"LineString","coordinates":[[-0.2650757094447188,35.81829548018611],[-0.258453954713176,35.82170225992414]]},{"type":"LineString","coordinates":[[-0.3074371592839895,35.84373465675448],[-0.2977074273294356,35.848911705487666]]},{"type":"LineString","coordinates":[[-0.3061931198113316,35.84855495205008],[-0.3031118417365282,35.84939775274101]]},{"type":"LineString","coordinates":[[-0.3081863128903183,35.85440533714417],[-0.30088228322591143,35.853861326111904]]},{"type":"LineString","coordinates":[[-0.29986115878809,35.86024232212165],[-0.30124797573681006,35.85820003488386]]},{"type":"LineString","coordinates":[[-0.2906753939196693,35.848225016190625],[-0.296227029871672,35.85327720378473],[-0.29555811625762063,35.86074612596716],[-0.29225393710087566,35.85858791340776]]},{"type":"LineString","coordinates":[[-0.5539452206560898,35.77361529568195],[-0.5552071268893642,35.77592067695199]]},{"type":"LineString","coordinates":[[-0.6231103295973255,35.713832142329714],[-0.6283943270636635,35.71812626679747],[-0.641669099189426,35.71202178173483],[-0.6476353417954619,35.71129044602202]]},{"type":"LineString","coordinates":[[-0.6654227386382021,35.714991534457404],[-0.6641340489988918,35.71740387767486],[-0.6770743460249081,35.72214396092581]]},{"type":"LineString","coordinates":[[-0.6756563641151151,35.7145144400245],[-0.6771189370068922,35.716587869409004],[-0.6839859592928146,35.71594131221369]]},{"type":"LineString","coordinates":[[-0.6970021016238594,35.73759913087958],[-0.6907771795032619,35.72892171565834],[-0.6791567831822171,35.72577363335919]]},{"type":"LineString","coordinates":[[-0.7956195477417355,35.7718673408347],[-0.7928682911034381,35.77095770380452],[-0.7899163626248092,35.77304898720135]]},{"type":"LineString","coordinates":[[-0.8246171243346049,35.76725665292235],[-0.8243896496974252,35.76978049176147]]},{"type":"LineString","coordinates":[[-0.9221822395342908,35.7237670069007],[-0.9219637605303637,35.7260768361346]]},{"type":"LineString","coordinates":[[-0.9988698436997377,35.450491029445615],[-0.9956682217068287,35.44785571571796],[-0.9927474931903179,35.44591152527979]]},{"type":"LineString","coordinates":[[-0.5999853892316548,35.42523025580111],[-0.6033475581001551,35.42540409260506]]},{"type":"Polygon","coordinates":[[[-0.6210190166896544,35.36214286756585],[-0.6133895065018365,35.350682967436676],[-0.6118956502283704,35.33619088126917],[-0.6022194580129693,35.34701755270639],[-0.5793754397711263,35.34781573302364],[-0.576419063436851,35.36294101333131],[-0.5621187317978863,35.36964306839647],[-0.5477782886944353,35.3625397332565],[-0.5412546276633265,35.36625860114229],[-0.5546541810122966,35.38746608364847],[-0.552794774587047,35.40133386844707],[-0.5494771989360768,35.40087016687899],[-0.5354309885060898,35.41720384026908],[-0.5316274358993412,35.43164243146865],[-0.517474187102723,35.453358216519355],[-0.5071692067784136,35.45971688190284],[-0.5091535650561945,35.471805497309305],[-0.48656820809024365,35.46629850884423],[-0.4761115762893887,35.47288912139737],[-0.46036654102499236,35.47580980886444],[-0.46402739705053,35.487960893054655],[-0.4598671109282272,35.50170822773534],[-0.4713626561867613,35.501944554316836],[-0.47945148013053823,35.511281915164766],[-0.45024878668204693,35.52680852531442],[-0.44761796568154577,35.532025726756885],[-0.4037626681306428,35.52823548551758],[-0.4116820502989404,35.539927201021335],[-0.40672798093642987,35.55688518626736],[-0.3861937914491949,35.57699571672401],[-0.3820335162206984,35.5762510170208],[-0.39200405327588267,35.59487225601676],[-0.2956830079404929,35.663203505991895],[-0.2701680218587132,35.67926074508703],[-0.2995490403382282,35.680928412499135],[-0.27984423766582356,35.71032286648601],[-0.2759292070846463,35.721898679962536],[-0.25959103628053753,35.739026073111724],[-0.24789926800764267,35.72366895116577],[-0.23469586783651386,35.71415765504825],[-0.23716174583544,35.71272186704818],[-0.21946360759313374,35.70601533497092],[-0.21124102063474617,35.70624726070835],[-0.20651435465026843,35.694439491201074],[-0.19076481907842305,35.69761443551405],[-0.18723316556640054,35.707616157274316],[-0.19007362065982486,35.71397487618529],[-0.18542281299662622,35.71483545920945],[-0.18144529615870028,35.71265940861999],[-0.17686578506644876,35.72337463094052],[-0.13840605930674146,35.7548246704859],[-0.12310242106244111,35.778836907550314],[-0.11692657294173693,35.78733150681113],[-0.16280626144075494,35.79519291162515],[-0.16386752039506827,35.79733325921968],[-0.16356871014135746,35.80016034299921],[-0.17419925766177888,35.799594051333074],[-0.18940474223528897,35.80210898373598],[-0.19632531422331728,35.80120380038415],[-0.2300895969070185,35.80661270206511],[-0.23280520720359324,35.807152213389884],[-0.2367336581406336,35.808485457278124],[-0.24519255629223527,35.81101826199327],[-0.2553013861337056,35.814746110670534],[-0.259024747604112,35.81413517202486],[-0.2571430035369119,35.8172342566555],[-0.26197217469845585,35.815450598513465],[-0.2650757094447188,35.81829548018611],[-0.284116090850839,35.823704431682415],[-0.3074371592839895,35.84373465675448],[-0.3061931198113316,35.84855495205008],[-0.31029995583770426,35.85197068898508],[-0.3081863128903183,35.85440533714417],[-0.3066122176364004,35.86017985763005],[-0.29986115878809,35.86024232212165],[-0.29555811625762063,35.86074612596716],[-0.29387706431779703,35.87255389657566],[-0.3015778906815739,35.879897982878475],[-0.3036513777271546,35.88148989147129],[-0.3259335295555147,35.88953854451264],[-0.33834767618256845,35.8972661898216],[-0.33748705843148324,35.90798140580255],[-0.3484965820690526,35.90594808454333],[-0.3892661544909371,35.90819102301289],[-0.39239194247011533,35.894033367653726],[-0.4015286758210395,35.88986856708273],[-0.40495329581830675,35.89122410829118],[-0.41757698193879783,35.881735153933114],[-0.44897797865678,35.87688366524905],[-0.46678316240559725,35.88278306428281],[-0.46889231085610406,35.88591336691841],[-0.48774094519610156,35.87534076745556],[-0.47976805453282756,35.868777012538864],[-0.48244351540928754,35.85665267245437],[-0.48063315471208906,35.85404858433296],[-0.4936403146181576,35.811705007799446],[-0.5050913197139315,35.78853991308905],[-0.5290634006185495,35.76784079173272],[-0.5391989797435023,35.76624890823453],[-0.5485318757795444,35.76942824867273],[-0.5520099328201253,35.77662080025394],[-0.5539452206560898,35.77361529568195],[-0.5631086250529636,35.76763568085123],[-0.6034546400291164,35.723900780947744],[-0.6231103295973255,35.713832142329714],[-0.6333885547071281,35.71352005667404],[-0.6339013746166403,35.709983937987985],[-0.6369290403385541,35.71233393911121],[-0.641669099189426,35.71202178173483],[-0.6456153690879741,35.70937308339613],[-0.6476353417954619,35.71129044602202],[-0.6570752847071349,35.71350220821417],[-0.6654227386382021,35.714991534457404],[-0.6756563641151151,35.7145144400245],[-0.682032862185768,35.71343080406234],[-0.6839859592928146,35.71594131221369],[-0.7007967796240583,35.7224292832006],[-0.7032760107452637,35.72508694709389],[-0.7004935862443081,35.72590739824126],[-0.7031957527725985,35.73508871621873],[-0.6970021016238594,35.73759913087958],[-0.7035614059145022,35.739315899822394],[-0.7031065854832717,35.742450627439176],[-0.7177502668748913,35.74032367676827],[-0.7326793601580259,35.737135418579044],[-0.7846234072210527,35.75610446689184],[-0.7960476039178196,35.76867018542683],[-0.7956195477417355,35.7718673408347],[-0.8083369053245418,35.77038694570579],[-0.815484847439935,35.76691326011628],[-0.8246171243346049,35.76725665292235],[-0.8341417598325443,35.746749224949504],[-0.85437713726675,35.721203026646776],[-0.8851092906688003,35.70713901534805],[-0.9048140300992517,35.707281731103826],[-0.9128315071696227,35.71384553564498],[-0.9158101956131857,35.72044503387107],[-0.9221822395342908,35.7237670069007],[-0.9348282603647036,35.72809681820592],[-0.9456861673316003,35.72250064658218],[-0.9488833157483537,35.7206322728664],[-0.9570568734832492,35.715116375197155],[-0.9640442671583501,35.706755555021886],[-0.9673484872123133,35.70064662070575],[-0.9680396490741326,35.69834571314332],[-0.9796065237634376,35.689293699941715],[-1.0010681936469878,35.67663431681938],[-1.014677385074853,35.67704901946776],[-1.0217584485756082,35.68008123195068],[-1.028549614986087,35.675073648440325],[-1.0285139835982884,35.67252300623799],[-1.0374723026355561,35.67263448656069],[-1.044259041750452,35.66740400657566],[-1.045565581538767,35.66515662494778],[-1.0487672059024424,35.66554454407988],[-1.0498016927808291,35.66297165764506],[-1.0503234387255995,35.65628748332987],[-1.0553933812402823,35.654829338344015],[-1.0585816643797146,35.653081396223556],[-1.0561023869359591,35.651502868004435],[-1.0598971329258677,35.64011876067686],[-1.046033731215287,35.64125586535057],[-1.0411153930064727,35.63311351604039],[-1.0525886755885294,35.623432762885386],[-1.045975805714335,35.6224027821043],[-1.0454719376306851,35.618848827000534],[-1.0371244576943697,35.61816214056174],[-1.0242822448935782,35.60211385020565],[-1.0161176612641896,35.60113727388674],[-1.0123898493023862,35.59202739154197],[-0.9977417108570572,35.58750135978114],[-1.004764770954003,35.56326613985917],[-1.0072217747376284,35.55948039843309],[-0.9670942621396335,35.57042300974056],[-0.9593265380683175,35.56006007001474],[-0.9624390208499725,35.54148347252222],[-0.9702825785449667,35.53837096437756],[-0.9765609966008982,35.52020463485761],[-0.9912403367892652,35.510269699071955],[-1.018735133599697,35.509703399591736],[-1.0212099795020055,35.49795366871426],[-1.016906944022612,35.485869513285245],[-1.0231986799923554,35.47061046753004],[-1.012149067286625,35.45868689316632],[-1.0125369905049475,35.4549055311708],[-1.009816933772103,35.44894819654067],[-0.9988698436997377,35.450491029445615],[-1.0014160265675398,35.46332874886915],[-1.0120465218717496,35.46837651793035],[-1.0076810242506453,35.4702627071316],[-1.005513919375641,35.47306747727526],[-0.9666216132812828,35.47472626141469],[-0.9648334998107099,35.47828014747415],[-0.9868526081569644,35.4903731907777],[-0.9826476086815857,35.495871339142],[-0.957779204791356,35.497931424039514],[-0.9543145355615543,35.491001932825675],[-0.9383509527557088,35.48114287176955],[-0.946756325161647,35.476732823733904],[-0.9369596592672123,35.47295153773804],[-0.9196494840127394,35.47374971602884],[-0.9146597316918711,35.47707169534083],[-0.9205189882182656,35.47895789939646],[-0.9185881895816523,35.481758235564286],[-0.907119387046763,35.480942213092234],[-0.9001765563313184,35.48720282007977],[-0.9003593986231462,35.4831584152171],[-0.8878293157121965,35.48388078362164],[-0.8841327103918964,35.47682198320578],[-0.8776179707674119,35.479234399386044],[-0.8627022859774267,35.47333942922742],[-0.8140312037833217,35.49242886136633],[-0.803703936484628,35.499844359050414],[-0.7390246521282618,35.5200797942753],[-0.6949821081775093,35.5248911205524],[-0.6870627302817689,35.52592117207693],[-0.6484513597606782,35.52963114483867],[-0.6239263543894759,35.54038204685444],[-0.6207737481924221,35.533644307905334],[-0.6285459407766335,35.522527827049565],[-0.6186422959451624,35.49382009538818],[-0.6091488926157694,35.49644651658561],[-0.6039941725727549,35.49250910119474],[-0.6088278187346099,35.474686136032595],[-0.6051401704992425,35.46161646683076],[-0.5927394154183498,35.45812051993459],[-0.5865412032034597,35.42609527905753],[-0.5999853892316548,35.42523025580111],[-0.597421432432456,35.41944674589996],[-0.613104101203296,35.41520171283362],[-0.6234670853780843,35.39756147815579],[-0.6048770794197468,35.389762510788536],[-0.6210190166896544,35.36214286756585]],[[-0.6570752847071349,35.71350220821417],[-0.6558980643887342,35.70952915838643],[-0.6527187798162085,35.71080000586825],[-0.6570752847071349,35.71350220821417]]]}]},"id":"000000000000000008e7","properties":{"ADM1_CODE":372,"ADM1_NAME":"Oran"}},{"type":"Feature","geometry":{"type":"Polygon","coordinates":[[[9.07125186171981,32.0888728595337],[7.5300304236751625,32.025932658199594],[7.232224910362323,32.002651682762405],[7.225139422084464,32.0051487220099],[6.986492805905479,32.26334412118841],[6.701730141295491,32.65067502129065],[6.652207336848174,32.7280939205424],[6.55822730605705,33.00257385384735],[6.46539777840646,33.26361852195616],[6.321449085290132,33.63594902905952],[6.279043050855584,33.936158045811815],[6.266887509734089,33.90750827341032],[6.259476494487786,33.90635784426881],[6.2402711414697345,33.94653432702052],[6.204509126298255,33.94327024024927],[6.153006521174809,33.922200991025356],[6.127531695155636,33.89732373014792],[6.112401950801389,33.87749855452234],[6.073594374717377,33.864103404439675],[6.064876886967446,33.864446763610715],[6.059298551022562,33.87000277977093],[6.055543969663799,33.90357981928881],[6.047749414828694,33.906152721251466],[6.021917901334552,33.89034968004074],[6.017298265410146,33.88037465059568],[6.022096244942409,33.862957438105326],[6.012959572611997,33.828577766569126],[6.020874411972587,33.81729179484681],[6.035005300919611,33.8062332022261],[6.038684079600319,33.78640352909225],[6.056417928472701,33.76737654164526],[6.05695746433138,33.739181693945845],[6.061050951111126,33.72164847878395],[6.046759516713112,33.69323061004646],[6.058651956203206,33.62600965915777],[6.041738551142954,33.6143848153684],[6.018408538056515,33.60923012522318],[6.012678576514113,33.58310426716539],[6.037997405846921,33.55296066453047],[6.060578269922635,33.53418789895774],[6.066647140997108,33.505792366068086],[6.076773743633618,33.42116306110271],[5.992768695807453,33.42380729271949],[5.990405392573124,33.42684396888954],[5.710971370245225,33.4224695427904],[5.711430632126422,33.4192679163628],[5.272289489814732,33.43111134258868],[5.242725665278061,33.35691633878812],[5.227270394019791,33.35972999129836],[5.202544692278661,33.37663450019392],[5.183566770358697,33.39285218311093],[5.161427272190998,33.428779217381134],[5.145847224338253,33.4384063603272],[5.123377767743528,33.444203237873836],[5.092766071700785,33.4601891309537],[5.089809653343525,33.47737893830097],[5.073975407120472,33.47984483853101],[5.064660338515566,33.49159458925499],[5.050114736136692,33.50030318804137],[4.930597459549293,33.303206493729505],[4.930820429064514,33.25576604350095],[5.0181876256043445,32.8547055882019],[4.772339506603744,32.49665766733415],[4.452541711161411,32.21769624200865],[4.4189780364913425,32.00099286839029],[4.395585596711132,31.548059705404384],[4.247721823896289,31.23810756832078],[4.239097959702939,31.22256758851311],[3.8071626046421714,30.002240971951785],[3.8009644756730454,30.000185279104254],[3.734372293475565,29.808921099571876],[3.7141279569783046,29.803538996363834],[3.695970527543617,29.787838474210268],[3.6625093823403834,29.76715712047138],[3.662879484903084,29.749797917419937],[3.6506080562390957,29.71696548572047],[3.3486644667520604,29.21928528483364],[2.9791610606021357,29.081115519226028],[3.6156052604348163,28.613694741179323],[3.74854774190825,28.515639075624076],[3.7416450564681942,28.49955070382464],[4.2564070415741675,28.841359672983614],[4.976330002582161,29.298559164932197],[5.70654350661242,29.75939831406415],[6.017669457341423,29.89852118454437],[6.435361288847739,30.08551911120713],[6.55940004125878,30.046368271378835],[7.984742820368126,30.309713776501567],[8.581340395772209,30.41109152338987],[8.981490158427142,30.47817415337664],[9.071704447084215,30.496338355676944],[9.47009168465012,30.561220493395805],[9.07541660491776,32.08646491629138],[9.07125186171981,32.0888728595337]]]},"id":"000000000000000008e8","properties":{"ADM1_CODE":373,"ADM1_NAME":"Ouargla"}},{"type":"Feature","geometry":{"type":"GeometryCollection","geometries":[{"type":"LineString","coordinates":[[7.014255099315927,35.57142632131821],[7.006960077980816,35.56896934887724]]},{"type":"LineString","coordinates":[[7.219690414170148,35.611170237978214],[7.224720270961356,35.6114066350275]]},{"type":"LineString","coordinates":[[7.0437521235097735,36.072749617727226],[7.0475958527486595,36.072062998940325]]},{"type":"LineString","coordinates":[[6.907455215611747,36.14588338041957],[6.907441869985333,36.14828681648088]]},{"type":"LineString","coordinates":[[6.567038536085204,36.107936405692094],[6.568996092135828,36.11022842607369]]},{"type":"LineString","coordinates":[[6.542031910817551,36.12381531791054],[6.5456749941300725,36.12266485247171]]},{"type":"Polygon","coordinates":[[[6.521435285684591,36.16959686543151],[6.527646837701265,36.1683394026876],[6.532275334752848,36.17246406510431],[6.521435285684591,36.16959686543151]]]},{"type":"Polygon","coordinates":[[[6.760514475036639,35.698559771644554],[6.807763124835369,35.61196842294132],[6.877342939807412,35.614135569023205],[7.000659339571985,35.62873020612635],[7.028537661843485,35.60718385415712],[7.021282648293833,35.594809803575686],[7.019976136438084,35.58804533977518],[7.014255099315927,35.57142632131821],[7.039698759854279,35.56059515898284],[7.08404898941077,35.54695471904632],[7.133932914979249,35.623160768647686],[7.1523356834033605,35.61496496486197],[7.204498239832955,35.6215421295503],[7.212725263410895,35.61243223885672],[7.219690414170148,35.611170237978214],[7.219351500739961,35.61340873843705],[7.217799759678225,35.61982537043385],[7.223360248420343,35.63145915942171],[7.296792698290781,35.6017660351258],[7.308069805699604,35.593967084419276],[7.313728338371649,35.58256958588988],[7.316622325373208,35.56955798066035],[7.306897054662409,35.56578111227497],[7.304533740401962,35.54343206888012],[7.293943368095044,35.54354797613701],[7.299606404849619,35.52681296299881],[7.3011180225216465,35.51484031526632],[7.300083507081435,35.51014042732803],[7.33553780708174,35.52113658172945],[7.350836992640516,35.51964725975658],[7.353521390299306,35.5243471300623],[7.346979917152299,35.53322517272642],[7.3595099671666855,35.564911558442475],[7.3735248796557595,35.57316087912571],[7.397198310375065,35.55499455712513],[7.41793755324229,35.54949196967706],[7.433646934463527,35.53487949549481],[7.41735790181912,35.522844357906365],[7.427488977798407,35.51166991923741],[7.435742731396985,35.51430518745249],[7.4402018252336655,35.50937790105879],[7.451229202699252,35.51338663059116],[7.4535657395347,35.524164284101346],[7.4576770552710325,35.52564918888888],[7.4628718991307945,35.52186782521149],[7.466086925475701,35.52473057317345],[7.4715270464263845,35.52202839837115],[7.46976569505308,35.51516135731886],[7.487000109852094,35.5005444517084],[7.476503378067506,35.49143891565219],[7.484489677006459,35.47522122118069],[7.504430728107989,35.47074874662098],[7.517152594421925,35.47160929746176],[7.52633827452697,35.448230288169555],[7.547621595233944,35.44317806637347],[7.545900372447822,35.42960907648905],[7.551081858547221,35.42409762439965],[7.575067333156126,35.432346922410424],[7.601821948020091,35.46340455282927],[7.661177077596738,35.50703245992972],[7.664441133772433,35.529403746947395],[7.678295527200044,35.54068973333427],[7.707079082937136,35.5477930406449],[7.717709517555118,35.55518180352603],[7.73920239278677,35.561308566081756],[7.74629685552732,35.567555783231455],[7.784631695288006,35.58130766029585],[7.800920850136644,35.579238643850225],[7.799007905099127,35.57150210623976],[7.80393521218676,35.568126569335305],[7.823252039984235,35.575626813407226],[7.840896700334454,35.592531250227346],[7.867526389852575,35.5926382117708],[7.854095567785325,35.614759880155866],[7.839077380950308,35.6266254761077],[7.833289467962397,35.63836634308156],[7.827051157802869,35.65470000634204],[7.820442810257708,35.65957383695346],[7.817218813963119,35.69343622209084],[7.811413102654889,35.70341568236844],[7.811421980287579,35.73108891281664],[7.813731861934113,35.73549892890302],[7.808809017409234,35.73911076593363],[7.809847918718797,35.742950102068036],[7.8309929750993685,35.74076954822913],[7.843255518619238,35.74861317817618],[7.840205537746694,35.7517924729878],[7.846461605027833,35.76603481480378],[7.829347606164663,35.762944712218186],[7.821111624875195,35.76758659199819],[7.810405374118166,35.76701135300339],[7.8064768962435815,35.77142142543987],[7.796234309540839,35.77543905948727],[7.76925225985714,35.803691962189184],[7.776783705700552,35.82139462364451],[7.753663283310611,35.86775587576105],[7.751482777634058,35.8808789641869],[7.734047707672313,35.88660896251759],[7.719074044049552,35.89718145303176],[7.697037134021575,35.88678732513024],[7.68347254175267,35.885297967522625],[7.678951069648233,35.87996931952624],[7.691980543814265,35.85258153620263],[7.67312295265082,35.84805106916527],[7.669636003041237,35.84489847609679],[7.692439827219449,35.81997215135928],[7.666211408115225,35.81499577629047],[7.647813124724367,35.82691492583262],[7.639956231943638,35.82302219403996],[7.602339206247229,35.81821080670578],[7.5847793116086075,35.80743760635564],[7.584863997517437,35.81139285157141],[7.558260997117983,35.81649402199105],[7.551492105705731,35.82629959620222],[7.556316804441615,35.82955922995853],[7.564900580540873,35.847783564548095],[7.548905845072393,35.85855674926582],[7.562657662777253,35.874025400447756],[7.554176502989306,35.87998715672821],[7.515908425770235,35.88635030657549],[7.502036212201745,35.896267390020796],[7.477961526503075,35.89896067220504],[7.448995175711575,35.914148350150576],[7.4376557167249056,35.91541475931035],[7.429040730420754,35.93231472472324],[7.432211180948568,35.94646788772084],[7.406772000243834,35.953972556858055],[7.391932073996062,35.96886153619841],[7.385930095274597,35.990332097504066],[7.3615655733654854,36.0126632429281],[7.370934175455068,36.019878131513],[7.370136034463517,36.02526470293519],[7.365061573433354,36.024520054142286],[7.36682732398825,36.03116411424669],[7.3625198269971195,36.040795769808405],[7.365275581383171,36.04652565506785],[7.365922143379932,36.05214418759281],[7.350854877834636,36.05730331329741],[7.350123566792997,36.06050939693672],[7.336826499632747,36.05346405337865],[7.330918194557292,36.05523873601083],[7.338110766742444,36.0858370917978],[7.32812230482379,36.097354953598305],[7.331261540019388,36.1071249051195],[7.322334462639365,36.103490706235824],[7.325050032076929,36.11987793076906],[7.318232025687577,36.123026053438764],[7.31753195788279,36.1294471129167],[7.316778350949326,36.14594583118584],[7.270769414957499,36.14893336713253],[7.255826964452309,36.14292250429836],[7.253753490351085,36.13295197561236],[7.234271640616201,36.119195622862634],[7.234708623436682,36.106019033219404],[7.227043445809268,36.100008105752295],[7.226593102812071,36.082528453642375],[7.219837496548861,36.075933439175664],[7.215374002047213,36.080695787940456],[7.143042871854419,36.047983835761066],[7.105631034250237,36.04237424314036],[7.083353408721867,36.02719547097146],[7.072812060722977,36.035730213145875],[7.06387599892211,36.03247056082444],[7.04825577769188,36.035908535329376],[7.036118081841288,36.03533331794545],[7.040055468227609,36.04656578345482],[7.038517074528822,36.065588383141176],[7.042909286346417,36.067077650552],[7.0437521235097735,36.072749617727226],[6.99846988691495,36.09504515286423],[6.988454787863473,36.09556239538803],[6.997194652730124,36.09905832089087],[6.995353010086977,36.108917455562136],[7.004262288400801,36.12782846912243],[7.000824305765579,36.143841148693035],[6.981235483526043,36.14444305948207],[6.966694350491944,36.1387711238237],[6.964050159957139,36.14754212473672],[6.946316251000836,36.14851427085317],[6.934468478798954,36.141468837247544],[6.907455215611747,36.14588338041957],[6.904164413785836,36.13912337756757],[6.898260559345431,36.1414777447857],[6.899424341619538,36.14880857781813],[6.878992801970374,36.151158497749236],[6.853687384257578,36.14944619092173],[6.823405593485332,36.15586280734188],[6.818126017618894,36.16177119023697],[6.811950171418399,36.17718182836873],[6.80232296689702,36.1757548722018],[6.788539905096824,36.17953624292886],[6.790649039189201,36.192543421924775],[6.793962153449981,36.19477741270809],[6.789565491286313,36.19941930630522],[6.7839827030758855,36.192659341992545],[6.768607737234543,36.18985459435835],[6.761553423846798,36.199994556562274],[6.74624086981663,36.188936007407804],[6.750512729556382,36.188365213881625],[6.75405323801596,36.169570101014195],[6.745986705383517,36.14453226956214],[6.720797207366957,36.14539731629937],[6.712779804536645,36.140412047489654],[6.672349127102025,36.14671277807758],[6.638602657321208,36.14196385690835],[6.632186007102105,36.13921699710844],[6.632819156061312,36.13027654793683],[6.638718601741013,36.12500588010931],[6.640457630133569,36.11852678726165],[6.630567290698999,36.106210762195104],[6.618518820954663,36.10117194481515],[6.618625844350531,36.10724082895569],[6.605525001185876,36.10466348492198],[6.595964683061632,36.10885052449343],[6.589244828850978,36.11933390690648],[6.564626105096945,36.125126303861954],[6.5639661862281455,36.11452701883324],[6.579559706505333,36.11120047885871],[6.585427843070276,36.106843931080334],[6.58733634815439,36.09584333520552],[6.574066063172776,36.10025781805545],[6.570052879764217,36.106277653957264],[6.567038536085204,36.107936405692094],[6.5634846281262025,36.104672401729474],[6.5528496623298675,36.10782494199942],[6.549166434076958,36.1136084289134],[6.539307408170827,36.11086603760599],[6.542031910817551,36.12381531791054],[6.540560391342457,36.13172126267947],[6.531392473146279,36.13848571124065],[6.533506037935679,36.151430515780916],[6.5157008955896325,36.1533791459241],[6.515277237648282,36.1609461821654],[6.521435285684591,36.16959686543151],[6.480456153897081,36.1680005527339],[6.4840680461608695,36.16192277579578],[6.464559432482849,36.15677251607227],[6.453612355784145,36.15808348683563],[6.43579375829385,36.1450851771812],[6.417605134860919,36.14267726716773],[6.401909058319838,36.11557932365956],[6.410301097219828,36.07741385209428],[6.401097550996566,36.06509784403298],[6.405128546802453,36.03581493634996],[6.37333959530433,36.01300665271979],[6.366222887856444,35.9998344221156],[6.351543529093832,35.98694763408012],[6.343847155095,35.97760584745346],[6.319072399546597,35.98643481506291],[6.306274770177426,35.98299239863461],[6.312771651288137,35.95485998750728],[6.297178149533238,35.95999679307711],[6.281870048469244,35.97360155910811],[6.2027879337862,35.9672517932099],[6.187707282412641,35.945482453174925],[6.184889111406669,35.93241286421925],[6.165420672846821,35.9327071398807],[6.165416222011604,35.90067292408767],[6.153920626161023,35.89190633309846],[6.169656799882073,35.88112869067031],[6.179957358787339,35.88061587791701],[6.1899501408001045,35.87132760631642],[6.188465335952998,35.86872348372194],[6.2101543522269695,35.86663214854567],[6.273964117842202,35.8327028567185],[6.288161914996537,35.84226765941712],[6.305373986371468,35.851034230059284],[6.3075857396513255,35.84901425606774],[6.314706886978054,35.853036413786185],[6.330599148020343,35.87692823088887],[6.350272706253037,35.88133828784424],[6.354348326536557,35.85842297645348],[6.418117923199587,35.84729301925833],[6.477909969869784,35.84413154103606],[6.475301429095504,35.83250218908575],[6.480536430388043,35.827748832629624],[6.471818852566261,35.81537032999403],[6.45892759763658,35.809123122413915],[6.466731023417566,35.80316577819337],[6.473700605778508,35.80304989004578],[6.480572054638558,35.79892516495346],[6.481709194511995,35.793195225215015],[6.460849458478876,35.77996065983707],[6.476572259889679,35.75938629799002],[6.500129705243125,35.77348156169574],[6.529983387631224,35.78052246474507],[6.547534433577598,35.7859090743453],[6.552412646956778,35.78396041841337],[6.557397910863424,35.790439535135036],[6.563631790853336,35.79054650042086],[6.566490007661423,35.797475938370425],[6.595933475556452,35.79821619750299],[6.603781543354217,35.8010834243314],[6.679189398579686,35.772023394652734],[6.732109962174639,35.72202572351206],[6.760514475036639,35.698559771644554]],[[7.453641597628287,35.53493303160038],[7.451528002921422,35.53269455964747],[7.4552557687545296,35.53091982664459],[7.453641597628287,35.53493303160038]],[[7.461288919408843,35.52794115057628],[7.4552557687545296,35.53091982664459],[7.4576770552710325,35.52564918888888],[7.461288919408843,35.52794115057628]]]}]},"id":"000000000000000008e9","properties":{"ADM1_CODE":374,"ADM1_NAME":"Oum El Bouaghi"}},{"type":"Feature","geometry":{"type":"GeometryCollection","geometries":[{"type":"LineString","coordinates":[[0.39065735927818723,35.798135902870655],[0.3887845840096762,35.80008458368203]]},{"type":"LineString","coordinates":[[0.83974686245188,36.22222321630288],[0.8437778739899142,36.22835441085541]]},{"type":"Polygon","coordinates":[[[0.6936488753303235,36.208658595521484],[0.6901796353076577,36.191526765308794],[0.6744612995160436,36.18797727864815],[0.6694581937872393,36.18087396060076],[0.6579626904309749,36.176575401065755],[0.6593003840071102,36.1583554675971],[0.6547922134379884,36.15245166472529],[0.6395509989560059,36.152286637624094],[0.6372546063019839,36.1482154662074],[0.6201807149821624,36.14815752592805],[0.6098043451597175,36.13400431419013],[0.6125110370940675,36.12954074421057],[0.6034189460209294,36.12117549583246],[0.60793600854198,36.1138937928805],[0.5998293320442404,36.1122885022462],[0.6153292179212095,36.10312061005619],[0.6174071508208544,36.0941265888585],[0.6141341427750964,36.08484273997208],[0.6279261862927618,36.07658898146266],[0.6305882630623835,36.06891035202563],[0.6345211492305577,36.06501316111897],[0.6487724620644245,36.0655839039028],[0.661427341998407,36.05888183468332],[0.6471671932505884,36.04742197216322],[0.6372055759855276,36.04822010458187],[0.6317342273777148,36.03309485942887],[0.6452898798876967,36.03000026087319],[0.6441216124087459,36.02691012338275],[0.6480946708479812,36.02678970443834],[0.6523887476834168,36.008511866166984],[0.6493343068582003,35.999874551960474],[0.6380572512340235,35.9982603514429],[0.6311634464297259,36.00667918023034],[0.6198685881598409,36.00508277900703],[0.6136659519138978,36.000267008114584],[0.5964983789004608,35.997457749760315],[0.5789384899895041,35.98651957746824],[0.5641476279821661,35.98829425728421],[0.5627697314559885,35.985030217507585],[0.5596082348487039,35.985832822132984],[0.5599426988023221,35.99030087465531],[0.5543821852631555,35.990305326383734],[0.547742572310921,35.99517913436828],[0.539671635902327,35.9868673444634],[0.5348736287786907,35.98726867697341],[0.5356985989672611,35.9812488684503],[0.5215632253180088,35.97151022441926],[0.5129081076492875,35.975581418936855],[0.5212332659777985,35.981195362918875],[0.5188253524080056,35.98876250179419],[0.49476404523839407,35.975585839982564],[0.4952277420188813,35.98188208934283],[0.47575484194355355,35.99054168194537],[0.47373045521093776,35.99249028587164],[0.4713270084911673,35.98366572175422],[0.4674876875745538,35.985386945234886],[0.46371526861096835,35.9937566763077],[0.44928567225131527,35.97427044889659],[0.4229501673275285,35.95347758872629],[0.435863750723251,35.956567762571574],[0.4324704026889672,35.93393787045148],[0.43737093572800734,35.931360462839024],[0.43844557859227085,35.925394168147875],[0.4468777369718249,35.92551456385439],[0.4561080885253605,35.928430872575106],[0.4702612652441624,35.92551016752163],[0.4604467441682688,35.91891960118788],[0.4692044801376158,35.90591235954799],[0.4425167507628085,35.886831897808335],[0.46183801380156997,35.875438870262634],[0.4594211785300641,35.86459880886493],[0.4520770484333407,35.85417340444088],[0.45367339163938725,35.851645111032056],[0.44946402767036436,35.85233628340125],[0.42828329651890545,35.83566818898333],[0.42007849889531823,35.82191187340215],[0.4174610509550835,35.82340562314722],[0.4110577601147155,35.81698455198988],[0.4083778541227179,35.82231320159082],[0.40331233684304285,35.81572704473713],[0.40734335894570883,35.807990499903624],[0.40154204704720864,35.80366517561255],[0.3926194167891601,35.80466851847368],[0.39065735927818723,35.798135902870655],[0.3908000902717474,35.795424776872785],[0.3749212464165658,35.79911248609711],[0.35764221453313755,35.809658254687825],[0.34747098430075757,35.807424245957385],[0.332885288424143,35.8019261565251],[0.334026835232633,35.794305585960714],[0.31677456335876253,35.785886743513416],[0.3078206988927558,35.788290198313874],[0.3090825764958766,35.78485674794688],[0.28306816960801096,35.76193692822332],[0.26841111717581073,35.76199936307896],[0.2862876372182809,35.74853284660677],[0.28466009498580497,35.74279845474587],[0.2606835253757919,35.7455007237072],[0.24390840017611656,35.73971280636761],[0.24840316779956703,35.736676133951455],[0.23736240461619257,35.725844968231115],[0.2382274755869604,35.72097567441667],[0.22576426630440535,35.70710787428751],[0.2391906449352141,35.7051012094355],[0.23947600651127718,35.701716748073686],[0.2530316603997778,35.700285446383404],[0.25131047547553825,35.69409169345577],[0.2582890000623063,35.689739646653514],[0.25978722649873326,35.67827976534985],[0.25103397865876537,35.66687779554047],[0.26959728066172295,35.657705481946124],[0.2721701242325053,35.64693675340481],[0.2822476843335063,35.63839756173483],[0.2971723469387943,35.62177845814998],[0.28626534558825034,35.594618064402034],[0.28793753988922477,35.588143434373144],[0.2858997216662425,35.58252499857853],[0.3090335206466321,35.58022856333623],[0.3075263742199142,35.571354951834195],[0.31276581378979385,35.56023840302714],[0.3271687256114464,35.55885606262432],[0.34275771463283666,35.55466897961446],[0.35295120093147697,35.56458155551304],[0.3636842528130968,35.56056836209842],[0.37642394591739375,35.56624035834683],[0.3810435423329352,35.57964888491746],[0.3881424752508866,35.5791316615443],[0.39409533661521223,35.58004576557162],[0.39234292605921123,35.57592554122702],[0.4003113381593162,35.5689336931109],[0.4002533980232018,35.55977019918078],[0.41764386535371467,35.5695044683001],[0.42214307833748793,35.564630632986805],[0.4371925629535162,35.578899791428796],[0.44079996537949573,35.583827049696794],[0.44464821015239425,35.57649180532282],[0.44514312991516275,35.56606201745763],[0.46352352864762536,35.562222711224045],[0.4779888600115971,35.55288092893517],[0.48330413567052416,35.541010795309035],[0.49648526309674457,35.52829784639785],[0.5021839885214763,35.51465745519932],[0.5365859100385927,35.51447916745386],[0.5485764680322277,35.523245756199465],[0.5703591839936224,35.51527283274487],[0.5874375196600704,35.512811403982184],[0.5920705180815432,35.51658826837761],[0.6228873859574086,35.50358106140585],[0.6374508004840785,35.481058158598145],[0.6479787168916615,35.48862521941296],[0.6725484015058738,35.47687556517907],[0.6874997746579655,35.48288641047168],[0.6887260005521337,35.48763982272912],[0.6941081513178261,35.4890756261472],[0.7010598484479723,35.48334568981493],[0.717563027868397,35.48512485264541],[0.727520146118849,35.47423126824175],[0.7236585967285564,35.46884470644098],[0.7298344553008065,35.46363647312095],[0.7317340565195857,35.45950286524139],[0.7380213468927861,35.46059086492227],[0.7394304327019335,35.464488130395445],[0.7477154244525098,35.46775218903302],[0.7518133759770774,35.46213820577127],[0.7549838099817262,35.46408683464845],[0.7638306459467495,35.45806702253689],[0.822655115715311,35.44906412066895],[0.8289914817610069,35.44774422594501],[0.8365719769347918,35.459890827546054],[0.8419585634963677,35.45421879608671],[0.846564782115857,35.459667821211255],[0.8497709073474434,35.457995652211764],[0.847706350100713,35.45267151974034],[0.8625952414037465,35.454330307962934],[0.8653510014826304,35.45181093817267],[0.8715982211347482,35.45776831480216],[0.8810113317083896,35.479439525951506],[0.8896174186503407,35.48342592943988],[0.8979871707531173,35.507246481388925],[0.9087112569602839,35.515901599206664],[0.9059511136303939,35.52857877025778],[0.9246124600792,35.529782802024734],[0.9252635002243109,35.5333500088393],[0.9184098534546628,35.53861620728806],[0.922311579653879,35.543806612181754],[0.9360723217909246,35.54123373883114],[0.9520939045025535,35.54530939193802],[0.9480360916083336,35.55122211953437],[0.9533245692406493,35.55861534379618],[0.9530793224946691,35.5670563696075],[0.9844045506627795,35.57555546122548],[1.0107533767409682,35.57108743174685],[1.014980589251486,35.577156221593086],[1.0123095641454205,35.60226097518367],[1.0271895838099914,35.60507019754564],[1.0305517395058252,35.60065575325604],[1.0545149587424236,35.60065128472912],[1.062505688315249,35.61434515856688],[1.0621979698969473,35.63612344301506],[1.0840654071135194,35.628101502292786],[1.0941875591945676,35.63210576306641],[1.1099772925355917,35.63175790967081],[1.11098945808466,35.63571759276119],[1.1221194181997147,35.63410785044821],[1.1217582019700438,35.62287544173222],[1.1372089990594136,35.627058050810035],[1.1579081723312135,35.6295149866397],[1.1793385590488548,35.6530100036055],[1.1762484205864767,35.658048835789266],[1.186932462989014,35.66675741590118],[1.2177403303797298,35.66555343738733],[1.2209910271018138,35.68096858130415],[1.2271000149205376,35.68412114624486],[1.2565925154953184,35.69156786417924],[1.270714502022638,35.705087863356106],[1.2759494693687417,35.70588603785571],[1.278098743711893,35.725140408941904],[1.286691428993435,35.73092837238498],[1.2736752995779586,35.738776376613245],[1.275855820767245,35.76198599103831],[1.271151477186805,35.76674386683112],[1.286669167977657,35.780553692234555],[1.2753519581452002,35.78868263591726],[1.276796723251438,35.79492980829764],[1.2821922247504876,35.79332905050276],[1.2895853878081376,35.808454299037194],[1.2958459652065164,35.810746295213036],[1.3019727559518635,35.80232301600279],[1.3054820858683764,35.808565749987224],[1.3258022059689278,35.81429572499654],[1.3326915584939056,35.80535518538576],[1.3326647867004549,35.79360547612141],[1.3425640046970246,35.779572714685855],[1.373519063785867,35.7760098492093],[1.3839845435722526,35.78190481149935],[1.3914268415061728,35.79543368224662],[1.4110602607736262,35.81881280380685],[1.4270148951787307,35.828435540791716],[1.4169640983460536,35.83537389266537],[1.4084694986757242,35.83078542996252],[1.3970720518503386,35.84035472615103],[1.3980173516066596,35.83726010480142],[1.3909942912900204,35.83789771776226],[1.3898795355111808,35.84665983552096],[1.3796057330494422,35.84757393679598],[1.3875964250485024,35.84849703584049],[1.3901336966617952,35.853888052917526],[1.3677890977811535,35.86270813970214],[1.372332916280532,35.870618626487236],[1.3509114166365417,35.8912419642281],[1.340173909963603,35.89933073047532],[1.3388762974089876,35.9189240902079],[1.3300785202248204,35.92924242197815],[1.3111763373936594,35.9348609197521],[1.307412867420975,35.9435694754736],[1.3016695886072636,35.94459952088851],[1.2979595849378025,35.96253407414942],[1.2979373179648963,35.97438188113949],[1.2941381421031022,35.97342315905638],[1.2865353817248577,35.98109729945195],[1.267914149848366,35.96712250086129],[1.2548891486186606,35.96833092806376],[1.2369635722566383,35.963234104504735],[1.2313049685067425,35.96369340350961],[1.2138653795015253,35.96403228533175],[1.2073952633578788,35.955439616960774],[1.1904105622203602,35.95086016225841],[1.1904908260832254,35.948108841284714],[1.1512506770742048,35.94920131487561],[1.1347029855293058,35.967942959612905],[1.1224136770954227,35.973793310974706],[1.108737633675306,35.97528263673161],[1.1069361888923095,35.98272483212186],[1.1013533404023965,35.98123999405091],[1.0841233859371573,35.98897653344847],[1.0766009271304107,35.98714380843496],[1.076534040636436,35.99820683969657],[1.0668755952180715,36.00542611944167],[1.053105927064901,36.023017345139195],[1.0506221562184155,36.032755982690055],[1.0389883799049286,36.02548315422257],[1.0223336444591378,36.034249792685294],[1.0385246189688997,36.04387697021554],[1.0169604490788196,36.04451467115578],[1.0177585804896219,36.041531468326255],[1.000051490553317,36.03540023765145],[1.006659925348934,36.027150922596284],[0.9839541671266798,36.01763965300013],[0.9542610390167718,36.01770207219545],[0.9572352320102911,36.020390921874146],[0.9538106212816126,36.02381547014319],[0.9522945427540417,36.04314565468336],[0.9497171482939144,36.047497733957776],[0.9545374871712131,36.04600840805351],[0.944598112285696,36.068816737435206],[0.9418335096928581,36.06222617803842],[0.9356576547374097,36.062395623907385],[0.9288797690277238,36.073168818121296],[0.9234798103555777,36.07156352582351],[0.9279567707478458,36.080392564726296],[0.9256826505744821,36.09174092991194],[0.9291428623076011,36.095000584476026],[0.9167867318488271,36.095517858941314],[0.9049834986746618,36.08944902815509],[0.9454899334655359,36.126624539419524],[0.9417532164451882,36.13866409312746],[0.9342440883137232,36.130642192874966],[0.9385293028449432,36.143827717314295],[0.9324515574610871,36.148121807141635],[0.9440452060065478,36.154369046868666],[0.9313457156807575,36.160611755053964],[0.9184053386260834,36.1550423812163],[0.9214107953798301,36.17963874478701],[0.9160286417826917,36.189323901642084],[0.9164835232641932,36.197225506555306],[0.9071818492645516,36.20101128249003],[0.9123142689346959,36.21092830537081],[0.8901658790449234,36.23063754776008],[0.8581361974628068,36.22164797498013],[0.8434969403933532,36.21248454049715],[0.83974686245188,36.22222321630288],[0.8353100133009372,36.21821003073455],[0.8290271580386991,36.21907056846896],[0.8186909209754999,36.21581096140844],[0.8051129862619331,36.204288648183336],[0.7923599784437935,36.20217510537893],[0.7909955077017736,36.19862562928233],[0.7739349355517229,36.19712732872033],[0.7601027923231181,36.19678847691031],[0.7547474421605798,36.20102907312324],[0.7342222221058232,36.20126095198973],[0.7309938342035286,36.203156064011516],[0.7273864232582349,36.19896895613951],[0.7112221241885771,36.20458743489388],[0.7018758652634659,36.20470787533681],[0.699739958503353,36.21026388309527],[0.6936488753303235,36.208658595521484]]]}]},"id":"000000000000000008ea","properties":{"ADM1_CODE":375,"ADM1_NAME":"Relizane"}},{"type":"Feature","geometry":{"type":"GeometryCollection","geometries":[{"type":"LineString","coordinates":[[-0.29223164206399166,34.99801714212484],[-0.29564285902070486,34.9965857511585]]},{"type":"LineString","coordinates":[[-0.3193535280928512,34.96217867555516],[-0.322718543241201,34.95825535035971]]},{"type":"LineString","coordinates":[[-0.3126275982667496,34.95584294515374],[-0.3153521192851189,34.95435805791269]]},{"type":"LineString","coordinates":[[-0.31596298202241874,34.93939778757575],[-0.31987808113570243,34.937738986653976]]},{"type":"Polygon","coordinates":[[[-0.3150310543433968,34.96249592646414],[-0.3193535280928512,34.96217867555516],[-0.3172917633594757,34.96043132351737],[-0.3150310543433968,34.96249592646414]]]},{"type":"Polygon","coordinates":[[[-0.31337226079151015,34.95985617536649],[-0.3172917633594757,34.96043132351737],[-0.3181523677511356,34.95722080957527],[-0.31337226079151015,34.95985617536649]]]},{"type":"Polygon","coordinates":[[[0.8519156860585884,34.41776770562818],[0.9291741102097207,34.53126075524715],[0.7890557385170072,34.57815259034523],[0.7740508896327316,34.598722440640586],[0.8082700191483418,34.62141034818886],[0.7893813014095616,34.645770429685875],[0.7879989292984235,34.66536372889694],[0.7381818566561391,34.647264202114485],[0.6807888140452943,34.72096429641387],[0.6733822250737772,34.727260467833986],[0.6696232073048148,34.74073144731536],[0.6617617900733559,34.74588615213214],[0.6565981991881203,34.778611550952164],[0.6638620313531417,34.80404624541769],[0.6586404312757023,34.814418060534365],[0.665445027659241,34.823126748096385],[0.6727088677700921,34.825423164188074],[0.6711571417039647,34.835393741952316],[0.6470244784721921,34.868168123768385],[0.7210410763459358,34.90271273210852],[0.7849445070388625,34.95341274041894],[0.792743426506474,34.95748391834154],[0.7956061892091966,34.959606407551966],[0.7839947150800937,34.96768187351347],[0.7845966974050673,34.97484762928981],[0.7664079912368947,34.99467282815669],[0.7448660523812626,35.019090831275356],[0.7379723386188144,35.03713683958049],[0.7198327072743005,35.0490559973181],[0.7196855314815962,35.05369795876383],[0.7095990740452942,35.054674463593656],[0.7082167473455568,35.05886153710646],[0.6923512425941675,35.0663082851337],[0.6608744450913899,35.07061124918208],[0.6512071073251047,35.0818437470359],[0.6486832707409426,35.09290676905318],[0.6533474544093155,35.09748629123893],[0.6452229741016123,35.10012606360899],[0.6379769787857931,35.11679868219004],[0.6292147976309918,35.11714647737732],[0.6100139188016102,35.10952589038371],[0.5825146721312807,35.112678406964164],[0.5169436113311111,35.10283278072426],[0.5051582071268652,35.09916289862692],[0.4838570257969409,35.10004133048172],[0.4798527629248752,35.08347133889969],[0.4691063283772494,35.07396005574855],[0.45365107679756683,35.073447289509694],[0.45379828300275826,35.06101087454817],[0.43626509507855016,35.056145929324636],[0.43655045641903356,35.04943497855071],[0.4116062605691637,35.04047222106774],[0.38650149842154713,35.05437568671964],[0.37893887084943917,35.05546374685437],[0.37518877832816505,35.04916297714017],[0.36437099342893486,35.04474853272069],[0.34269526535226286,35.060738852061235],[0.3274496368045086,35.079021125034096],[0.2924545930056334,35.05925397091908],[0.28457981985392056,35.06121151494395],[0.2709840257630139,35.050317943466546],[0.2758444354540665,35.04539509619585],[0.24856364088066757,35.032842675023275],[0.24492949236825612,35.03582587627279],[0.22819450821964254,35.02356329783315],[0.220346455459332,35.014283966326545],[0.20813298067761865,35.01559937226094],[0.19595967654840357,35.01663384358313],[0.18984625074984623,35.02454433478846],[0.18290338800518566,35.026836272869005],[0.17634851813747263,35.035259554143245],[0.16230683032251866,35.03915676552826],[0.17299970901725667,35.05594533587189],[0.15919435520722944,35.05978907272135],[0.15218020207549046,35.074285551469],[0.14067572517314575,35.06689242973456],[0.12028872320315577,35.07067367579942],[0.11638256163572629,35.07509267769427],[0.10114580188793293,35.06999593248291],[0.09398001013813587,35.084496935740624],[0.06248095010825877,35.081968655532016],[0.05225621311101297,35.090454316119796],[0.039195522590896974,35.10306460561688],[0.0253410367610046,35.0979634077934],[1.739212024706736E-4,35.092353838624],[-0.011562449241187746,35.088229209524215],[-0.03020147036533531,35.094882166190445],[-0.07197434669779332,35.096955640921614],[-0.08279656461982388,35.09437384822595],[-0.08714421826236915,35.0999298991443],[-0.08556566622212901,35.11493924602125],[-0.09120645142281801,35.120383740797685],[-0.08837490202021663,35.1321914393975],[-0.09239254783009637,35.14393675783862],[-0.09177720805911585,35.15671208310871],[-0.10026731237752745,35.1709277258617],[-0.11490656912256494,35.16800698271209],[-0.12322283324155744,35.13459935895759],[-0.1309771842841533,35.1223948327703],[-0.1418395653282516,35.12468684754721],[-0.17741872582592477,35.122105008105784],[-0.19090303164091046,35.12360773481033],[-0.2040261742979508,35.116098587308514],[-0.20433388001454167,35.11111776652642],[-0.21396998004528633,35.109570479608585],[-0.21351510438169513,35.10046494460949],[-0.22019490015174245,35.10401439531609],[-0.2210064220339193,35.099203025823044],[-0.23293898848102673,35.10183841585576],[-0.23948051675871476,35.1056732272576],[-0.24857703156928468,35.08052388639002],[-0.25447195978399445,35.08172779365188],[-0.2536113975920227,35.065969337569015],[-0.24458616583403742,35.056458119140814],[-0.24457721575635094,35.04391017544915],[-0.22849324444323416,35.037087799181975],[-0.22606749253692965,35.03101447759197],[-0.24117046453218227,35.01164862143479],[-0.2327561756575382,35.003680162402574],[-0.23387096071615449,34.99754893180045],[-0.29223164206399166,34.99801714212484],[-0.2906442108074937,34.993602636193266],[-0.31689493190242396,34.99176990025365],[-0.3159941853422191,34.9807737696492],[-0.31707778089335736,34.969024045499914],[-0.3126676929115174,34.96747671373024],[-0.3150310543433968,34.96249592646414],[-0.31337226079151015,34.95985617536649],[-0.3126275982667496,34.95584294515374],[-0.3055643380729284,34.95687298937919],[-0.3017116931026959,34.95103154791234],[-0.3050292935117238,34.94597048606038],[-0.3152495446316659,34.94541759477262],[-0.31596298202241874,34.93939778757575],[-0.3122752835850443,34.93819831885497],[-0.3176931181408501,34.93235238001872],[-0.31774218485232036,34.924499906130244],[-0.30672373398493447,34.91790935852209],[-0.30109632048607105,34.92071864556182],[-0.296833435413567,34.910917525858295],[-0.3030137450839109,34.90335485293926],[-0.31333654076663003,34.903185388548124],[-0.31576679620260695,34.89705859994657],[-0.3288586718338282,34.892421112408535],[-0.3487462731679018,34.88846595663201],[-0.35120328103118503,34.879061722070546],[-0.34328387171710584,34.87236415199033],[-0.3457006959524484,34.870299522715314],[-0.33428095538467434,34.856775117836065],[-0.3229504209434942,34.85390792829322],[-0.314206095942146,34.857060469884864],[-0.28794198406913973,34.84485145419236],[-0.3048508752407795,34.82285027404456],[-0.30665237782815713,34.79878452611527],[-0.2927042852336241,34.794427970502596],[-0.28102594722105967,34.800269399280886],[-0.2608217719835035,34.79046824883877],[-0.2507263326051587,34.795908380761],[-0.22178232465144826,34.79103903920712],[-0.20474852126210444,34.77333190259804],[-0.21273922385815577,34.75636508733883],[-0.1988179351773137,34.74708564505738],[-0.1846424900538072,34.74736662148548],[-0.15696925057479558,34.73315990640066],[-0.13134285060842715,34.70455919981675],[-0.10777645845883611,34.69808011037129],[-0.0962318683912842,34.683405208308514],[-0.09058663770900628,34.66518979556236],[-0.07179600047853803,34.63785555869049],[-0.053727735839218034,34.61848070534468],[-0.05831166226620236,34.61246986960533],[-0.04064916548071192,34.58243779619238],[-0.038366094826275066,34.57493315188727],[-0.09299456048651096,34.5229667892314],[-0.10501631659089229,34.526520673290975],[-0.10766501301518044,34.54400037951898],[-0.11085774589732296,34.5429123869525],[-0.12409235309770088,34.57631551454975],[-0.12453825551114282,34.59585078151414],[-0.13831687490990477,34.59448629036925],[-0.16853617665152604,34.603136977399046],[-0.21012624100712246,34.62996288702432],[-0.22098409618967066,34.631679712679556],[-0.2421692900447044,34.64320197195459],[-0.24669529114208782,34.63529158457612],[-0.24281144150094153,34.60997277007479],[-0.2506282243889312,34.59822300044273],[-0.25499370635911617,34.59782615760576],[-0.2535890530214607,34.58406986688585],[-0.23746047938804654,34.564583579471524],[-0.2239627777023348,34.55678910728603],[-0.22023947938998384,34.54980167876056],[-0.2083960817420901,34.54361242780558],[-0.20721443001787793,34.5066509777949],[-0.2062958295731381,34.486023156434165],[-0.2021756283834569,34.479945362890916],[-0.19811343438142515,34.458234033105306],[-0.17707092116402895,34.47570474508593],[-0.10217583229957276,34.500216490189466],[-0.09641025668997288,34.50812693640448],[-0.08229267874587837,34.506918456507094],[-0.0751626211177824,34.4998151734279],[-0.07063213709679161,34.50026998032383],[-0.06902689320962545,34.49242198662722],[-0.059484415737109005,34.4813053807738],[-0.03253803025812875,34.46880655036727],[-0.025292054649111547,34.46651901175324],[-0.021715817934213552,34.46393720357875],[-0.02510922662237601,34.45066694890038],[-0.01707391502512006,34.44462038261646],[0.0013956963919492225,34.44233287172464],[0.012748575768312847,34.43425296485786],[0.0772538981721962,34.41608214908557],[0.0793050785306556,34.42421557867066],[0.11786738879004952,34.40249528915298],[0.12884129673449365,34.390455714087445],[0.1766383497300208,34.35487204151884],[0.1841296945394172,34.340371074532534],[0.286185138831811,34.331479620698516],[0.419137696440155,34.41019165693458],[0.49402826649531434,34.346752027907876],[0.5034369732782278,34.32234292670116],[0.5102058651829938,34.32308754678508],[0.5180227229505079,34.330761666741445],[0.5624665702967158,34.34948995519528],[0.5751749697679447,34.351728380767526],[0.576717853869037,34.35825654166593],[0.5970067528537417,34.367482387210465],[0.6081634215040169,34.37492913088593],[0.6375221046156948,34.39005440815241],[0.6651373244750697,34.41434311039372],[0.7199129259162577,34.444419762521015],[0.7473676445463253,34.433530630311324],[0.8519156860585884,34.41776770562818]]]}]},"id":"000000000000000008eb","properties":{"ADM1_CODE":376,"ADM1_NAME":"Saida"}},{"type":"Feature","geometry":{"type":"GeometryCollection","geometries":[{"type":"LineString","coordinates":[[5.575722413059087,36.52933488626023],[5.574125995536293,36.531283522031295]]},{"type":"LineString","coordinates":[[5.358118252066575,36.510339100359005],[5.356080410417382,36.51211378542828]]},{"type":"LineString","coordinates":[[5.0251616433973725,36.52654341801505],[5.026633176335451,36.52929468995158]]},{"type":"LineString","coordinates":[[5.124737848818284,36.21217685103102],[5.117246518427302,36.210798993991595]]},{"type":"LineString","coordinates":[[5.11702360244263,35.972776573242605],[5.114811900530936,35.97117132722702]]},{"type":"Polygon","coordinates":[[[5.966678529464062,35.89361861552653],[5.967655106019446,35.90808841395731],[5.99921214385224,35.918973080175725],[6.026162927751404,35.94206231477404],[6.011416652845317,35.9536917035295],[5.98992825646444,35.95897121625037],[5.994097534448731,35.9731778943629],[5.989571516357477,35.97948312740161],[5.9909404705211005,35.98189103435576],[5.982588595564212,35.98303703145396],[5.9730773400680475,35.99031425567288],[5.994543472968921,36.0037406132288],[6.006930832310293,36.01306017435551],[5.9987082255084525,36.03198903601495],[6.003943240196811,36.041580557512354],[5.993937026434077,36.05727660585084],[6.000237748417222,36.065971854621246],[5.989446686057319,36.087299676330495],[5.997058414468144,36.09422021976466],[5.964600563724521,36.106768161519035],[5.915996345801198,36.11204324864342],[5.920981688966679,36.147907825278715],[5.917129023467316,36.14815308490998],[5.916941719958623,36.18445904355934],[5.922622577915038,36.190871283769035],[5.9461354341984896,36.196886604136274],[5.95109842667848,36.20760176776434],[5.96451143589726,36.203347840970444],[5.953533100397275,36.21447772713634],[5.9443339332288145,36.21934703569594],[5.949930114828899,36.21974834875822],[5.9492925041183655,36.22468018804282],[5.94393714577891,36.22262007449407],[5.938742300480616,36.23659935170313],[5.92901697313566,36.243711605407874],[5.916669711810338,36.24267704695589],[5.90183870199059,36.253450276902434],[5.895132252832967,36.257574947555355],[5.895381927527868,36.2685755403183],[5.887132656193289,36.27941112150978],[5.886860621401894,36.286287106937316],[5.874959316041955,36.298036821515524],[5.864141478021382,36.29792090309408],[5.862201753091533,36.31017898792547],[5.868498014841884,36.31728674068195],[5.873563590430386,36.31642618049259],[5.866808027602719,36.328403304536565],[5.8708435085177735,36.343127224850654],[5.83717285202907,36.341816309734],[5.804866679011912,36.36147200641767],[5.814988802183193,36.37797514893003],[5.807903313144182,36.379410993575036],[5.817592981895642,36.389207617062254],[5.812652249569425,36.41344281346406],[5.787699126468738,36.424617307828484],[5.768681093464142,36.42725714040925],[5.768275254516004,36.43161368549251],[5.775824568294751,36.43339280016293],[5.766206226304001,36.4412453025546],[5.763116082757678,36.446569499962855],[5.75884871795487,36.44496419169088],[5.754710664372196,36.45195604599451],[5.757426277342071,36.45395821709064],[5.7479908483367845,36.466858414619374],[5.7491056481323985,36.47682451037735],[5.754652712281929,36.47883109927646],[5.755642647826224,36.48324561447797],[5.767312121634037,36.49115156315042],[5.763303388857093,36.49229757353189],[5.76681271361349,36.49648018090773],[5.760828584170407,36.49911556082844],[5.7642041545221625,36.5310382193755],[5.748499180309452,36.548170078018565],[5.738742697022089,36.55951404424542],[5.7307029135413945,36.55080541423635],[5.7166389008410325,36.5467431739213],[5.692238716718052,36.534819522387615],[5.678696370312994,36.52897812327292],[5.661399564142303,36.5310427169745],[5.654679717317764,36.52834937748943],[5.651830312513208,36.53367803694685],[5.644214199559454,36.53580053684987],[5.6432866935126755,36.5480674975087],[5.623804895330342,36.55007412843621],[5.621709065448231,36.556490758918656],[5.606945013312085,36.5438314166971],[5.591026006808941,36.54486588216166],[5.592234441533947,36.536959887024736],[5.581461284338073,36.52887556243284],[5.575722413059087,36.52933488626023],[5.569889873893359,36.52085364028069],[5.5599237823821595,36.52429605526452],[5.5240235345223745,36.525098698252094],[5.5117520838804115,36.53782048431713],[5.518561197066295,36.55014544732516],[5.513910350512807,36.55529571553823],[5.520706025134656,36.55982614723588],[5.513812209367585,36.570603821694874],[5.517526638480109,36.579539912212056],[5.50899196904504,36.58779366852912],[5.5077121723563005,36.597336135354254],[5.488484503065486,36.59341210419107],[5.47431795740093,36.598281439095395],[5.471901100143013,36.59565061478565],[5.477969951601647,36.58726747269311],[5.473573283011594,36.58234910527495],[5.483802449447553,36.57720327148093],[5.479548465402568,36.56974320006818],[5.465747538508261,36.563442512520545],[5.460490278721611,36.54041129616973],[5.441940425872433,36.53519859327665],[5.433963135242174,36.5251075964834],[5.3929616545940755,36.50947404735369],[5.386843777468587,36.51445926779019],[5.378759465816906,36.515038948275674],[5.3765967913202495,36.518762303073856],[5.358118252066575,36.510339100359005],[5.344214762641932,36.50146097402997],[5.34504413788761,36.49160191260415],[5.349048469814675,36.49120511638049],[5.353677021779459,36.47464394971055],[5.34670739408898,36.46358538779007],[5.333245401160233,36.46135137861885],[5.340460175196132,36.45768159353538],[5.341030985692257,36.45344540516405],[5.332808413002525,36.44931625637303],[5.326605789332711,36.448116803213146],[5.323413092453332,36.43745957305772],[5.315846006045913,36.43826216666395],[5.312974352947202,36.42588373739793],[5.299873484043299,36.415057039630334],[5.296101055705464,36.41969896513586],[5.290081251549183,36.419574059541965],[5.303177652866655,36.40977298144555],[5.296266057374857,36.40934933336643],[5.309059237460168,36.403311721537925],[5.312853896150485,36.392297791889554],[5.310833929128733,36.383022825007096],[5.300279276904486,36.3903045238965],[5.288333355530592,36.39047401163282],[5.272931607817436,36.37752479167456],[5.279825323460793,36.372428029706185],[5.262203003978437,36.368472808288594],[5.256374917226624,36.371339981936806],[5.24315814320201,36.36744717234365],[5.243354384724862,36.376499192032156],[5.232487539258233,36.377413297067704],[5.227421974856445,36.36509724861222],[5.2047028852337345,36.36504374697045],[5.194366658612536,36.363157570737194],[5.191628782112027,36.37937084263048],[5.201849065497368,36.383553493348046],[5.1921282180262605,36.392953212273206],[5.197813530895267,36.398504812231714],[5.191401354745853,36.402179169749324],[5.175076642068967,36.3930647628646],[5.170332167897363,36.39237798578693],[5.169342197503994,36.40326715580396],[5.165877476762799,36.4077930963014],[5.184824185598459,36.420684425555685],[5.186491947274505,36.43959541280916],[5.183210038168759,36.45019469673788],[5.189729230305847,36.4538645443576],[5.187089401976589,36.45896129253406],[5.190518480292507,36.46246171206182],[5.175709788484575,36.46681376582109],[5.171299794886338,36.4719150003076],[5.177912565860469,36.49351932927167],[5.1753620186527405,36.495579493526876],[5.191165012744102,36.51379937563541],[5.2014120439293645,36.522565949721546],[5.179098705987239,36.543028784947836],[5.17295410916166,36.54869628100123],[5.170488212549784,36.54554370976616],[5.166350190260071,36.55379749517554],[5.156816556024985,36.55265596169676],[5.1552425031568205,36.55867129270847],[5.145860586991238,36.56303229928061],[5.146052357316345,36.56795510382687],[5.113255628426013,36.571794433039564],[5.105902609348777,36.578157532738366],[5.099931806929172,36.57959336488679],[5.103182511264077,36.57076437505953],[5.098192759685597,36.563607469132734],[5.081408723954634,36.56767867626202],[5.084989366668749,36.57420682554014],[5.080811191021733,36.58033801807048],[5.0537534248170255,36.56802204988026],[5.056076613501095,36.55885413284003],[5.0648654947559795,36.554154204069036],[5.060682853770543,36.55312413622257],[5.06161922116769,36.54492836108621],[5.052977514655607,36.52493370149393],[5.0433636595743865,36.523671790002055],[5.028109113388314,36.51519507765463],[5.022660046525227,36.51949365614693],[5.0251616433973725,36.52654341801505],[5.016073996209032,36.52551341133586],[5.005162542056168,36.53009287345932],[4.991245727727774,36.5287774657419],[4.991745139290158,36.51795080169377],[4.974359101380841,36.51061553825577],[4.929950900539907,36.52053707935496],[4.92872911465516,36.51778580292103],[4.91763490872912,36.518873816900125],[4.920020506526488,36.52660589661581],[4.911722134209698,36.52769838324136],[4.909224974894722,36.53704016887607],[4.877801736362637,36.535100460071334],[4.869289315338192,36.53853401502086],[4.867050808738326,36.53610373707582],[4.857526195144578,36.53749054541037],[4.866792242234507,36.516996515607964],[4.853232052054519,36.51659078448268],[4.846614795347211,36.50891216789776],[4.859283101067213,36.503186652136066],[4.862359838476097,36.495325263996335],[4.849308046444702,36.48508273785975],[4.832416967366049,36.478376287237424],[4.834249722809965,36.47562944623634],[4.82853311234791,36.47516126299584],[4.8275075607288835,36.47951774945146],[4.819989512596533,36.479633749417566],[4.813349901887078,36.47494274419883],[4.790938416250005,36.47012688987271],[4.778430690610427,36.46342484841664],[4.774881223842646,36.46251072550303],[4.765695440664062,36.455920222986514],[4.76508453688921,36.44978894447445],[4.752014970695081,36.44566431909022],[4.750842203727579,36.43827998513413],[4.743087834209812,36.44079498293724],[4.739163840757403,36.435408334053704],[4.7308743368528585,36.431845542887906],[4.763399036969697,36.42608883804541],[4.764513771032796,36.41707701554164],[4.788445827571733,36.40637517621887],[4.792619542776922,36.396814838697445],[4.791812405955895,36.389738250711744],[4.788294164088534,36.38922094478747],[4.792583817317113,36.382345048346885],[4.790933990220563,36.35769957576054],[4.781841858337312,36.35506875554928],[4.781471793949657,36.342864123374305],[4.778359337129387,36.34332347092313],[4.773445414534501,36.33232288951452],[4.7780070751194055,36.33048570535548],[4.775746267249788,36.32727962978461],[4.780486311098921,36.32562084581774],[4.783540804244975,36.317652444953275],[4.799330490904206,36.313808663484224],[4.810340009784798,36.29644492735173],[4.809425878865663,36.293470729779386],[4.815900468712939,36.297136102894505],[4.8316722869277475,36.29524099275215],[4.8523714909942,36.303084515933975],[4.853223190011517,36.30584026125057],[4.875251086702077,36.297586459829475],[4.8968064267360525,36.29821519285036],[4.911111200209868,36.30445344407523],[4.945080602946708,36.30198757293536],[4.974073709477574,36.31046881737199],[4.98380346849096,36.32404225926467],[4.9931363920259795,36.326334295627504],[5.025830495579464,36.30839980706785],[5.050177227833166,36.3109681834543],[5.055269462322094,36.294523024203755],[5.059532390087995,36.29446952227528],[5.064825305360073,36.28758915562997],[5.075589621591203,36.28867269126598],[5.08298723921509,36.27125989537247],[5.076918443938835,36.268450671594486],[5.082541360587878,36.260201322390174],[5.080039754460543,36.25670543605613],[5.090309066999046,36.24518313684068],[5.106945998775492,36.23898943983389],[5.1093984808953525,36.230169330111885],[5.112939005390596,36.22460884666985],[5.115431654870771,36.226156129717744],[5.124737848818284,36.21217685103102],[5.1337452152037075,36.21847752411844],[5.149842559224976,36.207699871759196],[5.1491915650827424,36.19979390222704],[5.157039549052539,36.20443580117416],[5.162894324446046,36.19910723104433],[5.162524275855955,36.18661283132138],[5.157833277687275,36.176129475650555],[5.161494183397358,36.17200476439456],[5.16004053331318,36.16472754534182],[5.165841830457626,36.14816642741842],[5.1739439833272165,36.13939982369071],[5.166100425812964,36.135101306375994],[5.1624172637590195,36.12558552646418],[5.165315652220634,36.12283877438419],[5.153775489552099,36.11877208009046],[5.167326661232115,36.106906415485795],[5.184204388956247,36.10054765502746],[5.192672237204646,36.09361376877966],[5.186536521349567,36.08919927241474],[5.198598355009887,36.08002687907817],[5.1866167547726905,36.0721833142189],[5.181319363082117,36.03682715086774],[5.175963972174407,36.02530038113232],[5.163246632676431,36.02737829741635],[5.140647880095167,36.010647738595424],[5.14021538511165,36.00566690376688],[5.126592846628157,36.000222354611985],[5.121117001440469,35.990764624599166],[5.128073230962943,35.99139334484393],[5.126878217952116,35.98601123176784],[5.11702360244263,35.972776573242605],[5.126900481587611,35.95294702555645],[5.116345796966335,35.93088339697332],[5.129290533769391,35.92509545206935],[5.1292013960047305,35.90349555844651],[5.1218617285141885,35.90097620562957],[5.114276735879503,35.90298278064978],[5.124376636212276,35.88716630315772],[5.119774816040056,35.88023240232561],[5.12330644906594,35.866480523044906],[5.11946268816072,35.86493322089811],[5.1336114583317505,35.85719669439805],[5.098072358752689,35.845625327314984],[5.079732136150026,35.84493860491664],[5.046605466304,35.853852386303096],[5.033785502381942,35.84832759486341],[5.031957288654857,35.8431148907404],[5.0366705511269805,35.84093439724614],[5.031484666463677,35.8256396598169],[5.0385968836796,35.8166947344675],[5.033990625465475,35.80970725461057],[5.0364565270719845,35.79343155581147],[5.032336325951703,35.786270288394526],[5.042311363070438,35.78787103173001],[5.041272344790002,35.77395419622858],[5.024492799180998,35.76329246650964],[5.037968208487025,35.76121898144712],[5.0513053459066315,35.753206009542154],[5.055073314580364,35.74617846328958],[5.090496358191636,35.72815926489313],[5.093497392939765,35.71962454319664],[5.1053006045877085,35.72701329777539],[5.116189742269628,35.720819607835466],[5.145824873717382,35.72674121556009],[5.1676610936681024,35.707174681758715],[5.163652410447149,35.701444802141594],[5.14847360293463,35.70018731512889],[5.149285188780298,35.685922617240436],[5.177217001371385,35.652510584818785],[5.257833098631094,35.65170348241353],[5.259108410224499,35.6468876695753],[5.2922974561378275,35.633702123745714],[5.3100937496860405,35.64131823137804],[5.3529991958411935,35.624413778757734],[5.389599533846602,35.618706158935225],[5.413272893308969,35.64257128559894],[5.42973142076725,35.686114363066686],[5.42823762844171,35.70308125157351],[5.421397353594345,35.70004457705054],[5.421852195917711,35.71889325999703],[5.420179982596026,35.72519844225743],[5.427689136227512,35.732645114099256],[5.4373965839622125,35.73063849153401],[5.440375324597029,35.73556580652684],[5.460775715925919,35.73974398365551],[5.47319426988364,35.749023348896344],[5.471883261864834,35.75716567179089],[5.492885657918711,35.765932266357005],[5.522748292282898,35.76105401746559],[5.528313189845393,35.76534811995644],[5.523372539418452,35.76546412399724],[5.524928742813064,35.771082548304136],[5.527385750204158,35.769762653947446],[5.527180615321118,35.77663855707471],[5.537976075168615,35.78809844926985],[5.559740965009229,35.778810188306686],[5.573760352959698,35.78156144650252],[5.616170909285971,35.762819860387104],[5.645529628852191,35.74843029798391],[5.660744076621836,35.753246159286746],[5.66437374549284,35.7672254589296],[5.681340674350428,35.76688204957611],[5.6800563980327965,35.76136618775105],[5.694651087084537,35.75449919305992],[5.70841633912429,35.76790771065222],[5.721691057563174,35.77386504025319],[5.716861886178968,35.788874403375395],[5.722944101992121,35.79684277442875],[5.736718245953522,35.79449286086455],[5.74229212120794,35.80744209570579],[5.732031673936668,35.825889398681866],[5.716558655241678,35.81964666333401],[5.697785853878069,35.8230266608264],[5.687284608178724,35.82418156934824],[5.680270495668947,35.83036632371197],[5.684854393769233,35.86681056825039],[5.693794894735894,35.86950829840918],[5.7055847459011995,35.87740540021087],[5.712304669188929,35.88009869727423],[5.708550063505995,35.88313526648388],[5.725035406690118,35.89396649273802],[5.752061965832318,35.90169857716951],[5.756842150880446,35.909546529371944],[5.751107775206271,35.91398781232325],[5.809455115465464,35.924645051262985],[5.861037980396086,35.88816075213505],[5.8933709436734265,35.84661526199226],[5.938867106990676,35.82718247365437],[5.938398922658609,35.85309435708613],[5.92872266197504,35.859560075873006],[5.92058924600726,35.86362676563005],[5.922332731040598,35.8759517166085],[5.947794262313743,35.88167718277048],[5.966678529464062,35.89361861552653]],[[5.091851913605961,36.261454328368494],[5.091798434544245,36.26621225799592],[5.084539022827628,36.2649012349032],[5.082541360587878,36.260201322390174],[5.091851913605961,36.261454328368494]]]}]},"id":"000000000000000008ec","properties":{"ADM1_CODE":377,"ADM1_NAME":"Setif"}},{"type":"Feature","geometry":{"type":"MultiPolygon","coordinates":[[[[-0.3172917633594757,34.96043132351737],[-0.31337226079151015,34.95985617536649],[-0.3150310543433968,34.96249592646414],[-0.3172917633594757,34.96043132351737]]],[[[-1.0081403518597578,35.096193183777935],[-0.9899605373274976,35.083422263507934],[-0.9830712838279053,35.087488951079216],[-0.9753748466066118,35.079070162447486],[-0.959638665027905,35.077179568185095],[-0.9429437876113426,35.06737399603108],[-0.945659424673741,35.05866531733755],[-0.9154132819067144,35.05654279175348],[-0.937606232947408,35.0031985698612],[-0.9568606581319019,34.98446147198535],[-0.9720706374701711,34.97810277509875],[-0.974817442307917,34.97358571509889],[-0.9479513410074998,34.93546489563688],[-0.949106310731691,34.92646638356956],[-0.9453249607522264,34.927157582307636],[-0.945101986319449,34.92239969898384],[-0.9482768629719361,34.92303291919934],[-0.9550234806886102,34.91064102759035],[-0.9476169312734294,34.901660385181415],[-0.9250450047832397,34.91437330128495],[-0.8936974650200962,34.901424036977716],[-0.8965112212947499,34.8932282581645],[-0.9242690640592999,34.876903461094436],[-0.9305786879573815,34.85667700822609],[-0.9272120941097665,34.854960242641106],[-0.888988703042653,34.8762123597304],[-0.8758967358187584,34.868070010498755],[-0.8736583151140366,34.85724327096562],[-0.8830982388917951,34.849604883805654],[-0.8792009803020654,34.847388663140684],[-0.8887924497009428,34.83243289196234],[-0.8813279550232705,34.822859139369655],[-0.8802309879471394,34.8111139191194],[-0.8956550363697451,34.78138508896796],[-0.8945402906803323,34.76052096880666],[-0.8876776729316295,34.75863030357335],[-0.8907589551582602,34.750434419578404],[-0.8928769984699629,34.74247497786695],[-0.8374637687923088,34.749511395644326],[-0.8231768121636929,34.74355408668791],[-0.8178749415629878,34.748994174954575],[-0.8055366402497768,34.746755699670025],[-0.7965827530925726,34.752258214094795],[-0.7818855249214666,34.754657221065976],[-0.772115631920081,34.73558563973571],[-0.772824608591224,34.7259540128584],[-0.7674648177213248,34.716041382727425],[-0.7812835828689423,34.728821205969204],[-0.7922574019830184,34.712260069191025],[-0.7896800085704888,34.69512818606648],[-0.7794598125551226,34.69059776673168],[-0.7989282432419565,34.66579629995698],[-0.803538955087957,34.661836555942976],[-0.8055589341285386,34.65444788423438],[-0.80173298999772,34.65278463244847],[-0.8109633460406893,34.63210328534342],[-0.8201044862739881,34.61387891897282],[-0.8258031952429494,34.61095827002097],[-0.8237698586062221,34.60505439278205],[-0.8367547523386711,34.58935833974042],[-0.8347481922708493,34.58700390245482],[-0.8638571780861358,34.56792794730624],[-0.8732748309457306,34.57137034550781],[-0.9118014785290268,34.54461570447123],[-0.867272886027707,34.53732511837957],[-0.8624169313656397,34.52420639756501],[-0.849552379187688,34.50678474831165],[-0.899070712717181,34.47109403203251],[-0.9003504457371082,34.462559390087904],[-0.9145125765824392,34.4465734626834],[-0.9433585283515923,34.430302227775734],[-0.9444911445959745,34.42273508488808],[-1.0190829696191022,34.38630872400898],[-1.0278406437690408,34.384128198829856],[-1.0799809190050538,34.341503685200045],[-1.1173838269517575,34.29355053119562],[-1.130382144851114,34.282532075510275],[-1.1013979580806585,34.26231446791352],[-1.0781794066288148,34.22001097982011],[-0.9796645019601077,34.2828130204931],[-0.9725745570455753,34.26625184478466],[-0.9700997157520861,34.25771717708655],[-0.9511708208463265,34.24367545941758],[-0.9460919000394952,34.25318674879972],[-0.9417398828267194,34.25043543500019],[-0.9354970925845786,34.260178554364124],[-0.8992579899931785,34.24848235996346],[-0.8847213333178298,34.23696006186916],[-0.8556167890084607,34.23741489954459],[-0.8409017580599897,34.24543679223345],[-0.8179329087576354,34.23970684526998],[-0.7957221327061654,34.22772526992569],[-0.6076684910408505,34.3284384750126],[-0.5970156387995925,34.313727976477956],[-0.5594744933586451,34.29888357767726],[-0.5389358904467013,34.297135645702866],[-0.5204484698506238,34.289216257866904],[-0.5075259356012611,34.277265858419995],[-0.504676591439663,34.25986203552721],[-0.4939123272844031,34.24639106504051],[-0.4878256706363741,34.22412676492213],[-0.48911436979373213,34.21351411932333],[-0.47864885471007707,34.18998786961867],[-0.4766555789464328,34.14186524298235],[-0.44622669263435355,34.096654401373044],[-0.42843486831320415,34.06524451755785],[-0.4130420477121368,34.055198132784575],[-0.3993436915571607,34.00980901675323],[-0.40220644455157817,33.99355109687235],[-0.3941488833227555,33.978733494175366],[-0.3857657220218588,33.97673587174732],[-0.3875271098996268,33.96212785285919],[-0.39819772855114005,33.94963786931529],[-0.3914288027457314,33.940099851558685],[-0.37455113008322255,33.937905967620026],[-0.36874983979822396,33.926107166479106],[-0.37288342281000914,33.918009503035286],[-0.36690820269009067,33.91092840968773],[-0.35448960719478695,33.91656470579846],[-0.3529556525007659,33.927823916431905],[-0.3606298318237987,33.939881394107275],[-0.3530002400210545,33.95508686044708],[-0.3321093971805291,33.96522246189388],[-0.31303779926559816,33.95403904888386],[-0.30058356517717044,33.96663600437976],[-0.2893778390694614,34.00813237576405],[-0.2633456109163413,34.035029639601255],[-0.21277048771585796,34.067897713048104],[-0.18489663840200551,34.07368114110128],[-0.16128569595905354,34.088690506463394],[-0.14113503009243292,34.09631107748614],[-0.13466042066847222,34.092757181432184],[-0.11579838068838394,34.092181976084206],[-0.09406916330233382,34.08472636749901],[-0.07672777105285185,34.089314747929905],[-0.01084449973689039,34.20006098452631],[-0.00809324394967179,34.20951431955302],[-0.0010568085234806408,34.2142141759194],[0.01808168898054523,34.213300099710295],[0.02648707944289225,34.21696989829725],[0.03566392008911989,34.23690205253265],[0.020101658848192525,34.286014593511226],[0.024132663517134792,34.30612514556003],[0.020560948693103376,34.32016243625597],[0.012369518012305057,34.333285585004276],[0.01436278042414057,34.36084727168373],[0.0032952459372535526,34.37191026366309],[-0.009925945423929834,34.39873179877199],[-0.016788485921962738,34.41248364372603],[-0.01795235247082675,34.424398368807616],[-0.024556262590999158,34.43431539750549],[-0.023173923064743137,34.4425112527803],[-0.02510922662237601,34.45066694890038],[-0.021715817934213552,34.46393720357875],[-0.02691070457735205,34.469256889866905],[-0.0424461750795254,34.472708231450135],[-0.0617674615329768,34.48399871394249],[-0.07063213709679161,34.50026998032383],[-0.0751626211177824,34.4998151734279],[-0.08229267874587837,34.506918456507094],[-0.09641025668997288,34.50812693640448],[-0.10217583229957276,34.500216490189466],[-0.17707092116402895,34.47570474508593],[-0.19811343438142515,34.458234033105306],[-0.2062958295731381,34.486023156434165],[-0.20763360860434443,34.52755964469388],[-0.2083960817420901,34.54361242780558],[-0.22023947938998384,34.54980167876056],[-0.22427049835833424,34.55948236115826],[-0.2433420531824519,34.570661367882956],[-0.2535890530214607,34.58406986688585],[-0.25499370635911617,34.59782615760576],[-0.24627612059420914,34.60440780034107],[-0.24281144150094153,34.60997277007479],[-0.24669529114208782,34.63529158457612],[-0.2421692900447044,34.64320197195459],[-0.22098409618967066,34.631679712679556],[-0.20204631591009692,34.62554840033382],[-0.16853617665152604,34.603136977399046],[-0.13585542404831003,34.59585970849231],[-0.12453825551114282,34.59585078151414],[-0.11976250698814665,34.56331278175899],[-0.11085774589732296,34.5429123869525],[-0.10766501301518044,34.54400037951898],[-0.10501631659089229,34.526520673290975],[-0.09299456048651096,34.5229667892314],[-0.038366094826275066,34.57493315188727],[-0.041295737349350756,34.58838622610121],[-0.05831166226620236,34.61246986960533],[-0.053727735839218034,34.61848070534468],[-0.09058663770900628,34.66518979556236],[-0.0962318683912842,34.683405208308514],[-0.11124562670947875,34.700488063799405],[-0.13134285060842715,34.70455919981675],[-0.16642257808884825,34.73951861235751],[-0.1886110405510714,34.74788382140718],[-0.1988179351773137,34.74708564505738],[-0.21273922385815577,34.75636508733883],[-0.20474852126210444,34.77333190259804],[-0.21769775741477426,34.78490774453475],[-0.22178232465144826,34.79103903920712],[-0.2507263326051587,34.795908380761],[-0.2608217719835035,34.79046824883877],[-0.28102594722105967,34.800269399280886],[-0.2927042852336241,34.794427970502596],[-0.30665237782815713,34.79878452611527],[-0.3048508752407795,34.82285027404456],[-0.28794198406913973,34.84485145419236],[-0.314206095942146,34.857060469884864],[-0.3229504209434942,34.85390792829322],[-0.34025616042332635,34.86192981457253],[-0.3457006959524484,34.870299522715314],[-0.34328387171710584,34.87236415199033],[-0.3520103515578684,34.884167361644586],[-0.33727303733710284,34.89287599864482],[-0.32468050728250725,34.89264852789855],[-0.31314036811916857,34.89832052787875],[-0.31333654076663003,34.903185388548124],[-0.3006236474711281,34.905361478704506],[-0.297083155636711,34.91584484494253],[-0.30109632048607105,34.92071864556182],[-0.30672373398493447,34.91790935852209],[-0.31774218485232036,34.924499906130244],[-0.3176931181408501,34.93235238001872],[-0.3122752835850443,34.93819831885497],[-0.31596298202241874,34.93939778757575],[-0.3152495446316659,34.94541759477262],[-0.3050292935117238,34.94597048606038],[-0.3017116931026959,34.95103154791234],[-0.3078384846652264,34.95842475363305],[-0.3126275982667496,34.95584294515374],[-0.31337226079151015,34.95985617536649],[-0.3181523677511356,34.95722080957527],[-0.3172917633594757,34.96043132351737],[-0.3193535280928512,34.96217867555516],[-0.3150310543433968,34.96249592646414],[-0.3126676929115174,34.96747671373024],[-0.31906650715956786,34.970861192321685],[-0.3140901828264777,34.98496088572945],[-0.31689493190242396,34.99176990025365],[-0.2906442108074937,34.993602636193266],[-0.29223164206399166,34.99801714212484],[-0.23387096071615449,34.99754893180045],[-0.2327561756575382,35.003680162402574],[-0.24117046453218227,35.01164862143479],[-0.22409660010671806,35.03296313554469],[-0.24688260899277523,35.04539956847796],[-0.24458616583403742,35.056458119140814],[-0.2553727200598795,35.068207800776214],[-0.25447195978399445,35.08172779365188],[-0.24857703156928468,35.08052388639002],[-0.23948051675871476,35.1056732272576],[-0.2308030525293062,35.09971584962097],[-0.2210064220339193,35.099203025823044],[-0.22019490015174245,35.10401439531609],[-0.21351510438169513,35.10046494460949],[-0.21396998004528633,35.109570479608585],[-0.20433388001454167,35.11111776652642],[-0.2040261742979508,35.116098587308514],[-0.19090303164091046,35.12360773481033],[-0.17741872582592477,35.122105008105784],[-0.17557266644070182,35.14102491708153],[-0.1842589472509319,35.17661302445404],[-0.1979261370140313,35.18268635543044],[-0.21280168005664554,35.18165625736086],[-0.21273922385815577,35.2038893602604],[-0.21681039059455814,35.20721587332047],[-0.20300951823263522,35.22193535126613],[-0.19310584748015514,35.22018290394766],[-0.19166110020411808,35.229043124296005],[-0.20093602013800638,35.24388306290848],[-0.14965187015812031,35.27017833723949],[-0.13559681409696925,35.26983058209546],[-0.13037072268991537,35.27298310334684],[-0.15363383390404226,35.286623488932804],[-0.17559939750719802,35.28662799519778],[-0.17626825196669269,35.28049672087858],[-0.18035724956343221,35.28009090972383],[-0.1839735624144163,35.26960760441173],[-0.2048065299045723,35.266637855037295],[-0.20406630035830253,35.26193345869247],[-0.22089493605502347,35.254544707942635],[-0.2201101782733827,35.2508793365573],[-0.23276061354675331,35.246348890781626],[-0.24316814120259136,35.26159461284184],[-0.2432573524380903,35.26870241874904],[-0.22611658721207703,35.28582979090835],[-0.22583561765011312,35.28869702617917],[-0.20351333686104428,35.287720446883654],[-0.1921069961663432,35.2944804582593],[-0.18842378909646862,35.29997856061197],[-0.1818332431665845,35.301588287823414],[-0.18190008167446764,35.313556523168636],[-0.17091288029998178,35.33051891793348],[-0.16579383731734224,35.33595901534294],[-0.16446057484352433,35.34014610761925],[-0.1726251435625061,35.33996774997765],[-0.18016103128760044,35.35400943039206],[-0.2126500826538537,35.35390246209158],[-0.2247386678080395,35.35820097729917],[-0.2392084710235403,35.35579754516048],[-0.25803036002524166,35.36914812943011],[-0.28882043633868737,35.37465505838944],[-0.2934668493024188,35.37144896344212],[-0.2981265775595121,35.37815106706213],[-0.3113701248301972,35.396032036804534],[-0.34611985797902295,35.37002208776953],[-0.3464097349386282,35.36131345898346],[-0.3692224735423695,35.37111010638841],[-0.37597802244768447,35.36767661386191],[-0.3833087784301709,35.37116803976426],[-0.38529310486828083,35.364466011787535],[-0.39374308015810333,35.36584389086122],[-0.39978513558596274,35.36235241805881],[-0.40194340161082476,35.3672172968136],[-0.4212468196523913,35.3657323969351],[-0.4266824404218746,35.37065977536469],[-0.4257772308745433,35.38905800585143],[-0.4096085994002722,35.39930946970146],[-0.414219292697133,35.419420002179066],[-0.4085963612704631,35.42561370595578],[-0.4023045738931575,35.43890184457188],[-0.40390983210556713,35.4443464139882],[-0.41039781517838425,35.446187952457905],[-0.4070400904883465,35.44829715764608],[-0.4178846465869917,35.454089526678295],[-0.43369218733723985,35.45936017658543],[-0.44110766724226347,35.45558335933988],[-0.45092213860278385,35.44188498491478],[-0.45890836968776494,35.44074785648374],[-0.4670685281513715,35.4334082110324],[-0.47376610507094663,35.436212972909104],[-0.47551406788337763,35.43174945879869],[-0.4852259933402966,35.43003267665031],[-0.5237035569576414,35.44250478163728],[-0.5358680384354472,35.42367396008071],[-0.5354309885060898,35.41720384026908],[-0.5494771989360768,35.40087016687899],[-0.552794774587047,35.40133386844707],[-0.5546541810122966,35.38746608364847],[-0.5412546276633265,35.36625860114229],[-0.5517156572258914,35.36305697363231],[-0.5621187317978863,35.36964306839647],[-0.576419063436851,35.36294101333131],[-0.5793754397711263,35.34781573302364],[-0.6022194580129693,35.34701755270639],[-0.6118956502283704,35.33619088126917],[-0.6133895065018365,35.350682967436676],[-0.6210190166896544,35.36214286756585],[-0.6285014037370438,35.36019865333102],[-0.6446076630949061,35.36409596115127],[-0.6708583694796302,35.35224367438694],[-0.6786840683748965,35.34777117872992],[-0.6850338233608853,35.352243618958475],[-0.6966943741509503,35.346228331889165],[-0.7327016139495118,35.34078825433919],[-0.7426231697544486,35.34428419450006],[-0.7551487388225526,35.34073469368043],[-0.7539715503835924,35.31993301040008],[-0.7641918430880256,35.30704175867208],[-0.8044797646847511,35.29438233135598],[-0.8135630098417644,35.30211446489757],[-0.8204835471927617,35.30029069905017],[-0.835604334748729,35.31730659822195],[-0.8428325201632917,35.312035920812725],[-0.8557861988912272,35.300580495346665],[-0.8687087221982007,35.2937581084894],[-0.8681735687589324,35.288086128685805],[-0.8771096165749058,35.28161590955193],[-0.8802042880282849,35.273246257813405],[-0.8788263922161133,35.26080982410351],[-0.8837313748290478,35.26138504616429],[-0.8849888721543476,35.25680547569241],[-0.905050398189626,35.26941138262967],[-0.9099508850140107,35.26626329598634],[-0.907806112683426,35.259552297084156],[-0.9051039033211563,35.23743959927311],[-0.8954276016177869,35.230447727395386],[-0.8893766281614722,35.20649794692131],[-0.8998019942215424,35.20265861653864],[-0.8980004901313517,35.19274603534652],[-0.9095317500949937,35.18816207127002],[-0.9291473783199521,35.185067454362226],[-0.939751109242848,35.18008219966902],[-0.9411735359201722,35.175498276667305],[-0.9500070478990235,35.17573016902817],[-0.9595361045999149,35.171899781431286],[-0.9499311840790381,35.16335166738881],[-0.9577614196903249,35.15069674534617],[-0.9549476804811783,35.14885510918087],[-0.9655870977334545,35.14370489308261],[-0.965529139387661,35.12560088868553],[-0.969912479094246,35.11533603782394],[-0.9916862042233977,35.11213441490412],[-1.0081403518597578,35.096193183777935]]]]},"id":"000000000000000008ed","properties":{"ADM1_CODE":378,"ADM1_NAME":"Sidi Bel Abbes"}},{"type":"Feature","geometry":{"type":"GeometryCollection","geometries":[{"type":"Point","coordinates":[7.161351984736724,37.081255641325626]},{"type":"Point","coordinates":[7.182461361679851,37.08337819713756]},{"type":"Point","coordinates":[7.197319045690939,37.09234092956842]},{"type":"Point","coordinates":[7.204993175071177,37.09322834371618]},{"type":"Point","coordinates":[6.890742480611677,36.91980492659322]},{"type":"Point","coordinates":[6.852599350421485,36.956623765860996]},{"type":"Point","coordinates":[6.7868499176003905,36.96132364947371]},{"type":"Point","coordinates":[6.705315234094383,36.95849212527583]},{"type":"Point","coordinates":[6.737465343056216,36.96450296751607]},{"type":"LineString","coordinates":[[6.886042585136066,36.93562583793713],[6.885199799097054,36.938600058296146]]},{"type":"LineString","coordinates":[[6.947078799240346,36.88267405888665],[6.942829270211773,36.88674517950382]]},{"type":"LineString","coordinates":[[6.934588802824342,36.88359259147528],[6.934263297766282,36.88627694945028],[6.937175126410776,36.888395058812144],[6.946615026637377,36.89246622273617]]},{"type":"LineString","coordinates":[[6.914567510943612,36.88588457303863],[6.909332472878908,36.88922001515835]]},{"type":"LineString","coordinates":[[6.904944730040521,36.89059335501634],[6.902648264007976,36.892278928394674]]},{"type":"LineString","coordinates":[[6.89898292711327,36.887650398816334],[6.901488927180859,36.890178711745264]]},{"type":"LineString","coordinates":[[6.848184818841015,36.95423364416036],[6.8495582693676935,36.956570224806974]]},{"type":"LineString","coordinates":[[6.78987760811011,36.95624471934583],[6.788196575577126,36.959040592631155]]},{"type":"LineString","coordinates":[[6.750659831676801,36.96205935864296],[6.752844758186487,36.964025832650655]]},{"type":"LineString","coordinates":[[6.402823174167699,37.08196015355025],[6.403055096725914,37.084533063881814]]},{"type":"LineString","coordinates":[[6.261059452295956,36.9413647089394],[6.258174399905961,36.94155641820169]]},{"type":"LineString","coordinates":[[6.89001570181442,36.430846686707284],[6.89002462381628,36.42843879349343]]},{"type":"Polygon","coordinates":[[[6.909332472878908,36.88922001515835],[6.904944730040521,36.89059335501634],[6.906701642286701,36.88829693364255],[6.909332472878908,36.88922001515835]]]},{"type":"Polygon","coordinates":[[[7.283156791979696,37.06818154244975],[7.266814155335721,37.06794518187962],[7.251465936205912,37.0803058491542],[7.23536414411844,37.083409412255584],[7.232055504175086,37.087725786695465],[7.215097541968023,37.086187421298625],[7.211191358944802,37.08869786818456],[7.200462737361345,37.081340375154],[7.198358072642392,37.07540084920665],[7.185480125102087,37.07777308326106],[7.181244012239939,37.08066256815849],[7.174800575526586,37.08197797759863],[7.169159849850967,37.07649775444152],[7.1817211000927905,37.07412104274025],[7.180811487307577,37.07192269322494],[7.189212391314275,37.06909568840714],[7.226370153702887,37.04268883689232],[7.249182903594323,37.03300814901818],[7.250743597109545,37.02789356887057],[7.2545917446510675,37.02769291834384],[7.2523354363227055,37.00042994337504],[7.225634344609736,36.964070482884296],[7.173779504889015,36.923853803207315],[7.158569523047005,36.917584326058474],[7.146449678116234,36.91611279322745],[7.144969219077597,36.91120782128005],[7.130976527198529,36.90790360257888],[7.125790636133387,36.910650455033334],[7.1207562841216605,36.907230278621334],[7.10867211980688,36.917182970613915],[7.105113757191128,36.91879716201945],[7.084624226094869,36.9194973010496],[7.070974881581574,36.9151674612089],[7.069142185308223,36.91179640096483],[7.056625488487846,36.91338830426901],[7.050400599603638,36.90648113471046],[6.9709394377515315,36.885848923378475],[6.947078799240346,36.88267405888665],[6.9423833858261865,36.88223701692353],[6.936943233671625,36.88192937115343],[6.934588802824342,36.88359259147528],[6.928662717374204,36.88168852474147],[6.914567510943612,36.88588457303863],[6.910179745289697,36.88561253293454],[6.906701642286701,36.88829693364255],[6.89898292711327,36.887650398816334],[6.882136411992989,36.89589971786974],[6.882069545996383,36.89940008704967],[6.880691646992253,36.903221582756174],[6.88690764504548,36.91973807475307],[6.881574559691983,36.92749687843689],[6.882408459910367,36.93198721349885],[6.873811261718918,36.93055139474921],[6.867372389745767,36.93197826013627],[6.848073324394349,36.93547871788423],[6.847377776767945,36.94882482204287],[6.848898289650565,36.95167862999586],[6.848184818841015,36.95423364416036],[6.835347114035131,36.95554017143927],[6.831967120581168,36.950599482664174],[6.812498670296033,36.94869990803364],[6.80169428275486,36.95723461378103],[6.792807280551449,36.954501247753726],[6.78987760811011,36.95624471934583],[6.782760916744417,36.947892808428506],[6.767131748055518,36.94606015794833],[6.751333189572963,36.95012683816005],[6.754244946893772,36.959941306091864],[6.750659831676801,36.96205935864296],[6.747640997261215,36.961359359389085],[6.748809277063503,36.95418908023646],[6.730955048701536,36.94652832859686],[6.716565517406861,36.94612256784994],[6.7096584218553375,36.95240990858862],[6.700802661093908,36.94890056358005],[6.697262133931878,36.949605158269286],[6.687652716539251,36.949930660621995],[6.68483461463125,36.95835389372643],[6.6791002233340855,36.95747095039318],[6.675185119557356,36.94943125302758],[6.672041411947477,36.94757175324316],[6.667510941862824,36.94927965226963],[6.659181346049589,36.95990564025216],[6.6548337359215886,36.95558032121997],[6.645763964158636,36.95912532586806],[6.641710643688237,36.95570521054289],[6.633617327265,36.95862589885755],[6.625198548760095,36.966933189454465],[6.629943050233085,36.973835922851904],[6.616904607079277,36.97113364351706],[6.5763268532542325,36.9787899197731],[6.563854693761197,36.99342918476795],[6.568019546358048,36.99839662733872],[6.570855479936941,37.00487572574228],[6.57579176656442,37.005745241720746],[6.580942029991434,37.014971089266915],[6.57133709376336,37.00826904792888],[6.564166856872325,37.01372703722576],[6.5699948883430865,37.02180687439765],[6.5673551128427,37.02932937824307],[6.560135811092962,37.024687489888706],[6.541991774315773,37.03099263694576],[6.544435343762177,37.049533570693434],[6.549251194376756,37.05426021873792],[6.544372897808141,37.056467456695145],[6.540689672020375,37.05151342532599],[6.518920332673757,37.055682679569486],[6.518755369173258,37.061140641628974],[6.512798008403583,37.06172028277894],[6.511442472657657,37.07375985954039],[6.486368907999023,37.08555867514543],[6.467047669177358,37.088229625118856],[6.465865988470266,37.0851261142671],[6.428833157107158,37.08060015616719],[6.417529326069634,37.08305265134226],[6.412954316840179,37.085647835641694],[6.402823174167699,37.08196015355025],[6.356002611258146,37.07322029059217],[6.334768426029434,37.06632658965857],[6.30765257444594,37.039139458358044],[6.263815196790054,37.025155672789325],[6.25977077845458,37.004001735769386],[6.247503780999565,36.993446979597714],[6.239905488648146,36.982227890914665],[6.246834948055589,36.97211467752913],[6.257215717199725,36.968244204423264],[6.2642343238200064,36.95094282151678],[6.261059452295956,36.9413647089394],[6.273148109351396,36.94141376390855],[6.275261679331135,36.92880787412291],[6.283189990406191,36.918146202242845],[6.275448946783049,36.88789561933071],[6.2700489798004435,36.88502842716557],[6.267556396655064,36.872828299473085],[6.312923258941385,36.86835135906135],[6.330398488959808,36.857457765317044],[6.3362399355241905,36.86003965381248],[6.345510414304322,36.85677558548898],[6.34580916287479,36.84886514757526],[6.350174577109258,36.84159230221197],[6.346723272567653,36.83035982433398],[6.353509999139991,36.81534163031577],[6.342478209255066,36.79912385846977],[6.354009438964125,36.78978204979075],[6.353915768327727,36.78216584465636],[6.359181996521875,36.781595141616485],[6.357625768442711,36.77844254855898],[6.3717566275553335,36.7672635820751],[6.367859381326823,36.7655468183061],[6.367587400732865,36.758666382540845],[6.376327255439792,36.74995782571811],[6.3687110535705465,36.73924706425905],[6.3726395314928945,36.727840693940536],[6.398016274368888,36.7277246940485],[6.410947716260253,36.70290533222263],[6.418073315079561,36.698209908040454],[6.440681007499354,36.6985532939442],[6.471167867968199,36.69195827289896],[6.487069017148675,36.692417563072674],[6.493026318229887,36.68605442850665],[6.498965874511152,36.68565314038675],[6.499509914918593,36.68084169719713],[6.50679604822164,36.677747136786564],[6.507081405126133,36.6717273043142],[6.512213898980267,36.66817784409834],[6.502461824408476,36.6547604776325],[6.50132471846102,36.646515583298104],[6.49624582392625,36.63831976162119],[6.475345996388513,36.64153479292374],[6.456113901167512,36.6320859029429],[6.455048197701917,36.628045973704],[6.472287110219007,36.623484278629995],[6.4754084557133424,36.619702965968585],[6.467141264568469,36.60268263847853],[6.459569756247646,36.59919115098599],[6.460095895374452,36.58222871283325],[6.474971485715733,36.57638282687448],[6.5176495469755755,36.58302245950044],[6.529706962762365,36.5788977578338],[6.5368949702203,36.58491308567407],[6.560331990672858,36.59052713206604],[6.571560023634867,36.589840414073656],[6.5906003940114966,36.5744475673146],[6.619477554817112,36.575276994991896],[6.622902117535739,36.59011682657841],[6.631080090410203,36.59292613159831],[6.633496989478478,36.59905736860216],[6.6437974503706325,36.61120397570671],[6.64313304393553,36.61899402937986],[6.672683520187872,36.62586996142671],[6.685904739554442,36.61904748582484],[6.680308627777692,36.60501023100486],[6.689364999952281,36.60248642002225],[6.679831496634096,36.58489527527809],[6.685886951590952,36.57435393354008],[6.724609762122768,36.58059222105983],[6.732694122399496,36.57629363978326],[6.738664879220686,36.57795246010818],[6.737443049484358,36.56844118886701],[6.765852029094114,36.564374432796114],[6.770043562360976,36.55829668082634],[6.794006779524112,36.55428801482199],[6.851016334495041,36.56825838443366],[6.874640725740273,36.56412920276207],[6.88084329957727,36.56527522151715],[6.8743196099672526,36.55192020434043],[6.852929358165937,36.53765553937047],[6.856723994498118,36.533245514540866],[6.838829682714084,36.53169815636732],[6.832007193032371,36.52327936140506],[6.836983565261033,36.50224585265172],[6.839159620785032,36.488440406784356],[6.832417487282813,36.47096076623841],[6.816516285595832,36.46259547187438],[6.81934781511346,36.44780912096102],[6.839752679261069,36.45423019383692],[6.8520419241747925,36.453998328071094],[6.851373084408767,36.45634829255413],[6.872451294107095,36.45617439686301],[6.8800585237546095,36.43835583802525],[6.89001570181442,36.430846686707284],[6.894528261786284,36.42884010709267],[6.910237715236334,36.433245707371185],[6.922741015648532,36.43140850192177],[6.923360793109654,36.42648121018603],[6.937919793508703,36.42453706736734],[6.939418081738793,36.42820240360773],[6.949749753961154,36.421308674653986],[6.95354893596005,36.42602190745932],[6.944100094163586,36.43290233166035],[6.940760270961914,36.43937696370993],[6.9445192838577485,36.44115616908506],[6.944889323179778,36.451349644799855],[6.951903506256716,36.44865634262962],[6.948037485988641,36.46693418227613],[6.956037108965131,36.4808599730234],[6.991000926350461,36.48309401061307],[6.999085294190332,36.47965153083999],[7.0077314457955815,36.48377619339045],[7.047716219024295,36.491793699360464],[7.048594645095987,36.5008857909739],[7.083487138942426,36.503365062999336],[7.087915000594805,36.5233061405572],[7.069485591430429,36.535684577410635],[7.0687409178306915,36.5517864638186],[7.07037735581528,36.55528234745614],[7.077578801798414,36.557115045106045],[7.074930095870424,36.565475853287424],[7.085467017976203,36.571718617869884],[7.0870009167353585,36.575959214725195],[7.092481174503472,36.576249029739444],[7.0993838211269935,36.58478374447931],[7.123632458690502,36.58764652111953],[7.127801673743742,36.59148583568686],[7.141963783400571,36.59463841135032],[7.151938763603635,36.60460448108947],[7.162814559678585,36.60580846451915],[7.167697300809819,36.59824577660551],[7.177217469990905,36.60230800774469],[7.188351845997801,36.60035945095078],[7.190162243550371,36.60529117151138],[7.219837496548861,36.615770043494685],[7.232158019961658,36.616916088773856],[7.245811783924542,36.622298225875134],[7.259233730162195,36.62160702843958],[7.279192657044177,36.63254968427274],[7.28735279014599,36.6398268914579],[7.290875442390426,36.65627209312929],[7.3029061629763286,36.66698728596283],[7.3027009992406064,36.657761444396854],[7.321933080679888,36.64899033559852],[7.335314910821847,36.652085008807305],[7.348558440851478,36.66154272369198],[7.337432908010279,36.66324166798578],[7.335832146626398,36.67294469016909],[7.34552620445068,36.676333614645515],[7.341874216908431,36.71082028401866],[7.35211229293396,36.71620242842954],[7.383803168935814,36.71832043531978],[7.392872979651578,36.72714061394902],[7.397853752372526,36.72674372460856],[7.40657130770154,36.74885641071064],[7.405608107173879,36.766166638189944],[7.390357988996542,36.78237989320243],[7.393309912635692,36.80587492662995],[7.38221566565051,36.82025550190928],[7.385265696832897,36.82311830348012],[7.374684268757578,36.83721791651253],[7.382130981154865,36.855268374529366],[7.379348490113727,36.86569825340049],[7.386246752633411,36.87497761512524],[7.381100922651001,36.89766995195015],[7.373328736911212,36.90512556306949],[7.346208429380953,36.91681289294125],[7.330155705221746,36.92151723329955],[7.329081033296069,36.93649093205297],[7.321835042343323,36.9477010714307],[7.331413149798665,36.950621783152116],[7.33501612385766,36.94357640959475],[7.3514702302778385,36.94150742098524],[7.353797839237491,36.94941342581725],[7.352321891848528,36.95492038104268],[7.357035194203325,36.9612790671899],[7.352348679015441,36.96368698208956],[7.351037686217186,36.97589154225525],[7.342253218731597,36.989875310246184],[7.323868336977486,36.996925104367456],[7.32709232121521,37.01325433118749],[7.315708174279431,37.02310897345147],[7.315498605825338,37.03439939612972],[7.330137825468553,37.046314101745224],[7.318816189931993,37.05359138211285],[7.311213468232975,37.058808504619755],[7.309808789491233,37.06264782410514],[7.283156791979696,37.06818154244975]]]}]},"id":"000000000000000008ee","properties":{"ADM1_CODE":379,"ADM1_NAME":"Skikda"}},{"type":"Feature","geometry":{"type":"GeometryCollection","geometries":[{"type":"LineString","coordinates":[[7.365275581383171,36.04652565506785],[7.359871179597328,36.04795702992171]]},{"type":"Polygon","coordinates":[[[8.165684226231054,36.4646644878246],[8.16389612903197,36.459848715414296],[8.150393930249878,36.44851814778649],[8.125556785116,36.452580358507404],[8.125387288152908,36.455621464152],[8.113410167777182,36.4550997378023],[8.095908234484767,36.44152623507578],[8.077964811495665,36.43969351504782],[8.05620884770212,36.40708856822993],[8.046742164487108,36.40193388728437],[8.04690265440326,36.39466112522191],[8.034711512096623,36.392823946847216],[8.02153035825773,36.398495882841],[8.021084506828313,36.41253758977832],[8.015836098832624,36.4148295620096],[8.012852976462522,36.436777283490365],[8.01559979423475,36.45414106421706],[8.025730883148864,36.456834331601534],[8.02581110474993,36.461355874553206],[8.006159892078031,36.46308156746913],[7.9971881382855745,36.47059062077603],[7.941043648619048,36.45758795477216],[7.920701204450543,36.44114277045199],[7.903364177661855,36.438913193555095],[7.887512086730298,36.42545121519956],[7.882268204850515,36.41857520616245],[7.8710446301005526,36.41336259003144],[7.8690425249982905,36.407342729525645],[7.847518406749063,36.416916494828186],[7.8343417580674,36.42384587303396],[7.821129465549963,36.42528622695292],[7.822114941604259,36.41978367025987],[7.8130451123200455,36.41399577808717],[7.813308212056647,36.40425707266561],[7.81069069939216,36.39531661347304],[7.817156416551078,36.38866805948875],[7.808510259358579,36.374742250110465],[7.827893893938395,36.36460225987312],[7.826832653848341,36.35938517524641],[7.83223711045526,36.35331626834917],[7.840843163422129,36.351769022198106],[7.839786377928976,36.34059000844378],[7.855469037507784,36.31646178594579],[7.837637081429986,36.302999816555314],[7.808024168348889,36.302090113068665],[7.798463894868517,36.29378283527992],[7.782223822091566,36.29567794856644],[7.763491109968427,36.286625970159484],[7.743585672047537,36.30152383643862],[7.738029679957818,36.297229764176585],[7.731233982688426,36.300667688157404],[7.722645735481851,36.291727189126895],[7.7269711355374175,36.28795034593432],[7.723872054722934,36.28370526841647],[7.728924145318278,36.28330394621591],[7.714347367039693,36.270528624507875],[7.69667597833818,36.261708503794196],[7.685122462685316,36.263773064006635],[7.678442684186412,36.25815459719595],[7.674447361666709,36.26279658028884],[7.6636697317556575,36.26365713236454],[7.661070028008747,36.251974322528845],[7.633646559529235,36.2437784973897],[7.622926853822366,36.22431004343085],[7.6125416342556225,36.22877361799882],[7.611128137534597,36.233700918917286],[7.595391904680667,36.23410667462866],[7.580681348197144,36.23249250475726],[7.5665371154545955,36.2370853725892],[7.540290825428939,36.2304948401393],[7.523948204546489,36.22282966667145],[7.493126894708774,36.217380581670405],[7.4899476047367495,36.21978851198615],[7.474215850733387,36.21428602011612],[7.456753997825963,36.213777655941215],[7.444005483929145,36.20563976794874],[7.434222185023765,36.20776234874255],[7.415592082490693,36.212979439650795],[7.399664147651243,36.2126405408059],[7.356705154334338,36.222780588622754],[7.3271903671387095,36.22365007993725],[7.32414483020299,36.22822963412681],[7.319146210763475,36.227426915285285],[7.316800675651895,36.2335627105951],[7.303913871027238,36.22897868566255],[7.291597880890059,36.21145003447226],[7.291941192162864,36.202620938768014],[7.284209081303084,36.19729232626864],[7.287963697255174,36.17970118813042],[7.282278332301176,36.180508310688445],[7.2954059417679336,36.16657805350662],[7.291294592479513,36.163773298135354],[7.290001493974534,36.158159259700135],[7.294469512162037,36.15638011894628],[7.303994175337116,36.15116291382357],[7.323587478354374,36.14606618891054],[7.320457165567228,36.14130833058858],[7.315975737459838,36.14359588785111],[7.31753195788279,36.1294471129167],[7.318232025687577,36.123026053438764],[7.325050032076929,36.11987793076906],[7.322334462639365,36.103490706235824],[7.331261540019388,36.1071249051195],[7.32812230482379,36.097354953598305],[7.338110766742444,36.0858370917978],[7.330918194557292,36.05523873601083],[7.343064795728528,36.056215292808005],[7.350123566792997,36.06050939693672],[7.3596169623425,36.05288878912982],[7.365922143379932,36.05214418759281],[7.365275581383171,36.04652565506785],[7.362502021174697,36.038503802512245],[7.36682732398825,36.03116411424669],[7.365061573433354,36.024520054142286],[7.370136034463517,36.02526470293519],[7.370934175455068,36.019878131513],[7.3615655733654854,36.0126632429281],[7.385930095274597,35.990332097504066],[7.395218413896324,35.96632426924659],[7.406772000243834,35.953972556858055],[7.425375363399291,35.95077093976254],[7.432211180948568,35.94646788772084],[7.429040730420754,35.93231472472324],[7.4376557167249056,35.91541475931035],[7.467313187660914,35.90623786923311],[7.480757353841318,35.89878674277086],[7.502036212201745,35.896267390020796],[7.515908425770235,35.88635030657549],[7.554176502989306,35.87998715672821],[7.562657662777253,35.874025400447756],[7.548905845072393,35.85855674926582],[7.564900580540873,35.847783564548095],[7.556316804441615,35.82955922995853],[7.551492105705731,35.82629959620222],[7.558260997117983,35.81649402199105],[7.584863997517437,35.81139285157141],[7.5847793116086075,35.80743760635564],[7.602339206247229,35.81821080670578],[7.639956231943638,35.82302219403996],[7.647813124724367,35.82691492583262],[7.666211408115225,35.81499577629047],[7.692439827219449,35.81997215135928],[7.669636003041237,35.84489847609679],[7.683392291092463,35.85252355037863],[7.691980543814265,35.85258153620263],[7.678951069648233,35.87996931952624],[7.686192588273734,35.886501930893616],[7.7080823543675505,35.890336726199195],[7.719074044049552,35.89718145303176],[7.718070698545406,35.905462051540106],[7.729807065735704,35.9370904342455],[7.741365112437346,35.949237021467916],[7.741151017388042,35.939498370392876],[7.757395575463904,35.94081379839759],[7.769796294169068,35.930152036659926],[7.777657688669725,35.942129242954636],[7.803957445408517,35.90344647588738],[7.82723845929738,35.89129549633957],[7.830948408717952,35.89857274025378],[7.863972537446039,35.8804063201182],[7.88217012140404,35.89656613359344],[7.893531921572512,35.88991312758776],[7.907515678156139,35.89054631246704],[7.911644737425332,35.90664372466859],[7.920580798558796,35.91134361097273],[7.933298158759303,35.91804116189991],[7.938742687797219,35.92571974042492],[7.945685525465316,35.927209034831144],[7.944976556674881,35.93620755500561],[7.957970359438518,35.9313337426247],[7.977180145027509,35.933219890081254],[7.98331588516706,35.94072906418017],[7.980145490608682,35.944220535426496],[7.979093131131962,35.95201953521337],[7.9889655731794464,35.953504421116264],[7.987966731835124,35.95998344675838],[7.991770371122607,35.961695779065586],[7.9942005468200925,35.95837368564813],[8.00753328528273,35.96307365089376],[8.007399505584935,35.96794292644874],[8.011635650347394,35.96920489906154],[8.010627925203956,35.976134307330085],[8.034760533242283,35.978716139707394],[8.041128154863388,35.97715990699989],[8.044650833611309,35.97132292932863],[8.06477919508692,35.97630378939065],[8.068297445453702,35.96759064128363],[8.07345664452277,35.96948135679314],[8.072957179241124,35.9762457651688],[8.081906605873682,35.973490092175666],[8.0810103310297,35.97818995498917],[8.094548157394877,35.976642647949376],[8.111439222793905,35.98603798079055],[8.11764184756915,35.992967398065126],[8.120977255725556,35.993199317326564],[8.124085241292343,35.98993074957362],[8.145921453383595,35.998010637901515],[8.155133950928162,35.98924407389366],[8.162843768469227,35.99245020373272],[8.169024081292822,35.98924410984489],[8.184746860070263,35.993761183803855],[8.190079948701472,35.99244567952928],[8.186592930207658,35.99954908569828],[8.188568322622668,36.00481969264706],[8.200683725514933,36.00098042077606],[8.205098233154196,35.993417784145414],[8.211135858104427,36.00069055519504],[8.21768628010714,35.9957097688145],[8.2193271683772,35.98304595144611],[8.23869752300685,35.973186865991856],[8.25542361594973,35.96710905946202],[8.265715207016342,35.96361765785174],[8.267369522532482,35.95960439532966],[8.281384516040596,35.96418396138891],[8.291332780987563,35.95997898729564],[8.30047388686114,36.01111149035271],[8.297722691238777,36.04061291568216],[8.313922528704627,36.06198095439866],[8.31416781941439,36.071496657855356],[8.324463910175272,36.08822277180801],[8.343892177447383,36.09982089671713],[8.34311188353726,36.11117371222329],[8.338759738918096,36.11558382502428],[8.338817739092898,36.13670655567878],[8.30891496596295,36.16101310288257],[8.306596263233502,36.17304377223652],[8.33158954453277,36.19274408614206],[8.340124259349114,36.21402733808493],[8.354384482329511,36.23036106226057],[8.355097937236609,36.250021216860105],[8.347958848160566,36.26193591949879],[8.33928592083593,36.26283224376437],[8.3557132610164,36.28690241758713],[8.371092741103581,36.29714501071844],[8.381076614174969,36.296315599777124],[8.387248032194082,36.302718910032375],[8.391524312464718,36.3038604442158],[8.379863781791785,36.31085674473777],[8.376220636884693,36.322294340015766],[8.385312734830357,36.33273758142582],[8.376153744290889,36.347907379127314],[8.399176114230634,36.37206233658272],[8.400389009491882,36.38502492508121],[8.393892081968739,36.3930558411987],[8.409726394204396,36.410945738801644],[8.406444495987289,36.42221387461693],[8.371788296169518,36.42750678910092],[8.365929081114308,36.43860555796812],[8.35419272420394,36.44519604880438],[8.33762272734373,36.43295136122052],[8.326969929012478,36.43233598965728],[8.327531707974162,36.43530578558102],[8.312072013574513,36.43579631338758],[8.306578469751217,36.433374962941116],[8.303113667322345,36.441579712464886],[8.284599516616217,36.445084602482815],[8.265536869776032,36.43928774276899],[8.245386202496102,36.446190457595485],[8.209271900857082,36.44679690500723],[8.200344800672736,36.45193824831348],[8.196906841562164,36.45906388620924],[8.176849774529758,36.458626860052824],[8.165684226231054,36.4646644878246]]]}]},"id":"000000000000000008ef","properties":{"ADM1_CODE":380,"ADM1_NAME":"Souk-Ahras"}},{"type":"Feature","geometry":{"type":"Polygon","coordinates":[[[2.4560773124651756,20.0943503173777],[2.4365643095496985,20.095500778633827],[2.3786673615062845,20.06063951159946],[2.3842501086614227,20.05233214450932],[2.3757511056704885,20.04041746274445],[2.3792782178572973,20.021363725704017],[2.392387986075164,20.02628208065373],[2.3969452116359427,20.03705528493953],[2.4035580375482364,20.029167127625218],[2.4275836594010474,20.048666792821106],[2.446057687399584,20.057776739110924],[2.440252002721677,20.076692219099208],[2.4588151796580378,20.09285651768527],[2.4656108675736106,20.108967186527387],[2.482693670295229,20.10096764268921],[2.489721203662482,20.085748667347822],[2.508360302722241,20.087108672079292],[2.517389961158526,20.0917461990214],[2.5242213362306423,20.07633110421598],[2.5324171145140433,20.076942003707394],[2.5330280512743,20.064942508985315],[2.5518052899202135,20.053139319427498],[2.556527499349724,20.038027389158692],[2.561084657752812,20.035280557845496],[2.5914734502925336,20.036667323005496],[2.622085205177416,20.052055711950175],[2.6306957265319695,20.045777270619308],[2.6365282277475988,20.04713735434739],[2.632831602579018,20.037862377021966],[2.6627789244942166,20.053108107640504],[2.675389322134162,20.082912690314352],[2.6973905036412567,20.070940003283848],[2.6988040558812334,20.06249892133665],[2.705943077841716,20.054499321008578],[2.708136936906324,20.03652909492977],[2.7155835936434767,20.029666538209753],[2.7129706009845234,20.019972480520074],[2.7199178360848397,20.017390696830592],[2.724252099416005,20.00122644656333],[2.7315293318885,19.999335782536136],[2.7372236640257546,19.9898958959108],[2.7571112292778763,19.994809812251255],[2.769445076756891,19.985463484543992],[2.7663906108155745,19.981089085779313],[2.782831341068594,19.971087336701697],[2.7896091839109327,19.97714284271273],[2.8078112164503892,19.971412903802893],[2.8204170900028394,19.96258835796864],[2.8316094223432255,19.9591993845863],[2.8407238506166586,19.960702144063625],[2.846110466782855,19.969004921698517],[2.857498969302307,19.96953562361069],[2.861694970320593,19.96086711018782],[2.8675274923522753,19.96267307207735],[2.875277440579075,19.95764766244606],[2.8763877027376847,19.95297895066356],[2.8827240933895335,19.96203537239339],[2.892944375037102,19.964313992275432],[2.8958338289455527,19.959868296522],[2.906442081773902,19.96186596129774],[2.9223610277222063,19.95086977453025],[2.9286929490091955,19.95331342585066],[2.940027988563685,19.95014747051265],[2.949699772248172,19.952466127172034],[2.9567228604961713,19.94892559266994],[2.9785813828104333,19.94795356647497],[3.0149988859809542,19.929202987861142],[3.0374459772567586,19.906425983714158],[3.049307234208282,19.909012207297298],[3.061529617193022,19.90559657086079],[3.0716651602444096,19.906818316680415],[3.094054260885128,19.887514857015255],[3.103498649517517,19.88668100507313],[3.1116097901534197,19.87742844584116],[3.122833345958248,19.872126530096246],[3.1336689242203093,19.871930321308913],[3.1390823024347214,19.868238163674857],[3.1437509398069774,19.856238728597376],[3.1519156096790883,19.854794000842904],[3.155973343654557,19.85762549778657],[3.1853900882659603,19.843405486818366],[3.1913072530258138,19.84460046494203],[3.1989189732841057,19.838879481871192],[3.2293612650054686,19.840324255475494],[3.2432513220490806,19.838322117881955],[3.2545819596629397,19.831905434153818],[3.2594735570291546,19.815045587593865],[3.2424174727465536,19.773134522514958],[3.24844620918457,19.75544076903642],[3.248053788582448,19.742134782450748],[3.2288350984227665,19.710528739250368],[3.2324736705510575,19.697971863061685],[3.2321125161068984,19.67366980609085],[3.2414721794776726,19.65883885360941],[3.2399159335350887,19.654170162146574],[3.2485844586008548,19.64964416964433],[3.2501674499637585,19.628980710978325],[3.2340299094030045,19.60697945438316],[3.2325004370411574,19.578039909224955],[3.2383329674771333,19.56517983403868],[3.235278479708495,19.5590128944284],[3.2449458366651402,19.554428930761077],[3.246502012702105,19.530684235341653],[3.252972201071118,19.523656687261724],[3.264111004855933,19.518488633462013],[3.2467785009256507,19.493629157271368],[3.257194976167521,19.4630218687897],[3.264556968935751,19.448190925201242],[3.2600844655650336,19.439798882435294],[3.245249012846692,19.43483144278669],[3.2258608799712625,19.43310578605926],[3.2088627577820814,19.430412413510663],[3.19816535812699,19.411581643562425],[3.1992221700622268,19.390445559629168],[3.1762801257040003,19.35575371040736],[3.1805296662327143,19.350558856469156],[3.185220603539036,19.329502956864484],[3.204831727663289,19.303533201879187],[3.2027225587641275,19.285063553238324],[3.1963594270041047,19.26984468922981],[3.180030228278939,19.259067065731973],[3.174188817082138,19.24614456155237],[3.163816950363485,19.2327940418423],[3.1610567672777043,19.216875005527704],[3.1552510233432,19.208237761239324],[3.123359514015502,19.1808811930949],[3.122833345958248,19.16385184047264],[3.1170542912700037,19.157742837823452],[3.1163052362554264,19.14321511125068],[3.1219192229081867,19.13885416111047],[3.125223416250812,19.123635209482707],[3.1409461974046784,19.118605327180873],[3.1613332303630663,19.107551269750193],[3.164918356304194,19.10855005403889],[3.180110441391843,19.092635507857736],[3.203667944467419,19.079414336889236],[3.2220260438217982,19.066028051812513],[3.2381412078590834,19.06080644461622],[3.2540289732209864,19.041030367392118],[3.27719399958304,19.029753270585015],[3.299279958685968,18.997117174433573],[3.327969827350356,18.99559208291111],[3.33758362157958,18.987811000101974],[3.3558258266596073,18.96468163513528],[5.6358912347936725,19.407610851240722],[5.813022345828322,19.4412748547438],[7.45937156081591,20.841321059181038],[10.158887864020178,22.45681292642673],[10.205308265139228,22.484259024821927],[10.227750921439974,23.000712084633037],[10.240026833537499,23.321878877798646],[10.222556065310023,23.32434916796399],[10.189924357648476,23.35896071342136],[10.15508094104209,23.38039560754145],[10.11447637900359,23.39890979781791],[10.052173763066376,23.436847863115485],[10.010936022844977,23.44492324900674],[9.965123189778646,23.47966413034449],[9.936745502125184,23.507230313117667],[9.843122243726185,23.511194486809412],[9.804907694996952,23.52970863040447],[9.77595477491434,23.554987306394775],[9.185097113188895,23.55816216766352],[8.61494310477284,23.213099060257736],[8.364266963901253,23.176187180450956],[7.9245806427571,23.09414144629076],[7.880056501580957,23.087298899052595],[7.626222140351204,23.27105852112952],[7.7145390926259045,23.354399053058906],[7.505077281475059,23.8480126833901],[7.485323504829877,24.28141499967969],[7.502633759548893,24.424980173493164],[7.280454591229708,24.74950021025944],[7.229299730936772,24.76085306377423],[7.186715310981397,24.757994757839384],[7.165824465944312,24.750146741430306],[7.091259386880876,24.762302270098218],[7.011022262494014,24.809755993870642],[6.985962111857894,24.833942220121244],[6.968473566034422,24.859956584419574],[6.96010377989504,24.884998896853357],[6.920065508098657,24.9570891568573],[6.89446588536126,24.99726123003654],[6.887322376942787,25.00000797981686],[6.850244923671906,25.074506211851357],[6.825840251108319,25.103450266637793],[6.806193460631571,25.16126698753641],[6.797846044438664,25.197135926912367],[6.7693434567866815,25.260116336375233],[6.721394736023636,25.32916990593956],[6.703099104924833,25.34463853892481],[6.624908749286369,25.459139356093196],[6.608236118000302,25.4677945120654],[6.575055978790335,25.50383740345141],[6.557304263582462,25.517879096557902],[6.5591280488077945,25.554020098278432],[6.329925851383132,26.158990777648903],[6.308259038594082,26.16839056341895],[6.30472294174757,26.176528488982253],[6.290409303375162,26.179850444746847],[6.287412776542635,26.203920746998023],[6.265358061842183,26.205641900437524],[6.262856508040744,26.230858119630057],[6.26426107153154,26.241742843040736],[6.26117543425353,26.24518075808463],[6.245862827546625,26.24787407593372],[6.234576827676884,26.257621638232102],[6.2182074974891695,26.24300918019789],[6.204656259063897,26.257621679270883],[6.186320483015909,26.259284888577433],[6.160734121484458,26.274704521469282],[6.144173057248433,26.307139959718985],[6.128200530471077,26.31510397431008],[6.115946957621873,26.3345857533643],[6.125462638169916,26.345189513387247],[6.134095492435329,26.36644155100217],[6.146045836249804,26.372688787493654],[6.15419709340736,26.389249899482813],[6.1473924926277,26.40575302072374],[6.139731765376033,26.41262893711446],[6.145247693742172,26.41824297180897],[6.159253742229169,26.42271098732797],[6.1672399584367295,26.452965964250247],[6.178855972246817,26.460524189216404],[6.20086606230988,26.46092549885279],[6.222729043702279,26.477022783919708],[6.240846321855095,26.499425338660707],[6.262722691571038,26.510136135124565],[6.276844715080678,26.533519593183282],[6.291359091805856,26.53758185565212],[6.294618631330056,26.548408547973512],[6.284429610027674,26.564974111446155],[6.286066068992241,26.581298886075952],[6.273058937604503,26.59505522852265],[6.272706629390215,26.604856285949896],[6.279203575541806,26.616374159198674],[6.231410926766484,26.659582847986275],[6.202565014683178,26.68130315879872],[5.989509141521246,26.867216435451716],[5.743843905658413,27.07347219700247],[5.753292743216941,27.17420776823545],[5.755914649885865,27.413982474563714],[5.619042569926865,28.108683660081272],[5.7105656035232855,28.433622887822974],[5.7061466044620595,29.00153397442167],[5.709178853242178,29.014313712975955],[5.70654350661242,29.75939831406415],[4.976330002582161,29.298559164932197],[4.05546095904731,28.70970589530105],[3.7416450564681942,28.49955070382464],[3.74854774190825,28.515639075624076],[2.978550178979946,29.082154473581642],[2.4816190578891977,29.04709257723639],[2.0229291484297005,28.9001161279538],[1.9966070619503282,28.73090665681699],[1.9829801088440877,28.480314117677676],[1.9358875318634161,28.34751758636222],[1.7948951772108408,28.15053682918303],[1.7897627662811517,28.004759877316975],[1.7763988745916484,27.939839865360245],[1.7577062762483695,27.755620971695354],[1.6754804452790144,27.631171963518863],[1.676987672642785,27.387584644205656],[1.757737474182467,27.27853287686305],[1.6444985961145873,27.026366196779918],[1.6237771636018328,26.842660224147238],[1.6222611256063824,26.67568471542872],[1.6094322873964366,26.65729538209924],[1.5680428581055894,26.63518266608323],[1.5358348117400389,26.631807153850154],[1.5229123318718776,26.61306996329555],[1.512250630807687,26.614733273957327],[1.51050261979306,26.623843140427585],[1.5147388278710048,26.644528975299544],[1.4920107367866844,26.64573288374021],[1.4769211765196246,26.62854755416414],[1.4367624566469932,26.636917251951104],[1.4364503603141372,26.654396950025237],[1.3999704828595503,26.668090842405835],[1.3771799723044253,26.66156275756149],[1.363949849889043,26.668385138441188],[1.3553883716933068,26.666779865994794],[1.352761935989667,26.65950260021302],[1.2943298563274603,26.641746498418613],[1.2743352904566991,26.628057031812382],[1.2599903521624525,26.579122814227595],[1.2331822309614975,26.54015923476665],[1.1334901124831904,26.44070179270548],[0.9083768761459245,26.237769738577477],[1.0269889452196148,26.001731732809652],[1.3985122925252749,25.52735025047586],[1.3993774032942647,24.993881185269874],[1.4101505545190842,24.97611618267099],[1.4068909951112718,23.995751598397888],[1.3968758198944182,23.998458243331886],[1.3826958964797431,21.80445564950955],[1.4688992310270013,21.822840555893706],[1.596590020265722,21.831531360472496],[1.7033007803813194,21.82309473334383],[1.7396112250801474,21.812263536711228],[1.7473745252728252,21.787791994637246],[1.7621430693342166,21.70098225337379],[1.8020520448304964,21.529302353288273],[1.8303628701491912,21.49468635672947],[1.875952734155584,21.458639046812138],[1.9327126579230782,21.420986354388237],[1.9659953456737294,21.393768027374925],[2.054450556328928,21.287521013217805],[2.1566487049385463,21.089991724468746],[2.1923437643509898,20.95504155920604],[2.224623245700894,20.861926558010886],[2.21946402404323,20.801817913126836],[2.2083475001481565,20.7391897750955],[2.2078079727857225,20.679308525262012],[2.2214929488692183,20.623266523328958],[2.2886960237077942,20.532550642648598],[2.3133370448038915,20.495874499490842],[2.3803328116321363,20.356654688352254],[2.4221346526722103,20.25373639423528],[2.439895257361675,20.205172372678604],[2.4560773124651756,20.0943503173777]]]},"id":"000000000000000008f0","properties":{"ADM1_CODE":381,"ADM1_NAME":"Tamanrasset"}},{"type":"Feature","geometry":{"type":"GeometryCollection","geometries":[{"type":"LineString","coordinates":[[8.120977255725556,35.993199317326564],[8.123242527298128,35.99646337031149]]},{"type":"LineString","coordinates":[[7.265891127340933,34.88229003922537],[7.270363645889677,34.88634785308072]]},{"type":"Polygon","coordinates":[[[8.293789737424044,34.74481152678263],[8.281995387125079,34.76793197713499],[8.28437653814375,34.806837592868035],[8.280461496485895,34.81209939300408],[8.277558565309471,34.835496255471895],[8.273019221825157,34.83893423068887],[8.275529679276032,34.8436430266812],[8.271329209714743,34.85485772275618],[8.265746432775964,34.86864967378519],[8.259668679483934,34.88311500849666],[8.256154901511247,34.90796116026831],[8.25109381939136,34.91135895390805],[8.253234227066299,34.913196084927854],[8.245934674780301,34.919345172067416],[8.26569291483774,34.93204030327185],[8.269808649359911,34.93139818324653],[8.284702070236795,34.94385240204219],[8.315220172554275,34.94671073877336],[8.311621631080557,34.95710483741167],[8.316941348523232,35.00280172926125],[8.318840946220885,35.01538982087632],[8.353706643811108,35.088157838106135],[8.3594410900181,35.10070579081332],[8.401405695365863,35.12786172675836],[8.416522028422367,35.15047820790713],[8.422434829317314,35.17749590584143],[8.45401860870919,35.218938793660826],[8.476514751542418,35.23896467956863],[8.454656259109687,35.23537509790496],[8.429698693411952,35.24128338144737],[8.413338212993262,35.245309926724076],[8.40552142794681,35.24778921322121],[8.370981205410164,35.267823969102245],[8.346625610941176,35.27807538912438],[8.33467969903675,35.2787175179205],[8.324165108734263,35.29089977408608],[8.322809571334444,35.29938549325316],[8.311545857481564,35.31423876614965],[8.311661815346955,35.323767860296066],[8.31701721118605,35.32486919551977],[8.314154452052348,35.37604191173757],[8.330037746825267,35.40500371608435],[8.325137220516982,35.41239691234196],[8.314974878362888,35.41307916369405],[8.330305318892519,35.42184575287124],[8.339326036509846,35.44435529095928],[8.351811587534804,35.458450480823714],[8.352997632498901,35.46174131160941],[8.372715796634044,35.46701203018121],[8.383680708188905,35.465990905302526],[8.38515668892781,35.48677023513307],[8.372501750609171,35.497516668235285],[8.35987362188964,35.52485991282496],[8.361255918307807,35.545661582523685],[8.352328834222313,35.59849308578054],[8.352203952420602,35.61268637950312],[8.360065311054603,35.64079651928842],[8.35619927092375,35.66925007686499],[8.331455756064667,35.68429507178599],[8.31861351997071,35.684397620623706],[8.307925105932522,35.69067159490747],[8.280430264504972,35.721359132192866],[8.264462179947936,35.72964413350168],[8.26515782108031,35.74059569706931],[8.258504831562982,35.76207513549367],[8.26452463042022,35.78775962356134],[8.272408341443514,35.82184500245454],[8.268114202043241,35.87384250501945],[8.268809877590547,35.87940746113145],[8.25324315912665,35.88508396263793],[8.270660396432584,35.90162716498443],[8.271654767834928,35.90693349898423],[8.255552926076641,35.90744189116841],[8.256435813931457,35.91303358962093],[8.262344155044639,35.92077905602414],[8.263253840503966,35.937398143892835],[8.277799393279563,35.948692999131566],[8.289540207250367,35.951885689643625],[8.288621595814854,35.96235125725799],[8.281384516040596,35.96418396138891],[8.267369522532482,35.95960439532966],[8.263463397021745,35.96607461806593],[8.25542361594973,35.96710905946202],[8.234733412088561,35.97696815291237],[8.216419885843434,35.98659981628462],[8.216509078400126,35.99816671607899],[8.211135858104427,36.00069055519504],[8.205098233154196,35.993417784145414],[8.194833383415723,36.00416424497568],[8.185817049661757,36.00304503134237],[8.18505010110774,35.997431021928726],[8.190079948701472,35.99244567952928],[8.182120491574477,35.99496953275333],[8.164979687704491,35.99004226573195],[8.159655513555922,35.99290947444837],[8.155133950928162,35.98924407389366],[8.145921453383595,35.998010637901515],[8.124085241292343,35.98993074957362],[8.120977255725556,35.993199317326564],[8.113561806776051,35.99141120738676],[8.111439222793905,35.98603798079055],[8.094548157394877,35.976642647949376],[8.0810103310297,35.97818995498917],[8.081906605873682,35.973490092175666],[8.072957179241124,35.9762457651688],[8.07345664452277,35.96948135679314],[8.065300918503876,35.969137985513896],[8.06477919508692,35.97630378939065],[8.044650833611309,35.97132292932863],[8.041128154863388,35.97715990699989],[8.029012801590406,35.97836834767532],[8.010627925203956,35.976134307330085],[8.011635650347394,35.96920489906154],[8.00561139069972,35.965423568424704],[8.004015078256886,35.96106697421478],[7.9942005468200925,35.95837368564813],[7.991770371122607,35.961695779065586],[7.987115036945343,35.95712072884607],[7.9889655731794464,35.953504421116264],[7.978589244842283,35.949495682924834],[7.979837781567022,35.9411304074744],[7.98331588516706,35.94072906418017],[7.977180145027509,35.933219890081254],[7.95076895959776,35.93190898344584],[7.944976556674881,35.93620755500561],[7.945685525465316,35.927209034831144],[7.933142077332725,35.920507040264205],[7.927969558350686,35.91300684559492],[7.916514123359322,35.91025109343421],[7.910012709427635,35.9024031177734],[7.904523592686957,35.88928436995049],[7.888131946379469,35.89215161851033],[7.88217012140404,35.89656613359344],[7.863972537446039,35.8804063201182],[7.830948408717952,35.89857274025378],[7.82723845929738,35.89129549633957],[7.803957445408517,35.90344647588738],[7.777657688669725,35.942129242954636],[7.769796294169068,35.930152036659926],[7.757395575463904,35.94081379839759],[7.741151017388042,35.939498370392876],[7.741365112437346,35.949237021467916],[7.722993600609668,35.925688503930004],[7.716006133804395,35.90002190591965],[7.734047707672313,35.88660896251759],[7.751482777634058,35.8808789641869],[7.755032237283506,35.85921672279122],[7.776783705700552,35.82139462364451],[7.770340332671728,35.80002210622717],[7.798035773867258,35.772513948101256],[7.8064768962435815,35.77142142543987],[7.8144675717219,35.76643613423616],[7.827666507722779,35.76477294576721],[7.841266811657821,35.76379194488293],[7.846461605027833,35.76603481480378],[7.842180851288273,35.757437714048436],[7.840334855274637,35.74477835667848],[7.828330909053313,35.741514233946894],[7.809847918718797,35.742950102068036],[7.80827837220909,35.73676087915746],[7.813731861934113,35.73549892890302],[7.811421980287579,35.73108891281664],[7.813972644876763,35.69624550178439],[7.8199433608735145,35.670346965281915],[7.817486409870027,35.66731038243839],[7.833289467962397,35.63836634308156],[7.839077380950308,35.6266254761077],[7.861604729461779,35.60730871635423],[7.867526389852575,35.5926382117708],[7.840896700334454,35.592531250227346],[7.817464089428652,35.57223338497163],[7.80393521218676,35.568126569335305],[7.799007905099127,35.57150210623976],[7.800920850136644,35.579238643850225],[7.78143901894906,35.582328816235965],[7.74629685552732,35.567555783231455],[7.73920239278677,35.561308566081756],[7.710097887961076,35.552203098988905],[7.707079082937136,35.5477930406449],[7.671553385677075,35.53771106558625],[7.660503735929951,35.519263715371274],[7.661177077596738,35.50703245992972],[7.609112558202345,35.46987916387509],[7.585323321129437,35.447360759351206],[7.575067333156126,35.432346922410424],[7.551081858547221,35.42409762439965],[7.545900372447822,35.42960907648905],[7.524915873399773,35.42026723376183],[7.469756778187143,35.40835695816276],[7.458689279359358,35.400847883888176],[7.443541734618316,35.403723973114204],[7.403325086559948,35.39610336463105],[7.394839447498291,35.39159077419934],[7.399499189376806,35.3869087191185],[7.392832816265297,35.37512772821785],[7.403200206424974,35.366017825927976],[7.410334823903813,35.35822329185963],[7.4069592478239885,35.35644858790402],[7.409059507880012,35.35266280066022],[7.3966810212157235,35.33873259782184],[7.402228145269377,35.30252913351387],[7.394910787040542,35.297945218507465],[7.408136444678263,35.27920359760027],[7.4254823792388445,35.2720422324718],[7.415676808438667,35.258232454551425],[7.3909287524637595,35.24442706009353],[7.38974269795945,35.226603984403646],[7.435493018168381,35.1659334944782],[7.362345973124401,35.07401805972523],[7.353918260547996,35.07602461300131],[7.307873604472098,35.055570769910815],[7.285417505086887,35.02193578162466],[7.2839817426079545,34.998721694982116],[7.262127611790884,34.98933078742479],[7.265199996464838,34.98462646429747],[7.242561138591136,34.964029860678515],[7.238753008755368,34.94829367490767],[7.241263541042174,34.937814764451474],[7.233807920276748,34.92903480262197],[7.225041277142087,34.905637922050914],[7.2310388291698455,34.90055900546317],[7.231480233889775,34.89012914414557],[7.242650257279074,34.87924896142369],[7.260027440465171,34.849216955937216],[7.257356370378525,34.83367249888941],[7.261347293600559,34.823835727213634],[7.263077422641971,34.84273787041738],[7.26776394972879,34.848320615437665],[7.264776315987978,34.85092478652429],[7.2676167628284825,34.85752866485157],[7.2621410287330805,34.86910450469766],[7.265891127340933,34.88229003922537],[7.254114633883133,34.86760626493996],[7.247029149844234,34.88027011603348],[7.270885325903177,34.93195556305611],[7.297568566314199,34.95007291170424],[7.305559263549396,34.968832337254995],[7.319935433334754,34.96867182130862],[7.341789500112053,34.95392557006942],[7.365989001026598,34.961728934885066],[7.368847288558515,34.93733771940165],[7.388213194710841,34.91400765426301],[7.396988738514075,34.88454637282339],[7.394183951929446,34.870357516842304],[7.398246179316385,34.869430030154575],[7.386032678904034,34.837770383825976],[7.373163759780854,34.81952373749928],[7.3720355610525194,34.81125658358519],[7.3685575054576695,34.80912957153192],[7.370590794780382,34.8042023300574],[7.359541208421767,34.79162760734323],[7.369355627976792,34.77054058197269],[7.387285712439391,34.753328406803575],[7.386960144161398,34.737503095383474],[7.391160654832919,34.72940085884117],[7.383134255925579,34.69056659198283],[7.372998700602401,34.666491846306165],[7.322963150849002,34.59842367991904],[7.313184334324913,34.59051772942468],[7.295709166228939,34.55871985442537],[7.274060194067942,34.53820796254044],[7.241562243827832,34.4466448607121],[7.2263165966651695,34.342016443791444],[7.422624032819144,34.27649445128015],[7.650394952041084,34.260994582672105],[7.810191318691098,34.244313149829765],[7.85344454044367,34.35513072571773],[7.851299728926953,34.36738432280109],[7.857613808658526,34.38152852807504],[7.8542338765799355,34.381662318516945],[7.855531468579598,34.40477834955243],[7.875945212930239,34.40587522494576],[7.891115039132032,34.415796741773356],[7.90235647552516,34.41300977925867],[7.922400120766648,34.414699794886154],[7.936633545512108,34.42149998820504],[7.932187810530719,34.42303389756124],[7.941355763105629,34.438355338911556],[7.951642918937469,34.439372041531726],[7.953029653965194,34.446270247955134],[7.973947319969672,34.44664478263162],[8.003029588436938,34.45655297242618],[8.010280066944034,34.45666890271027],[8.017980931256318,34.47132594613213],[8.04542670998212,34.492867825199106],[8.07232848074879,34.49595803341292],[8.071053197164995,34.50253522136348],[8.082508570323728,34.51510544202298],[8.10152665203757,34.51197061669269],[8.115202694249339,34.51163624871956],[8.12559245119383,34.527180668924395],[8.148645968931929,34.5328927216133],[8.15215527136102,34.54627449271475],[8.166299556554296,34.55389515003558],[8.160079122169247,34.56643410694986],[8.161448092586888,34.568538799384136],[8.171646061039999,34.56364272590133],[8.16926038498146,34.572873017151444],[8.176452920394594,34.57480826707953],[8.185883937030129,34.5703625960671],[8.222363817758943,34.57677920342383],[8.22287665532701,34.57992291129658],[8.204255419499564,34.58842197833514],[8.209347736346867,34.59098149289204],[8.213360955386412,34.60391285945573],[8.226417134475847,34.60948676083823],[8.231741316555361,34.61467714464918],[8.250581035656406,34.613540041649685],[8.243977104018374,34.619011379659526],[8.24131055782157,34.630703117145224],[8.266642717897561,34.64308602937388],[8.273518634485484,34.64333573767284],[8.280644295697725,34.656097729317516],[8.276787152844296,34.65926810669923],[8.25953936214155,34.65895602227737],[8.24123477283108,34.66844049380286],[8.236338710249205,34.67966849781861],[8.242340590407899,34.68895240528729],[8.264390879607014,34.69113289282872],[8.293789737424044,34.726823544648305],[8.300135004070667,34.7311087196227],[8.312500092516046,34.727545923389464],[8.320883218404719,34.73178651348687],[8.293789737424044,34.74481152678263]]]}]},"id":"000000000000000008f1","properties":{"ADM1_CODE":382,"ADM1_NAME":"Tebessa"}},{"type":"Feature","geometry":{"type":"Polygon","coordinates":[[[-8.66659288300003,28.713538506505646],[-8.666668678857599,27.31273864329988],[-6.864583202601431,26.23892408322794],[-5.682290453058489,25.520407386268044],[-5.131894674775444,25.71559116372201],[-4.8359709277509895,26.00281080739435],[-4.22123921515061,26.021467637161983],[-4.179033805560105,26.100019213478543],[-4.151387416058819,26.207461288608],[-4.094792490773675,26.30004997999827],[-4.070445774261198,26.337002589192352],[-4.043593061230377,26.360551059401228],[-3.8425857732334654,26.633506055187862],[-3.8256901836673416,26.650352562963644],[-3.8087144463296374,26.683586202136944],[-3.7715701089771065,26.713435430788785],[-3.7015755786016187,26.772099383188383],[-3.66153733450324,26.785102153334158],[-3.6329767776300326,26.806644028384863],[-3.5563158986527705,26.828292959574085],[-3.534479684633824,26.835570211397947],[-3.4966264174736237,26.835851121092716],[-3.4614039527586904,26.827650897829518],[-3.3874140459513837,26.82753041593319],[-3.313069721360952,26.823022342341947],[-3.198401719033935,26.826420131903717],[-3.1331115695944494,26.868295541538505],[-3.1212681904992663,26.91338597879107],[-3.091106795353059,26.991429150431983],[-3.1021252658519436,26.998536977058784],[-3.078001539892937,27.054061706237288],[-3.067313036734683,27.068210419153363],[-3.065707794984167,27.082992373807443],[-3.0572666718569943,27.107290026911727],[-3.0334640285737273,27.166248210158706],[-3.0130190692609093,27.246124119844442],[-3.006062834459879,27.270591160111927],[-3.005139779064271,27.302451473436733],[-3.036148414374748,27.30852478498871],[-3.588867388084611,27.34743485209704],[-3.7249323269527657,27.437080675040818],[-3.994752560022246,27.704822895780353],[-4.0118398220535605,27.995226293982626],[-4.017627790622776,28.002735429951993],[-4.013271194176632,28.003934925144083],[-4.338384300740434,28.487653763172936],[-4.394675988482228,28.649509125869344],[-4.519495087223878,29.00212260463852],[-4.557275966600919,29.090972408669572],[-4.640760387647782,29.305430588222208],[-4.753419575506807,29.354095001314228],[-4.907766904919902,29.41760373095751],[-5.284409315682944,29.413238328728806],[-5.4563254861970805,29.52761874535908],[-5.502526277386593,29.56029503732757],[-5.554867193560426,29.496641306195865],[-5.567432925645474,29.486345227878733],[-5.6109626627814775,29.49058590791083],[-5.642051538984851,29.49924095183518],[-5.686147525179104,29.53906969035976],[-5.712848679824545,29.517171004597763],[-5.730091973330285,29.51934263973083],[-5.741364605775457,29.51297500526463],[-5.747906140158045,29.516176687364776],[-5.748227131749421,29.534962854180836],[-5.721633057300654,29.573520673128755],[-5.721062295965127,29.588195612270837],[-5.791181656508702,29.61374626256009],[-5.80416657035873,29.614138686459476],[-5.867129094142581,29.603517067363022],[-5.880898800677801,29.58620239217073],[-5.884046901603866,29.59407267220035],[-5.922609197856279,29.59525434682313],[-5.9969112144076115,29.57657514219972],[-6.001936635733324,29.580441249084306],[-6.011987433346341,29.579665348814814],[-6.020107448604487,29.573092603352684],[-6.0301582605559405,29.575415787119834],[-6.063409806903346,29.56265387704852],[-6.156582757158813,29.580824681434933],[-6.196790451300149,29.58430727046856],[-6.239700341588197,29.568067192936773],[-6.289187484675289,29.568843072667335],[-6.298854763149417,29.565360580053333],[-6.31702564723146,29.570002451928335],[-6.3437000171379765,29.566519911260837],[-6.370374324090683,29.569614529917654],[-6.3900924675174124,29.556857011137044],[-6.423343954899989,29.563817662995245],[-6.462775849930827,29.563429774552958],[-6.468189200887645,29.557244996255296],[-6.484041285825061,29.55299095093772],[-6.523089648811714,29.519743928548465],[-6.55169471709462,29.523993483939133],[-6.569094154774084,29.5209032638738],[-6.613555838227777,29.52747599212313],[-6.625537424239198,29.521286783944433],[-6.701360012739604,29.511481179843585],[-6.721706932456121,29.500110501336025],[-6.746673409014821,29.474827379801543],[-6.775532737150895,29.462060985683987],[-6.799125822601923,29.461365402661748],[-6.835431843071212,29.466181207312538],[-6.859823089339416,29.48340222104347],[-6.88495458534739,29.48262636769441],[-6.906465272256068,29.500199729506743],[-6.930602418881684,29.495602344183254],[-6.971140061769664,29.49617308593932],[-6.981101713633638,29.50349943779857],[-6.9992859218086485,29.503049025988545],[-7.023476547206546,29.492993744648757],[-7.028814088715008,29.500534108759915],[-7.0357257096357095,29.4967661589072],[-7.060228446225083,29.501162894236472],[-7.1016936212974295,29.5231506724949],[-7.120230100919921,29.525665578180718],[-7.120542311214094,29.51969485504543],[-7.150873090782357,29.52033700840973],[-7.25419043476489,29.471920114172335],[-7.289261285861219,29.443711794816675],[-7.314040541330694,29.416640622153853],[-7.344924256651509,29.39281558959189],[-7.3920034105035395,29.37851975772347],[-7.411257834263121,29.380044780753487],[-7.484387111183136,29.362988700684777],[-7.53178736456223,29.362801384409224],[-7.583753660973589,29.375170946488645],[-7.594794383783502,29.374791964994156],[-7.6144011066076525,29.367367515050603],[-7.624871089621656,29.3568975659547],[-7.632295447762416,29.321871305139872],[-7.649235559882482,29.304168656090553],[-7.680431445522266,29.29668184578715],[-7.7180350692301,29.279567847172835],[-7.772993502904109,29.258837446266863],[-7.82265000540413,29.222437808067944],[-7.885469818926628,29.189382513013193],[-7.8903882543864805,29.18941368962556],[-7.955709592616218,29.140238747107116],[-7.959709401714851,29.129612688399828],[-8.12625686008176,29.037313749588204],[-8.171244732371619,29.002242973670633],[-8.200215504135832,28.998238669877786],[-8.223282438709987,28.989663830198733],[-8.254353414306863,28.960496893164684],[-8.283515947761071,28.944296970383057],[-8.372154010741044,28.87510062156295],[-8.434443168277701,28.813997522172],[-8.463699290372217,28.795594858816962],[-8.65201159296472,28.71653050775979],[-8.66659288300003,28.713538506505646]]]},"id":"000000000000000008f2","properties":{"ADM1_CODE":383,"ADM1_NAME":"Tindouf"}},{"type":"Feature","geometry":{"type":"GeometryCollection","geometries":[{"type":"LineString","coordinates":[[1.8499606385096057,34.47590988003556],[1.8503887305463953,34.473680347812554]]},{"type":"Polygon","coordinates":[[[2.010983265265281,35.508508409133356],[2.0140288144657092,35.534464839252],[2.02525680097589,35.54081906675349],[2.056194060795407,35.53778240697331],[2.077040322520257,35.546259125532785],[2.0833276618629943,35.57072624671819],[2.078766003498887,35.58138792036657],[2.0157054348228067,35.57480182094974],[2.0051552107724375,35.58420606089934],[2.0096098329553143,35.59039084457892],[2.030099398754172,35.59491239236704],[2.0351426278077196,35.60923944771897],[2.0250784133055815,35.6094758024487],[2.015067728857301,35.6021940725656],[1.9990863748924772,35.60110609945954],[1.9907746199644436,35.597275719468485],[1.9830023581537788,35.59612525975128],[1.9811786237410718,35.58609229872707],[1.9704366347683984,35.58140132395245],[1.968416671909957,35.572117452167134],[1.9524129364351264,35.56595494747415],[1.9288867045634626,35.56747999278438],[1.9159062576844612,35.55854398205129],[1.8976953015252316,35.55843692556257],[1.8851920158419524,35.55491868554605],[1.8508926056525463,35.555529619763874],[1.8461659052381303,35.551574389851545],[1.8272459634932736,35.55299241943927],[1.8164727545947128,35.54966140022244],[1.8023641932464856,35.55689407924301],[1.7974101594614176,35.554116087109165],[1.7880103464721215,35.55824964317985],[1.765144049330105,35.5560513522381],[1.7533631473677116,35.55723741062879],[1.7385901518547633,35.55382176071492],[1.7402132477639174,35.54472075408269],[1.7376046666331524,35.54211213550146],[1.7289673860472348,35.54413212844507],[1.7201116175905184,35.56160735542433],[1.7243745361328169,35.56584355146694],[1.711585772336658,35.57450312295385],[1.6927728515211355,35.57610839439719],[1.6898164615031082,35.57966228318452],[1.6959388396031212,35.5498621341832],[1.6810230945770126,35.53874552068469],[1.6749230609757202,35.544992728091636],[1.6641142034540737,35.544078680780956],[1.6593742023416722,35.54694584511667],[1.643209938756268,35.5451711544019],[1.6342561124299735,35.54826573962922],[1.6301760182294416,35.56178570415868],[1.5983647766351214,35.58058529876392],[1.6000726258770355,35.589641747897666],[1.5942222874436607,35.59216116499712],[1.5998808632140984,35.59967025690856],[1.5971652668891538,35.60666214252299],[1.5937005822801118,35.611874786121945],[1.5869405207616247,35.61457260338275],[1.5864634444518901,35.60706346211074],[1.5766355762210853,35.609582804703095],[1.5702590862599455,35.61537517081685],[1.5598693319351402,35.608441266752536],[1.554224147640572,35.6149694071987],[1.546478651833561,35.60122199243161],[1.5136997902502574,35.5987605656744],[1.5003269895756226,35.60644361113084],[1.499760644253138,35.63812554226465],[1.4931210815632279,35.644720541285594],[1.498962457122106,35.64620992334623],[1.495252522314015,35.662137768847714],[1.4768854577747226,35.67056103580009],[1.4676150185108043,35.673370260761466],[1.4368026393082503,35.67194335528335],[1.4337347837819394,35.689538974052574],[1.422096476189006,35.68775980837203],[1.4113054854260665,35.67779369208441],[1.4004386318772655,35.68902620224973],[1.3890946725109348,35.68696161639142],[1.3810014219794593,35.69349868392505],[1.3827984713537318,35.69831000143042],[1.3674100817912602,35.70696065725111],[1.3650779824999646,35.71155353176591],[1.3477410203548703,35.71372959086231],[1.3390501928340803,35.70685367928527],[1.3412886821767618,35.69716852004848],[1.334555402448007,35.682729948921754],[1.3392196753582182,35.67631327387219],[1.3474199398402882,35.67504686177998],[1.3430946402437038,35.66370290983242],[1.3314652953769526,35.656140295123244],[1.3401605216941606,35.65098556731548],[1.3367136247982943,35.6473202293796],[1.341761332695767,35.643249046709904],[1.3197824626136132,35.62451188237707],[1.297437894166311,35.63734962230074],[1.2925596375346085,35.63190952543714],[1.28453326724937,35.63907088030293],[1.2732338914720427,35.66084463151746],[1.2666076715108643,35.667787470419135],[1.2644405535593461,35.679702193335906],[1.255785386141667,35.68915548866906],[1.2247188892640748,35.68285927388043],[1.2190870243167462,35.67362889003267],[1.2177403303797298,35.66555343738733],[1.186932462989014,35.66675741590118],[1.1762484205864767,35.658048835789266],[1.1793385590488548,35.6530100036055],[1.1579081723312135,35.6295149866397],[1.1272785811856043,35.625287768265096],[1.1217582019700438,35.62287544173222],[1.1213033930487997,35.63640429987173],[1.11098945808466,35.63571759276119],[1.1065036343134782,35.62975578573673],[1.0941875591945676,35.63210576306641],[1.0840654071135194,35.628101502292786],[1.0621979698969473,35.63612344301506],[1.059602805720126,35.60483390103568],[1.0507425496943057,35.59910395959469],[1.02664556928348,35.60260433643154],[1.0215755760724405,35.60592633757416],[1.0123095641454205,35.60226097518367],[1.0122873032886723,35.574355927152794],[1.0054024146372516,35.57119893094676],[0.9746212879616142,35.57432024347137],[0.9530793224946691,35.5670563696075],[0.9533245692406493,35.55861534379618],[0.9480360916083336,35.55122211953437],[0.9500426842663332,35.5433206243072],[0.9297493235179591,35.54156820527287],[0.922311579653879,35.543806612181754],[0.9184098534546628,35.53861620728806],[0.9246124600792,35.529782802024734],[0.9059511136303939,35.52857877025778],[0.9087112569602839,35.515901599206664],[0.8979871707531173,35.507246481388925],[0.8896174186503407,35.48342592943988],[0.876784151001833,35.473241321708805],[0.8715982211347482,35.45776831480216],[0.8653510014826304,35.45181093817267],[0.8594783459326181,35.45524886994182],[0.847706350100713,35.45267151974034],[0.8497709073474434,35.457995652211764],[0.8440364945229912,35.458174057312526],[0.8419585634963677,35.45421879608671],[0.8365719769347918,35.459890827546054],[0.8284786478104038,35.44184482747547],[0.8337092325968504,35.43668564170938],[0.8414502177591419,35.434621070388374],[0.840322053059323,35.43124105741857],[0.8552645204986847,35.42442308115612],[0.8718389795217343,35.422122232569485],[0.8901614401027952,35.40155241687827],[0.8999892748474825,35.38774257401089],[0.8951021355918635,35.380924621189976],[0.8855908227545732,35.37742864632155],[0.8855685577731928,35.37444548529641],[0.8683341576918246,35.37783441281914],[0.8631526471028581,35.370842594402795],[0.8621716472571764,35.339214145862364],[0.845530318290215,35.32792813448394],[0.8320548874238268,35.323170333570516],[0.8344761867649969,35.31365904478432],[0.8272078530978616,35.30403635152609],[0.8264453226783038,35.29469450090465],[0.8008946968965074,35.28026037671272],[0.7854438716651794,35.28736374675586],[0.7801554192039866,35.29601887460335],[0.7760084449030158,35.29109152266831],[0.7786526770656408,35.287996950702556],[0.773484618908716,35.28535714968333],[0.7741356422624135,35.280719651781055],[0.702977289642622,35.30766152198755],[0.7026071509033004,35.31047078199356],[0.6778769912678748,35.312593358558026],[0.6512427716068361,35.30478546434702],[0.6356492923442497,35.29464098856131],[0.6153292179212096,35.28131269113351],[0.6290186437716143,35.27495401460164],[0.6168720632076197,35.27329079141836],[0.6168720632076197,35.264814057154084],[0.6248047852058516,35.26291895381341],[0.5968372700696206,35.25145903229429],[0.5897429004484427,35.230835703093085],[0.5923380756721643,35.223558467403514],[0.6069995605940975,35.212441943365896],[0.5946568146353919,35.211808734972244],[0.5913704271639835,35.19531007186508],[0.5803386092349498,35.192384896462855],[0.5748985017541554,35.18253027102903],[0.5339282918314131,35.16918420873475],[0.4995174285025605,35.118823124768255],[0.48712114376429644,35.11246439981725],[0.4838570257969409,35.10004133048172],[0.5102772305665948,35.0999655731713],[0.5261917418424533,35.10575345967878],[0.5825146721312807,35.112678406964164],[0.6133493227002916,35.110725343089825],[0.6292147976309918,35.11714647737732],[0.6412321193032408,35.114796521134885],[0.6452229741016123,35.10012606360899],[0.6533474544093155,35.09748629123893],[0.649673211507312,35.090208999628295],[0.6531958915667103,35.07783053794361],[0.6608744450913899,35.07061124918208],[0.6923512425941675,35.0663082851337],[0.7082167473455568,35.05886153710646],[0.7095990740452942,35.054674463593656],[0.7196855314815962,35.05369795876383],[0.7198327072743005,35.0490559973181],[0.7379723386188144,35.03713683958049],[0.7488436268247836,35.01553691153652],[0.7845966974050673,34.97484762928981],[0.7839947150800937,34.96768187351347],[0.7956061892091966,34.959606407551966],[0.7905629315692971,34.95423324957421],[0.7549659681157826,34.93089875355579],[0.7210410763459358,34.90271273210852],[0.6470244784721921,34.868168123768385],[0.673359931649141,34.83327118845913],[0.6727088677700921,34.825423164188074],[0.665445027659241,34.823126748096385],[0.6586404312757023,34.814418060534365],[0.6632823989401627,34.795565051927944],[0.6565981991881203,34.778611550952164],[0.6617617900733559,34.74588615213214],[0.6696232073048148,34.74073144731536],[0.6733822250737772,34.727260467833986],[0.6891718969773406,34.71385642683275],[0.7381818566561391,34.647264202114485],[0.7879989292984235,34.66536372889694],[0.7893813014095616,34.645770429685875],[0.8082700191483418,34.62141034818886],[0.7740508896327316,34.598722440640586],[0.7890557385170072,34.57815259034523],[0.9291741102097207,34.53126075524715],[0.8519156860585884,34.41776770562818],[1.0385290739704485,34.38644691380088],[1.0077256139801032,34.19627967918141],[1.0957928902952825,34.20084575093933],[1.1414407145993046,34.20089930298938],[1.2672319355892439,34.208617968835526],[1.2713075408460441,34.19709569871275],[1.2652833165323558,34.18981846997731],[1.2654973694167735,34.18661233450593],[1.2688550215204177,34.18598358976913],[1.262741641191442,34.17859041630254],[1.2687168122328796,34.1736630727685],[1.2679721642735675,34.16478505509277],[1.2812558295227312,34.143461631133185],[1.278928117820395,34.13555564113299],[1.2857728596301155,34.13309425174925],[1.292608648028481,34.121919674737484],[1.298329674039153,34.119453821540944],[1.2969785999895234,34.117389249533076],[1.3068778289114167,34.113434018418104],[1.3054642250082455,34.10077460655856],[1.3284553539269164,34.0796251568371],[1.3299447432523104,34.07559411327738],[1.3806937847766814,34.101795784851376],[1.4327002221957839,34.1326170583788],[1.4210932262954366,34.1332413956498],[1.4043314300762801,34.159032840123864],[1.3948826142727488,34.18493127412466],[1.4711689248897322,34.2065266478834],[1.5709903349638257,34.27125501301172],[1.584604021915409,34.22748449874572],[1.66176870782161,34.2655206072293],[1.679163676754606,34.36041470754428],[1.691858715793783,34.37112551190452],[1.6901731964098703,34.378523147236024],[1.762825338627708,34.439590553162255],[1.8190100275434156,34.471276930440666],[1.839526338905336,34.4690339447113],[1.845456955213507,34.471499834916415],[1.8465494501115187,34.47619975925527],[1.8499606385096057,34.47590988003556],[1.8606580110386073,34.482152619357805],[1.868648716670722,34.48009702692062],[1.8728581368342105,34.48386940969388],[1.8787040176038035,34.48215263697625],[1.8813393419940465,34.48696401098295],[1.8889732797681549,34.485300795011256],[1.8937222410967793,34.48977322522045],[1.9197633694973006,34.48822146865426],[1.982164059657035,34.507408985917124],[1.9952337004438803,34.50941559757108],[2.0201913026957343,34.550470505790514],[2.106247450777297,34.608875804528],[2.1776600024658426,34.631728702883905],[2.1804692143021644,34.63711536202359],[2.1996032244032273,34.643014738559536],[2.2204316756894023,34.68352566129656],[2.3628999244631967,34.698343242093365],[2.3692185061482927,34.71214860541786],[2.361441786927706,34.72630623323435],[2.3554799901797883,34.79180149887086],[2.424957279675116,34.80927229503801],[2.4573348233721406,34.856654691184325],[2.4730308347684598,34.8914892165077],[2.496097742831533,34.99102526227201],[2.5414512457780463,35.01095745088125],[2.6007260884861485,35.01077464845581],[2.6293936641705336,35.03563857639893],[2.648219965488928,35.03862171389964],[2.581226448480245,35.08870635364971],[2.6352752338609107,35.17579698498772],[2.651733770952875,35.18433175879588],[2.667456549007902,35.185651626461926],[2.651105057796781,35.20410336605682],[2.6685980789823223,35.24472579840089],[2.6362695673024823,35.23980740221518],[2.610785866172609,35.24650940794274],[2.5820826179374987,35.26490772753039],[2.564883879771445,35.281928067143454],[2.571603741939789,35.29229545707758],[2.5710463004828856,35.30530719361226],[2.5592608937247423,35.31430564115976],[2.5580658597953114,35.318831649724174],[2.5215948806971604,35.33653865825741],[2.4985011795688834,35.312249962229814],[2.4783371723469263,35.316379085957536],[2.459827387484529,35.28589664799289],[2.442080196464015,35.28618208236191],[2.4037854047962868,35.25404529808103],[2.399687541388492,35.24619728331285],[2.391558612736146,35.252328582450424],[2.3893870035955,35.25776866731123],[2.371042286388051,35.28075090730421],[2.3567865393311433,35.30785779802972],[2.3445863849168207,35.31484515788074],[2.3443188950222287,35.31959857807914],[2.3316059784290766,35.314564231494444],[2.328707550020543,35.31926413013974],[2.31111643313233,35.3244768301022],[2.29657972720573,35.336627877903574],[2.2690403155687093,35.34098442076765],[2.042901504235249,35.47189024896441],[2.036975304917482,35.469027520454276],[2.0236693477216843,35.4807727812346],[2.010983265265281,35.508508409133356]]]}]},"id":"000000000000000008f3","properties":{"ADM1_CODE":384,"ADM1_NAME":"Tiaret"}},{"type":"Feature","geometry":{"type":"GeometryCollection","geometries":[{"type":"Point","coordinates":[2.2588824833275667,36.62679739626487]},{"type":"Point","coordinates":[2.345192871754897,36.64782211766183]},{"type":"LineString","coordinates":[[2.260831138675469,36.62847849596227],[2.262864473580121,36.626926762713815]]},{"type":"LineString","coordinates":[[2.4585164637658745,36.59553913044364],[2.46023318230959,36.59737184329917]]},{"type":"LineString","coordinates":[[2.664228188482913,36.53583174326743],[2.6670195295073857,36.53508261205461]]},{"type":"LineString","coordinates":[[2.8056307221397296,36.70037708712178],[2.808127838916251,36.70219193627087]]},{"type":"LineString","coordinates":[[2.658658737400316,36.626721590999885],[2.654944295069052,36.62783195702998],[2.6556220854471184,36.625575623043076]]},{"type":"LineString","coordinates":[[2.1989967305480596,36.613478119896634],[2.2008071583713753,36.61529293192619]]},{"type":"LineString","coordinates":[[2.190849992003799,36.61080261351138],[2.1910639958209455,36.6132684939286]]},{"type":"LineString","coordinates":[[1.9137168814152201,36.57680647118256],[1.9117281311977214,36.57939718982771]]},{"type":"LineString","coordinates":[[1.6475842989860343,36.47625372307427],[1.6442132864070114,36.47573646197106]]},{"type":"LineString","coordinates":[[2.245353588727045,36.43245641159584],[2.2436278876200095,36.43056577186959]]},{"type":"Polygon","coordinates":[[[2.47908183398917,36.41666673999403],[2.4953218462139723,36.42451474788766],[2.4965213765648464,36.42846999354046],[2.5105630705129998,36.42898720228143],[2.512333322329106,36.436603360486366],[2.525683892584144,36.44450939898466],[2.5132875566112456,36.45350786150247],[2.514259638842653,36.46433901524811],[2.530526465993526,36.470238367291444],[2.543341962699298,36.46256430964891],[2.564687630560056,36.46513271292027],[2.5654010892819565,36.46972113929196],[2.573458701184518,36.46925740925505],[2.574127590869827,36.46530659513842],[2.5907778268390462,36.457507658624465],[2.604302316083364,36.460771709408895],[2.6039143293969698,36.467371161697926],[2.6164533254713063,36.471085575947065],[2.619949291628597,36.475669607444175],[2.620631495207826,36.4846056357948],[2.6260626766525275,36.48541274143807],[2.620702896226655,36.49819249367235],[2.6157131143904064,36.50134061697359],[2.617336264213882,36.5065577535607],[2.606835057021363,36.50931347769459],[2.6076153969986953,36.51480712817958],[2.6561037052479852,36.521678581463554],[2.659867118206067,36.53377164530057],[2.664228188482913,36.53583174326743],[2.666921454585977,36.54293507323655],[2.67332919587336,36.543679801646206],[2.67153218372322,36.54626163443512],[2.6765397636550543,36.54665849300424],[2.682889457486894,36.55439499326097],[2.6883340270564315,36.555937819925546],[2.688882560451819,36.56138241058253],[2.701880829554649,36.56144480261761],[2.705051256942341,36.569176895416284],[2.73290277597956,36.58767772698516],[2.736117806143457,36.58670565660475],[2.7354444668918885,36.57885315847796],[2.739350667222129,36.580173091641626],[2.7490000946362194,36.57764919950349],[2.783081009794428,36.59190939056792],[2.783027520096137,36.60154106090126],[2.8191194882739334,36.60204940037614],[2.831324054300611,36.61098989757391],[2.8309628593170353,36.617353058787124],[2.834958214046071,36.62422450064579],[2.820047005646171,36.64365284164801],[2.813710625355197,36.647028380156016],[2.8088814317254176,36.65284302072305],[2.8043375550273906,36.65176837449878],[2.8020188062309543,36.65524650181599],[2.808863566731078,36.66176565893006],[2.818521987536871,36.66001328106288],[2.8191194882739334,36.66505202259834],[2.824929736312235,36.66352256856533],[2.8269541527537454,36.668900266342945],[2.819003530872118,36.6718165293323],[2.8064066241960663,36.679254265589385],[2.8111377207705885,36.68574226201121],[2.8056307221397296,36.70037708712178],[2.7704127124761153,36.681996618187064],[2.718232317230769,36.662933966537324],[2.6906750825834007,36.649931218751014],[2.687638474114247,36.64859354379386],[2.671545524428769,36.63894851279698],[2.6706849051195456,36.636424643415765],[2.658658737400316,36.626721590999885],[2.6556220854471184,36.625575623043076],[2.6437475157733874,36.618414340118214],[2.6388558575815098,36.61752699524115],[2.60157777336458,36.60132259575006],[2.594545804553199,36.600823185700435],[2.589025383150395,36.5993159932743],[2.553209895827381,36.59293501659856],[2.534080356612129,36.591704285874265],[2.51387172511738,36.592547053827104],[2.5110312534066623,36.59229289431848],[2.508070405094157,36.5919094378145],[2.4975424933256223,36.59272989656558],[2.495147941443493,36.59027737657161],[2.492583998214384,36.59269867690252],[2.473088800303811,36.59229735728485],[2.472098867661536,36.59513333101491],[2.4585164637658745,36.59553913044364],[2.4557785389036084,36.59436194136636],[2.4498345556423557,36.593795653552235],[2.4478904119022027,36.59564166689107],[2.426455518416749,36.59606977487371],[2.4078967489731884,36.6054115387261],[2.4060595915325895,36.61751358259059],[2.408619090974073,36.625236772606165],[2.40131509788958,36.62867466627602],[2.403624883552779,36.63271913994726],[2.367827261842736,36.64209213946426],[2.3541645953274357,36.6424176933348],[2.3513508481341128,36.642952752946925],[2.3467222960668193,36.64387575696641],[2.3203601557478137,36.639496978522516],[2.2835234861975753,36.63031568065687],[2.262864473580121,36.626926762713815],[2.2487113056531127,36.6179282792283],[2.2390350000638293,36.620835575742866],[2.2370195543161553,36.61667524560601],[2.2261749630707763,36.61366981758979],[2.223602058422456,36.61460627400687],[2.201489379374263,36.61198871481156],[2.1989967305480596,36.613478119896634],[2.190849992003799,36.61080261351138],[2.187755338852882,36.6109051919114],[2.1731116870869105,36.599802047884076],[2.1620442176067516,36.59965043121505],[2.1604746166623383,36.601549990355096],[2.1496434726089317,36.59326502039488],[2.1109206322043335,36.583677891112266],[2.099937801042403,36.58466787518658],[2.0930708296172913,36.579727140065415],[2.077490740976704,36.579009219027476],[2.0738833308138735,36.578358250176414],[2.052600036309927,36.57603505112355],[2.0224877249892215,36.568222699570256],[1.9565822249489886,36.56801312542794],[1.9137168814152201,36.57680647118256],[1.9100024436218705,36.5745010474502],[1.9075900528109901,36.57582101764125],[1.9011600154387176,36.57452780747421],[1.87585464213584,36.568021984580504],[1.848569424028727,36.56966738131853],[1.8092935986454384,36.56052180007412],[1.7825568492220079,36.55776164820253],[1.7538848466562453,36.561186219739476],[1.7342959961094595,36.555353686525635],[1.7293419612922587,36.5561518890393],[1.694253310132984,36.550965916120724],[1.6944093694332065,36.54311795105727],[1.6887819468560652,36.53996090910101],[1.6882379632781515,36.53211729168619],[1.6811970506514309,36.52701164848305],[1.6717303612277843,36.515043399664755],[1.6731260310174052,36.49750580247488],[1.6683592471725353,36.49360850368803],[1.6750702281221892,36.491205103794435],[1.6536798905523222,36.48461454492388],[1.655231712277576,36.480092992751295],[1.6519319809263195,36.47602184968793],[1.6515529603212629,36.480146478265844],[1.6475842989860343,36.47625372307427],[1.648195197643396,36.464388047997474],[1.643767359475757,36.46003598412854],[1.6547768532711429,36.4493430081046],[1.657537056870416,36.44403226668624],[1.6705620987379672,36.4436531946718],[1.6695944640859286,36.43047658034433],[1.6734649840593905,36.42543783573068],[1.6810588348558992,36.426967247158125],[1.6849515872404077,36.41923069415911],[1.6898967080601939,36.40431058385584],[1.6983289115110305,36.400475779432334],[1.6953769644507588,36.38430706742264],[1.7047723241283494,36.360205578845495],[1.7115412510768864,36.35901945136143],[1.715112965628229,36.365810675328774],[1.73614210897299,36.37911666093483],[1.7382512101365797,36.38511414389189],[1.7554009592246398,36.39142378619188],[1.7582636826995086,36.396810379302714],[1.780001771519806,36.39945018150607],[1.7840462343505954,36.42238329870487],[1.7785035319701674,36.43001284091826],[1.781491143892794,36.438507442722525],[1.7877606648868802,36.437905416829025],[1.7959341474148496,36.444446931803014],[1.8071309418732777,36.437383765433964],[1.8118576019008727,36.43371389744827],[1.817819437561953,36.4296427639323],[1.819255275542598,36.43302719264156],[1.8615230447403641,36.4365141804001],[1.8942439740630634,36.43284435522728],[1.9111038465534012,36.4339858611124],[1.9524262917380808,36.43191691199519],[1.9564751487568328,36.42034552476833],[1.9823914767966695,36.41295230539298],[2.011353301361603,36.42045248672364],[2.022804276042333,36.41855744250835],[2.0294082715173754,36.42176352674752],[2.030326837044704,36.42864392602144],[2.0416930553996675,36.42674877371076],[2.0560959429246557,36.41975692236083],[2.0702893034005423,36.422682070373774],[2.0681087589951357,36.4246262542825],[2.0727239427803252,36.42748901355924],[2.0823689439175257,36.42594612930332],[2.089548154386693,36.43367375976844],[2.107718946822298,36.44303341142215],[2.1302641669722924,36.45000747383556],[2.1397353047374725,36.44066120230617],[2.1572774147593963,36.44541459491798],[2.163488907562862,36.44180269165042],[2.1745520084795733,36.44409466846255],[2.1832427526479923,36.43813732761171],[2.212788753201969,36.43589888960429],[2.2170025804094076,36.42919235051245],[2.2267457886687114,36.43022241313439],[2.22566217205045,36.43371831265828],[2.2421608793904335,36.435667003665856],[2.245353588727045,36.43245641159584],[2.2566618290772706,36.42678444869045],[2.2525193426877608,36.422369934699134],[2.25516360062612,36.41812929899493],[2.274208421958211,36.41961870390529],[2.2872111693559836,36.41743814514696],[2.299874995270796,36.4251702274541],[2.3039818771245955,36.423163639816174],[2.307932629896149,36.426374189745864],[2.3308078049885816,36.424363134828646],[2.338976876890913,36.424764488942934],[2.34213387594193,36.420809278899476],[2.356559104491602,36.426655152314666],[2.3738470044991007,36.428371875730036],[2.3855655411926824,36.424015378028734],[2.4060149749066513,36.43020011570571],[2.424225934360542,36.42785018962093],[2.440131553714253,36.42274447743584],[2.450610440707356,36.424291810135955],[2.4526437969563593,36.42142457891364],[2.47908183398917,36.41666673999403]]]}]},"id":"000000000000000008f4","properties":{"ADM1_CODE":385,"ADM1_NAME":"Tipaza"}},{"type":"Feature","geometry":{"type":"GeometryCollection","geometries":[{"type":"LineString","coordinates":[[1.6643862283896367,35.93853964049254],[1.6694785243269294,35.93985510921022]]},{"type":"LineString","coordinates":[[1.4017719456173854,35.933812973721594],[1.3988155654704708,35.93433471457399]]},{"type":"LineString","coordinates":[[1.3796057330494422,35.84757393679598],[1.3769570325228893,35.84643690229185]]},{"type":"LineString","coordinates":[[1.278098743711893,35.725140408941904],[1.2740498758143017,35.72520290601277]]},{"type":"LineString","coordinates":[[1.5971652668891538,35.60666214252299],[1.5939993224638889,35.60688951230849]]},{"type":"Polygon","coordinates":[[[1.7166022746539822,35.92930485155894],[1.7050621132076695,35.91864756696976],[1.6922110173437683,35.925073178471784],[1.6894909527299469,35.923178020434136],[1.6861154171845454,35.9269014068923],[1.6833507973537492,35.925180186961484],[1.6770767926509282,35.93303263855363],[1.6695855684412608,35.93280969242022],[1.6643862283896367,35.93853964049254],[1.6468307086582288,35.94249933197348],[1.6442756676468577,35.949201374961966],[1.6401509945090635,35.94793497002457],[1.6401688477855487,35.95183668988848],[1.633390985028846,35.95297816788115],[1.6264571110722978,35.96306915300584],[1.622724824831904,35.96295319700011],[1.6234115709045165,35.965757984336506],[1.616379567988832,35.96765310410015],[1.6120943169927011,35.971033119872615],[1.6187830218491042,35.97332505124721],[1.6114879262718358,35.98214968209907],[1.614109881516085,35.989426877655994],[1.5899147460849146,35.99819352679101],[1.5870207985448093,36.008511878234216],[1.5780178937638447,36.01079941046574],[1.5794760069083855,36.01940098467975],[1.5640742565421477,36.01722051286043],[1.5653138875183865,36.02043101861676],[1.5607656677162884,36.022147747558996],[1.5672402191185737,36.0379686802994],[1.5518296175669897,36.03266683459138],[1.5506256383425416,36.01980677812326],[1.5433261190092924,36.009376924088215],[1.5352907579147503,35.99677101978763],[1.5264126891212184,35.99310120883371],[1.5252221307053644,35.986399135230556],[1.5090311167717554,35.992815816519425],[1.5062397279730062,35.987375677560166],[1.5157063883063375,35.974199043336554],[1.505053644092196,35.96475019295045],[1.5072742273205164,35.95930122032667],[1.4548307822340047,35.93896321517945],[1.433743704432289,35.943899443843925],[1.425378430238118,35.94143357304799],[1.4326467733563695,35.938276517623116],[1.4139675313486237,35.935529736061504],[1.4066502165829697,35.937362399328975],[1.4017719456173854,35.933812973721594],[1.417686465966824,35.92166642618606],[1.4050048103758608,35.91949038837382],[1.4008488834663015,35.91106261922577],[1.3934022077533321,35.90745524200705],[1.3957967076698001,35.90493581581386],[1.3883233011792686,35.889636699234586],[1.389442508567691,35.88287667290306],[1.3933977148324002,35.885240011377086],[1.4088663441693767,35.87823027241804],[1.4019948685033488,35.86602575082583],[1.3875964250485024,35.84849703584049],[1.3796057330494422,35.84757393679598],[1.3898795355111808,35.84665983552096],[1.3909942912900204,35.83789771776226],[1.3980173516066596,35.83726010480142],[1.4003673226141742,35.840582070278515],[1.4084694986757242,35.83078542996252],[1.4169640983460536,35.83537389266537],[1.4270148951787307,35.828435540791716],[1.3986371520253802,35.806951527557736],[1.3876410535584234,35.78873165003718],[1.3839845435722526,35.78190481149935],[1.373519063785867,35.7760098492093],[1.3425640046970246,35.779572714685855],[1.3308365487093063,35.802487975046375],[1.3288879274207142,35.8118298267312],[1.3240810361627495,35.8160703920769],[1.3039213839607058,35.806617101680345],[1.3019727559518635,35.80232301600279],[1.2958459652065164,35.810746295213036],[1.2867315429327781,35.80329506327112],[1.2821922247504876,35.79332905050276],[1.276796723251438,35.79492980829764],[1.2772024709893501,35.784785350090274],[1.286669167977657,35.780553692234555],[1.271151477186805,35.76674386683112],[1.2745582031367642,35.75895384011075],[1.2736752995779586,35.738776376613245],[1.286691428993435,35.73092837238498],[1.278098743711893,35.725140408941904],[1.2764623001527131,35.71419783990707],[1.2759494693687417,35.70588603785571],[1.270714502022638,35.705087863356106],[1.255785386141667,35.68915548866906],[1.267347889201665,35.675176246798664],[1.2703755739932359,35.66228052086012],[1.2846179724237252,35.64377523311881],[1.288047022142065,35.632765706811334],[1.2925596375346085,35.63190952543714],[1.297437894166311,35.63734962230074],[1.3197824626136132,35.62451188237707],[1.341761332695767,35.643249046709904],[1.3367136247982943,35.6473202293796],[1.3401605216941606,35.65098556731548],[1.3314652953769526,35.656140295123244],[1.3430946402437038,35.66370290983242],[1.3474199398402882,35.67504686177998],[1.3392196753582182,35.67631327387219],[1.334555402448007,35.682729948921754],[1.3412886821767618,35.69716852004848],[1.3390501928340803,35.70685367928527],[1.3477410203548703,35.71372959086231],[1.3650779824999646,35.71155353176591],[1.376239112549046,35.701636518952796],[1.3827984713537318,35.69831000143042],[1.3810014219794593,35.69349868392505],[1.3890946725109348,35.68696161639142],[1.4004386318772655,35.68902620224973],[1.4113054854260665,35.67779369208441],[1.4277060313898629,35.69016772947162],[1.4337347837819394,35.689538974052574],[1.4368026393082503,35.67194335528335],[1.474308104473791,35.67359769118956],[1.4800202603696193,35.66729697171508],[1.4898971747929004,35.66569174095055],[1.4979324411612687,35.65652824632627],[1.498962457122106,35.64620992334623],[1.4931210815632279,35.644720541285594],[1.502208683287679,35.62907805504998],[1.5014417592400786,35.613092113341885],[1.5003269895756226,35.60644361113084],[1.5171199861960507,35.597730504387556],[1.546478651833561,35.60122199243161],[1.554224147640572,35.6149694071987],[1.5625581735220373,35.60746919614681],[1.5702590862599455,35.61537517081685],[1.5803188219428488,35.60712142234149],[1.5864634444518901,35.60706346211074],[1.5869405207616247,35.61457260338275],[1.596206600787353,35.61078679799133],[1.5971652668891538,35.60666214252299],[1.5998808632140984,35.59967025690856],[1.5942222874436607,35.59216116499712],[1.6000726258770355,35.589641747897666],[1.5983647766351214,35.58058529876392],[1.6301760182294416,35.56178570415868],[1.6342561124299735,35.54826573962922],[1.6504425935523066,35.54430602718749],[1.6593742023416722,35.54694584511667],[1.6710169011605418,35.54385121194185],[1.6776208587033492,35.5432135449968],[1.6810230945770126,35.53874552068469],[1.6959388396031212,35.5498621341832],[1.6964649690275662,35.556738050779614],[1.6898164615031082,35.57966228318452],[1.70306894352433,35.5739992354373],[1.7143950076278784,35.57329462992084],[1.7243745361328169,35.56584355146694],[1.7201116175905184,35.56160735542433],[1.7289673860472348,35.54413212844507],[1.7376046666331524,35.54211213550146],[1.7408687402354157,35.54785104640351],[1.7408731953607208,35.55520405528837],[1.7603193291136934,35.55833881598789],[1.781682893126138,35.55565893276095],[1.7920859550882462,35.55818721434708],[1.7974101594614176,35.554116087109165],[1.8055479665395593,35.55649280092344],[1.8212975000735208,35.55024114541326],[1.8272459634932736,35.55299241943927],[1.849282816041041,35.551150760766376],[1.854392944118866,35.55721960935674],[1.8851920158419524,35.55491868554605],[1.9067160642068772,35.56020273981077],[1.9159062576844612,35.55854398205129],[1.9288867045634626,35.56747999278438],[1.958026920752077,35.56782334774183],[1.968416671909957,35.572117452167134],[1.9704366347683984,35.58140132395245],[1.9811786237410718,35.58609229872707],[1.9866231712834166,35.597846497568696],[1.9944533477082238,35.597324760995214],[2.007790533772649,35.6016233343553],[2.015067728857301,35.6021940725656],[2.0250784133055815,35.6094758024487],[2.0351426278077196,35.60923944771897],[2.030099398754172,35.59491239236704],[2.0096098329553143,35.59039084457892],[2.0051552107724375,35.58420606089934],[2.0157054348228067,35.57480182094974],[2.078766003498887,35.58138792036657],[2.0833276618629943,35.57072624671819],[2.077040322520257,35.546259125532785],[2.128190735309183,35.55375932492866],[2.1645457675314463,35.56109455871563],[2.252920669857481,35.556095918029776],[2.254860355301687,35.60285406279141],[2.283153381419089,35.62055225768792],[2.287295885857624,35.63230192857613],[2.2726388261633517,35.63184268084635],[2.267247741814291,35.636199167573686],[2.225474878288604,35.6414163773653],[2.1539731887522584,35.66148234640842],[2.1424508846042634,35.68056282545034],[2.1498173367133093,35.69047986337283],[2.146530969315044,35.69374837822108],[2.148163032023193,35.70004464138914],[2.141416422849444,35.71334611450899],[2.1538260650893575,35.73580217340146],[2.1928119942339386,35.740956827583766],[2.214817678395393,35.731784486410355],[2.215379504535109,35.72513597474455],[2.241099571576205,35.71968699310997],[2.256858040954949,35.72908675790741],[2.2678631162736034,35.72897076487301],[2.283626009663406,35.757504610905166],[2.2794924831412366,35.786613638546655],[2.277093457674966,35.7951527942138],[2.293730366738502,35.806090999243786],[2.297756919572121,35.81680615451433],[2.312770693918779,35.84786831260556],[2.3121642625332943,35.88030824930194],[2.2971594099979273,35.88158353590449],[2.2902165594627504,35.873949582282236],[2.268991249333819,35.88864678055202],[2.2596806713938067,35.88382650636492],[2.2530366445325307,35.88815622618765],[2.237768624968247,35.88572605602397],[2.221885368802749,35.90329933972818],[2.21171410144284,35.91376929119961],[2.2134442883253183,35.918759023568875],[2.205119136614669,35.91897757446628],[2.1980782274867385,35.92887233555887],[2.161763261084723,35.932756155596635],[2.1549586973689934,35.93124902938024],[2.152474993223562,35.933960159835415],[2.1373407735367405,35.933375977193485],[2.136163559138673,35.935989033872076],[2.1366763811922906,35.94194191204054],[2.132649780615764,35.94281143189623],[2.1320166210284732,35.95273744632289],[2.124378133366536,35.95557336532847],[2.1291226440945863,35.96363991863119],[2.1188444037985774,35.96761297602539],[2.1138145578392478,35.964210720375476],[2.114171294585586,35.957606768942796],[2.0995275795715895,35.957976838333884],[2.0902482216238223,35.96120524730994],[2.0746324564721115,35.96159322313962],[2.064817983533868,35.95008873298592],[2.055395887152642,35.94769862021507],[2.0447118464126097,35.94978100743008],[2.0360701322566204,35.94593729798237],[2.0302733220483122,35.94009585016945],[2.0186439316682354,35.93562786854072],[1.9982792162211296,35.94542894521704],[1.9899184023000216,35.94302551386231],[1.9910554743053137,35.94990141707834],[1.9871359209365702,35.960670123157364],[1.9917867792533706,35.96325195771106],[1.9917333106186745,35.97493925606511],[1.9910599548462902,35.97940727309115],[1.9843356198701725,35.97029288919811],[1.9849777381411258,35.964277528287774],[1.9743115667320366,35.9557116426063],[1.946468958252344,35.95043206910271],[1.9442527791134263,35.94536649885946],[1.9396019091313759,35.94275798563962],[1.9367971525168672,35.9428158832427],[1.9318163212349397,35.935016946921564],[1.9177746450926072,35.92519800844484],[1.9087940328876427,35.92138097462439],[1.9003038906278171,35.904967073442315],[1.8778701530462,35.89707893475235],[1.8716229654321668,35.87009243568788],[1.8626512327034785,35.867742519644224],[1.8570728966004786,35.87398970611157],[1.857336002028332,35.86688632649162],[1.8373191033084206,35.863158505485124],[1.832382843345718,35.868032324151564],[1.8279906290697037,35.86545500053877],[1.8270185264430356,35.87399414796534],[1.8164014235773787,35.88465587030592],[1.8225415972344898,35.899950539785],[1.8100605676409782,35.905805380685905],[1.8104752555896715,35.90866367320979],[1.798814770227657,35.909408296685704],[1.7949843901418507,35.90688892620093],[1.788032646176965,35.916458173665326],[1.7626335978890495,35.91606127573118],[1.7322448431376032,35.92087709777871],[1.7288603439316763,35.92678545553102],[1.7166022746539822,35.92930485155894]]]}]},"id":"000000000000000008f5","properties":{"ADM1_CODE":386,"ADM1_NAME":"Tissemsilt"}},{"type":"Feature","geometry":{"type":"GeometryCollection","geometries":[{"type":"LineString","coordinates":[[4.1209005536123975,36.8948830365847],[4.1207355438897935,36.89779929466609]]},{"type":"LineString","coordinates":[[4.533193510019247,36.74004968888326],[4.531048627618582,36.73758377322328]]},{"type":"LineString","coordinates":[[4.535877820511694,36.7411912348464],[4.536381768009779,36.73781117799077]]},{"type":"Polygon","coordinates":[[[4.591184048400975,36.880257179429144],[4.566311187640216,36.882870183654106],[4.504374317090499,36.88790898998485],[4.478413381225913,36.90159401153249],[4.454468008277298,36.90394392804223],[4.4347454288323425,36.90996374224879],[4.41999921171309,36.90821128155217],[4.419794095932177,36.90590147545319],[4.421167515321044,36.902289634574004],[4.4186481152606225,36.89564107902424],[4.385757736633084,36.88999140797766],[4.3500180985545915,36.89438808510966],[4.32739702342914,36.89964978833075],[4.307183977226798,36.89589077193648],[4.296517749932402,36.90834060796867],[4.268893603613297,36.9014468191075],[4.2609787163057,36.90640979539337],[4.257108231416864,36.90465293703999],[4.23688624136571,36.90024288461771],[4.211491610915972,36.892412698632874],[4.191385513293368,36.89518182025434],[4.165290896172652,36.90404646004127],[4.158624545672006,36.90745321059493],[4.1480297153754275,36.90472875287766],[4.1479181940144,36.897536231219966],[4.129689439577216,36.89394215505075],[4.1209005536123975,36.8948830365847],[4.1056013562342315,36.89087426989061],[4.083274658633332,36.89506142938666],[4.0388798445101,36.89995305159124],[4.035954630795926,36.900925142639785],[4.03763129364752,36.87052741291241],[4.035165375006384,36.855914979046055],[4.040734840777704,36.85465303447157],[4.034456395384224,36.851388948874266],[4.033569054551542,36.84663559395805],[4.014305723192295,36.840214435650175],[4.013565480956568,36.82749709916893],[3.9910069128824275,36.81031169106391],[3.9758504193657203,36.81123033444649],[3.982235894516768,36.805152523925905],[3.9714805248523426,36.780569558578044],[3.9370250734754895,36.77180735308568],[3.9284635460651622,36.773412645891725],[3.926376712975055,36.7784024122211],[3.916700465176212,36.75949135813761],[3.9186401877149026,36.75616485115717],[3.9077153908422977,36.7565706686615],[3.8965319342308584,36.764877931827705],[3.893526485705261,36.774679056673385],[3.884996281533543,36.76980974107676],[3.866932452120878,36.76470852438758],[3.8702767316635613,36.75857724193421],[3.868154198860881,36.748562123258175],[3.858009744821292,36.74288120233834],[3.849417116026758,36.7299899811189],[3.850545266238703,36.72288659823485],[3.8461352246855705,36.719047305814875],[3.8493011110754503,36.704376875356935],[3.864676153746035,36.6948076460033],[3.8651577127588306,36.6886763490795],[3.8757614680299737,36.683691127097276],[3.8812505979295113,36.67600802478753],[3.873197464883916,36.676351415808846],[3.86063170264873,36.6744652537705],[3.833498088768831,36.69000072285142],[3.8183906638302347,36.6883954509279],[3.8200360476240247,36.67882621394655],[3.813699713686589,36.68077480986082],[3.8125625997133556,36.6779076665278],[3.820985836042538,36.67378294902904],[3.8202679250528733,36.657507286372194],[3.829458118362528,36.6439292734018],[3.827130514477176,36.63922942161011],[3.804273179755412,36.63779803820885],[3.7872839358981527,36.64553457408628],[3.7915379678817827,36.65596444048856],[3.7876228432218175,36.66163641333634],[3.7832306394441675,36.660949716768215],[3.7841848609556146,36.654992339136726],[3.7749500969093592,36.65401576790011],[3.77196698135107,36.648343809122494],[3.7548841138862548,36.65224549538462],[3.737631887810594,36.653222079204],[3.7315184512785295,36.64863366479539],[3.716781088441514,36.65047080997578],[3.7224129963269896,36.635416880801095],[3.7383230667839378,36.60381076837572],[3.7346576245459744,36.5952314383415],[3.730390299020322,36.586295421676446],[3.7240316553618453,36.582170767360026],[3.7380911748405286,36.55976377143428],[3.756007850159135,36.55282989455536],[3.7703036889189443,36.534774951199545],[3.7792486927321844,36.536112715297065],[3.7911455189306706,36.53478831590783],[3.793468767654738,36.537223043113926],[3.802980035914006,36.537637663318506],[3.8112382876423285,36.52566057056825],[3.81530498463121,36.516889504808525],[3.811336360665074,36.514829428646564],[3.8166650194746587,36.5040027291758],[3.824187495764266,36.502968202271305],[3.832967459627542,36.48864113358496],[3.844414000746989,36.48875261186693],[3.849243186345416,36.4729940955051],[3.8631511172729565,36.46927074783275],[3.883872578832747,36.472320787184714],[3.912450949433651,36.459527602971825],[3.931032018241516,36.45963464209934],[3.9401597742938392,36.45510418095081],[3.95460281361654,36.457226707959954],[3.9690904438893044,36.460205444251635],[3.98395262653782,36.458653663142165],[3.99312501365274,36.46386629967718],[4.027629552570009,36.461569914976295],[4.043472721781144,36.46816041651929],[4.065745874720116,36.463170702157434],[4.083051658303167,36.46631886232676],[4.090195162812569,36.47141557604013],[4.104847797352106,36.46706347158738],[4.114871792374548,36.4712416709025],[4.138112661533242,36.46907903853134],[4.161817238926762,36.47117928756466],[4.167038826602017,36.46820058741501],[4.166615236793453,36.46228780411811],[4.182792825762142,36.46161004285917],[4.230242178142105,36.48154664763902],[4.23688178234979,36.47638746225611],[4.242228178326751,36.46108827521442],[4.2986224720348,36.464285510290246],[4.305712446060114,36.468700024261274],[4.332966436662928,36.4701849085518],[4.3358425508919645,36.479468732377015],[4.3419114443885904,36.48066823155312],[4.344635891825083,36.47637412155999],[4.365036326760063,36.46903442826682],[4.38403653503154,36.48233147900676],[4.396071674221659,36.48542160553431],[4.403830524866759,36.48278627419851],[4.416636997726909,36.4929798189901],[4.4380541264541185,36.49303331207402],[4.44951848153786,36.49876323822319],[4.4638856615376525,36.52890234339986],[4.482810091745769,36.53778043181042],[4.505270612596436,36.54316252770267],[4.515990282401636,36.55038627325334],[4.524003296014594,36.56006701072457],[4.5337687025617806,36.56699640276423],[4.5424728557965395,36.57788558239512],[4.5535893673448,36.58596542081966],[4.553749902233924,36.58991622900576],[4.559520031237741,36.59216359579826],[4.540805159217184,36.61811113305082],[4.56228466987084,36.62698914535987],[4.571225161782068,36.63529646720523],[4.566239874655861,36.64131624340622],[4.578640614501811,36.65942024659147],[4.596419079624895,36.66388825643586],[4.603789930097643,36.67523219504535],[4.596209511169739,36.69179324761285],[4.577958424473852,36.69488791436073],[4.561348232772616,36.703658936563784],[4.519013553325151,36.71631830215256],[4.524743479819441,36.73896163620794],[4.529131229777845,36.74302838014751],[4.533193510019247,36.74004968888326],[4.535877820511694,36.7411912348464],[4.545210737130207,36.746863139953206],[4.546405761393937,36.751848450488765],[4.570043522309557,36.750185202075265],[4.586390549460741,36.75390413804568],[4.607401803317356,36.74759889347487],[4.6093370986420314,36.735055461262924],[4.619575191766933,36.73241570204072],[4.620698895683852,36.73877883604078],[4.641522896951535,36.74954759435811],[4.6397392062551575,36.75538896873345],[4.652648359821818,36.757052198015664],[4.641491683832751,36.77504916989612],[4.64007812663859,36.786674043054695],[4.654802074853383,36.79865121901961],[4.65102079173305,36.808853581314004],[4.626625001764287,36.81693796645814],[4.625483524707663,36.83699054842253],[4.603067568521044,36.845070414591085],[4.600994110989628,36.85125518282545],[4.593319974654883,36.85768074097072],[4.59386847940471,36.8727480371547],[4.591184048400975,36.880257179429144]]]}]},"id":"000000000000000008f6","properties":{"ADM1_CODE":387,"ADM1_NAME":"Tizi Ouzou"}},{"type":"Feature","geometry":{"type":"GeometryCollection","geometries":[{"type":"Point","coordinates":[-2.1321013464328384,35.092987053450464]},{"type":"Point","coordinates":[-1.8717789890894294,35.102953166879715]},{"type":"Point","coordinates":[-1.6322896021740052,35.218104965685754]},{"type":"LineString","coordinates":[[-1.6385279328301634,35.21248650931051],[-1.6357053136989896,35.2105646518309]]},{"type":"LineString","coordinates":[[-1.6458095928538146,34.10384248439874],[-1.6452522199013742,34.10645555692828]]},{"type":"LineString","coordinates":[[-1.8171014990226069,35.1271571173853],[-1.8173824397957066,35.12947140139052]]},{"type":"LineString","coordinates":[[-1.85900818029801,35.10532988792491],[-1.861491847240093,35.106640854171324],[-1.86247290381238,35.10448705948758],[-1.8649744141912978,35.10346147719766],[-1.870579520246173,35.10505335162628]]},{"type":"LineString","coordinates":[[-1.8624996344852585,35.101379126880126],[-1.86247290381238,35.10448705948758]]},{"type":"LineString","coordinates":[[-1.8664013701237985,35.100652263518604],[-1.8649744141912978,35.10346147719766]]},{"type":"Polygon","coordinates":[[[-1.6452522199013742,34.10645555692828],[-1.5672335631866643,34.15473649787061],[-1.54441414168769,34.17040351978522],[-1.5309609651162748,34.1702340649176],[-1.5212000108293784,34.18277305159388],[-1.4915559024148228,34.202540284902724],[-1.471498911237404,34.19829960706441],[-1.459410251955845,34.207351639273924],[-1.4260294410464118,34.2083816940542],[-1.4214276157291899,34.211931093424525],[-1.3391171324650932,34.20997360127218],[-1.3292268116210573,34.21799553593224],[-1.315956541622085,34.21828090760886],[-1.2960689183518082,34.20762358801882],[-1.276230416424272,34.20354350879093],[-1.2447580324182237,34.21042393392844],[-1.2215573227045138,34.2257186549816],[-1.2015894670418206,34.26239028981264],[-1.1733545085250212,34.265761416440256],[-1.130382144851114,34.282532075510275],[-1.0870396864560457,34.33067694637868],[-1.0799809190050538,34.341503685200045],[-1.0278406437690408,34.384128198829856],[-0.9717139381853237,34.407444893911695],[-0.9444911445959745,34.42273508488808],[-0.9433585283515923,34.430302227775734],[-0.9145125765824392,34.4465734626834],[-0.9013225368045323,34.46559597295828],[-0.899070712717181,34.47109403203251],[-0.8669696082860897,34.496934535136305],[-0.8558620336721112,34.501054736036174],[-0.8501811415204263,34.50976782151671],[-0.8624169313656397,34.52420639756501],[-0.867272886027707,34.53732511837957],[-0.9118014785290268,34.54461570447123],[-0.8732748309457306,34.57137034550781],[-0.8638571780861358,34.56792794730624],[-0.8347481922708493,34.58700390245482],[-0.8367547523386711,34.58935833974042],[-0.8237698586062221,34.60505439278205],[-0.8258031952429494,34.61095827002097],[-0.8201044862739881,34.61387891897282],[-0.8041186440043538,34.643674660592986],[-0.80173298999772,34.65278463244847],[-0.8055589341285386,34.65444788423438],[-0.803538955087957,34.661836555942976],[-0.7876065253886466,34.67633308429451],[-0.7794598125551226,34.69059776673168],[-0.7916821655482797,34.69707686738856],[-0.7912808696468309,34.71632676825021],[-0.7812835828689423,34.728821205969204],[-0.7674648177213248,34.716041382727425],[-0.772824608591224,34.7259540128584],[-0.772115631920081,34.73558563973571],[-0.7818855249214666,34.754657221065976],[-0.7965827530925726,34.752258214094795],[-0.8128227427510197,34.74612694761895],[-0.8178749415629878,34.748994174954575],[-0.8231768121636929,34.74355408668791],[-0.8374637687923088,34.749511395644326],[-0.8928769984699629,34.74247497786695],[-0.8876776729316295,34.75863030357335],[-0.8956505968312755,34.76344162346021],[-0.8956550363697451,34.78138508896796],[-0.8802309879471394,34.8111139191194],[-0.8813279550232705,34.822859139369655],[-0.8887924497009428,34.83243289196234],[-0.8792009803020654,34.847388663140684],[-0.8830982388917951,34.849604883805654],[-0.8736583151140366,34.85724327096562],[-0.8758967358187584,34.868070010498755],[-0.888988703042653,34.8762123597304],[-0.9272120941097665,34.854960242641106],[-0.9307793666635236,34.86040031343727],[-0.9242690640592999,34.876903461094436],[-0.8965112212947499,34.8932282581645],[-0.8936974650200962,34.901424036977716],[-0.9250450047832397,34.91437330128495],[-0.9476169312734294,34.901660385181415],[-0.955273185054154,34.913468100730036],[-0.9482768629719361,34.92303291919934],[-0.945101986319449,34.92239969898384],[-0.9453249607522264,34.927157582307636],[-0.949106310731691,34.92646638356956],[-0.9479513410074998,34.93546489563688],[-0.974817442307917,34.97358571509889],[-0.9694575879794388,34.98022089215068],[-0.9524461335109392,34.98915689054324],[-0.937606232947408,35.0031985698612],[-0.9154132819067144,35.05654279175348],[-0.945659424673741,35.05866531733755],[-0.9429437876113426,35.06737399603108],[-0.9683339067450649,35.080037828857066],[-0.9753748466066118,35.079070162447486],[-0.9830712838279053,35.087488951079216],[-0.9899605373274976,35.083422263507934],[-1.0135670666137182,35.09723659230205],[-1.01933269798024,35.09271056609579],[-1.0257181107743059,35.09752199015186],[-1.0405267888893817,35.09288893488788],[-1.0487672059024424,35.09689765625596],[-1.044317037888645,35.10005029243034],[-1.0465866937401809,35.10262759970009],[-1.0507113554772853,35.12577928914554],[-1.0537836970183314,35.12801326528346],[-1.0574891623866554,35.12565891375062],[-1.0595894339032446,35.12870000117005],[-1.070264514410153,35.1263500525321],[-1.0798738919369235,35.1366104430444],[-1.092114125877487,35.13541096375117],[-1.0952354674822522,35.13850557999458],[-1.1051257516079882,35.13563834941012],[-1.1149313225473563,35.139593545833314],[-1.1194305694192395,35.14790536336792],[-1.1336952201616135,35.14996542185774],[-1.1326785489392701,35.159878062439596],[-1.155598365402342,35.162401894266296],[-1.159856780068459,35.15913780793368],[-1.1712096479573213,35.15897285786948],[-1.171508430082657,35.16722659461834],[-1.1839047176723942,35.17587730977628],[-1.2032616332649166,35.17341137840676],[-1.2142176396117792,35.18499172307053],[-1.2189844804120913,35.191925593541406],[-1.222921818464754,35.1904317604599],[-1.225441201836419,35.1829851039389],[-1.2358755541709636,35.17972107316111],[-1.241917577747156,35.18631156598643],[-1.2479909330576442,35.18717216901871],[-1.258781915447137,35.20287269500763],[-1.2493197343308162,35.207340732577954],[-1.2633123923074439,35.20946327614793],[-1.2841854121413576,35.2040231112938],[-1.2941916368238104,35.20534299785988],[-1.3054330603979876,35.19984496172563],[-1.3054954631430613,35.19319647747643],[-1.3124293582394342,35.201445807660924],[-1.3326068302386938,35.20414349344454],[-1.3559011387808173,35.203800148109465],[-1.3593524701790698,35.201454678317305],[-1.3681012787734332,35.21429242064378],[-1.378990407502578,35.215037092668915],[-1.3925504762943355,35.20982442451257],[-1.396652850225692,35.2124597273442],[-1.4084784140276567,35.21085896403024],[-1.4165538385036747,35.21704368565951],[-1.419010813917073,35.21418094366359],[-1.4242369003512383,35.2166424196563],[-1.421490042260338,35.21022574478589],[-1.427362673280931,35.20644440665123],[-1.4274429471805772,35.19550179955288],[-1.4362318278865682,35.19721855754188],[-1.4391124319093105,35.189428470488004],[-1.455441674333014,35.1761358892234],[-1.451281334513171,35.1715563982866],[-1.4594191779834955,35.16593795372202],[-1.4674767493842833,35.164849894553846],[-1.4783971100359339,35.155855900509415],[-1.507639867671884,35.15563299031622],[-1.5148056751865484,35.168176409244126],[-1.532347799091638,35.17345600738975],[-1.5351748831747594,35.179471283353934],[-1.559744517810179,35.17998855885046],[-1.5561192249681925,35.197236398886936],[-1.5487929726390524,35.21115769595336],[-1.5519856804668704,35.21774822599118],[-1.5780312829398961,35.22614915560877],[-1.5877521101449301,35.2391430536159],[-1.5881578735770283,35.23520116024534],[-1.60849141075264,35.22956929414827],[-1.610319587666882,35.22106584451959],[-1.6159514753738973,35.22138683566916],[-1.6184752988354543,35.2203880634398],[-1.6357053136989896,35.2105646518309],[-1.6346529065355642,35.20798285196062],[-1.636895895009581,35.20492388071328],[-1.6450693693529603,35.2009061996587],[-1.643629114911226,35.1952342156714],[-1.648815070398691,35.19400802002115],[-1.650357900079429,35.18580327106746],[-1.658674137635319,35.17916811029061],[-1.6614744643744632,35.17603339635716],[-1.6879793602523352,35.18223148332087],[-1.7056596516299762,35.17252847881269],[-1.709458820100679,35.169616731886805],[-1.7170883574528402,35.1622458079818],[-1.7228227634632363,35.15549470998069],[-1.7247357114234456,35.15346141253664],[-1.7504379887131014,35.129828187612176],[-1.7680558546257252,35.12320191919922],[-1.770579695208293,35.121556478315334],[-1.7824721210184638,35.11894349798926],[-1.7827486031313113,35.1234784245487],[-1.7874841510709008,35.120571021416744],[-1.800268424790451,35.12326435863782],[-1.8066984382090192,35.13270873362264],[-1.8117907407615674,35.12672015904351],[-1.8171014990226069,35.1271571173853],[-1.8250877769907627,35.11567053087228],[-1.849924982970874,35.10640004281681],[-1.85900818029801,35.10532988792491],[-1.8624996344852585,35.101379126880126],[-1.8664013701237985,35.100652263518604],[-1.8740041179369713,35.09832015686883],[-1.886890881067496,35.09050334687157],[-1.9015033494084939,35.09078422370969],[-1.9059669342506846,35.08524609029223],[-1.9111083190089968,35.08449248604484],[-1.9124013994718572,35.087707456175885],[-1.9140022418842544,35.084818005704314],[-1.9383578563423827,35.083854836952305],[-1.9453630927696195,35.07720187951362],[-1.9691702193253025,35.07222550110591],[-1.9959828489820823,35.073768336433794],[-2.0125528580778793,35.07123110517925],[-2.0236604547949413,35.07881157756618],[-2.0396596846660136,35.07266692811638],[-2.076081664596706,35.072305772740535],[-2.111950647033222,35.082552745108],[-2.1195222371712443,35.08987462719722],[-2.1175958572071925,35.09271504302093],[-2.134170388954593,35.09090019658841],[-2.145554412827013,35.095225531746145],[-2.154071296444593,35.10180266212011],[-2.167154289351183,35.09841821937341],[-2.1697316979108763,35.09930112149716],[-2.1748596639222346,35.09097156100594],[-2.177459335113815,35.089941465411904],[-2.1899983373879017,35.08618249887119],[-2.1941051651129384,35.08763613654304],[-2.1986846339687443,35.08659269541505],[-2.20792833410298,35.08436758244255],[-2.215482098975736,35.06599165490365],[-2.208249424249547,35.05175822736568],[-2.187661732993772,35.03934857284734],[-2.1704183969945645,35.018907998803655],[-2.1547981544511687,35.01496167576522],[-2.125238807369292,34.99700935092308],[-2.1093197983488317,34.980394729648616],[-2.0791450576821844,34.955018029955774],[-2.033292086892611,34.93250848360699],[-2.009400280678724,34.93199119815152],[-1.986819325140258,34.93661084748874],[-1.9819321640629322,34.93483611880287],[-1.9708513420013294,34.88203147712652],[-1.962981001029402,34.87478984938323],[-1.8991891200114015,34.84654142074412],[-1.8827707023113627,34.812201964558675],[-1.8534119934291042,34.8065878971976],[-1.8263452244590799,34.79180154614426],[-1.8092713624713523,34.78014992130345],[-1.7458317352038033,34.75395271390624],[-1.7474592596331042,34.747888321944224],[-1.775930633511698,34.732771941886654],[-1.7765192611430283,34.70868838753515],[-1.8472004345813695,34.62546811921425],[-1.846558307484672,34.621281014909265],[-1.8369578892798921,34.622168398805634],[-1.8239506595067057,34.61630919556323],[-1.764368209918202,34.54036174424622],[-1.7494301783118036,34.523751591222016],[-1.7270410393862778,34.5121936138175],[-1.6913771427430597,34.50032351368932],[-1.7815624923464486,34.395079748733885],[-1.778931595170574,34.383410293268035],[-1.7616793640849124,34.36552038283378],[-1.7536975273723543,34.35077861397203],[-1.704473559991571,34.31006704626648],[-1.7104085713637385,34.29066101420664],[-1.7073675113069844,34.271834640791106],[-1.7124063073184868,34.23797671532237],[-1.6452522199013742,34.10645555692828]]]}]},"id":"000000000000000008f7","properties":{"ADM1_CODE":388,"ADM1_NAME":"Tlemcen"}}]}